mmsi,timestamp,latitude,longitude,sog,cog,heading,vessel_type
100000102,2026-08-24 10:00:00+00:00,22.0,68.0,5.68058203436628,153.43494882292592,153.43494882292592,tanker
100000102,2026-08-24 10:15:00+00:00,21.958333333333336,68.02083333333333,5.68058203436628,153.43494882292592,153.43494882292592,tanker
100000102,2026-08-24 10:30:00+00:00,21.916666666666668,68.04166666666667,5.680877056682021,153.43494882291225,153.43494882291225,tanker
100000102,2026-08-24 10:45:00+00:00,21.875,68.0625,5.681171618412808,153.4349488229279,153.4349488229279,tanker
100000102,2026-08-24 11:00:00+00:00,21.833333333333332,68.08333333333333,5.681465719009673,153.4349488229279,153.4349488229279,tanker
100000102,2026-08-24 11:15:00+00:00,21.791666666666668,68.10416666666667,5.681759357921731,153.43494882291031,153.43494882291031,tanker
100000102,2026-08-24 11:30:00+00:00,21.75,68.125,5.682052534598581,153.4349488229279,153.4349488229279,tanker
100000102,2026-08-24 11:45:00+00:00,21.708333333333336,68.14583333333334,5.682345248492786,153.43494882291031,153.43494882291031,tanker
100000102,2026-08-24 12:00:00+00:00,21.666666666666668,68.16666666666667,5.682637499055544,153.4349488229279,153.4349488229279,tanker
100000102,2026-08-24 12:15:00+00:00,21.625,68.1875,5.682929285741027,153.4349488229279,153.4349488229279,tanker
100000102,2026-08-24 12:30:00+00:00,21.583333333333332,68.20833333333334,5.683220608003885,153.43494882291225,153.43494882291225,tanker
100000102,2026-08-24 12:45:00+00:00,21.541666666666668,68.22916666666667,5.683511465296855,153.43494882292592,153.43494882292592,tanker
100000102,2026-08-24 13:00:00+00:00,21.5,68.25,5.683801857079346,153.4349488229279,153.4349488229279,tanker
100000102,2026-08-24 13:15:00+00:00,21.458333333333332,68.27083333333333,5.684091782806576,153.4349488229279,153.4349488229279,tanker
100000102,2026-08-24 13:30:00+00:00,21.416666666666664,68.29166666666666,5.684381241936991,153.4349488229279,153.4349488229279,tanker
100000102,2026-08-24 13:45:00+00:00,21.375,68.3125,5.684670233929886,153.43494882291031,153.43494882291031,tanker
100000102,2026-08-24 14:00:00+00:00,21.333333333333332,68.33333333333333,5.684958758244338,153.4349488229279,153.4349488229279,tanker
100000102,2026-08-24 14:15:00+00:00,21.291666666666668,68.35416666666666,5.685246814341732,153.43494882292592,153.43494882292592,tanker
100000102,2026-08-24 14:30:00+00:00,21.25,68.375,5.685534401685522,153.43494882291225,153.43494882291225,tanker
100000102,2026-08-24 14:45:00+00:00,21.208333333333332,68.39583333333333,5.685821519735249,153.4349488229279,153.4349488229279,tanker
100000102,2026-08-24 15:00:00+00:00,21.166666666666664,68.41666666666666,5.686108167957155,153.4349488229279,153.4349488229279,tanker
100000102,2026-08-24 15:15:00+00:00,21.125,68.4375,5.686394345815563,153.43494882291031,153.43494882291031,tanker
100000102,2026-08-24 15:30:00+00:00,21.083333333333332,68.45833333333333,5.686680052775269,153.4349488229279,153.4349488229279,tanker
100000102,2026-08-24 15:45:00+00:00,21.041666666666668,68.47916666666667,5.6869652883040835,153.43494882291031,153.43494882291031,tanker
100000102,2026-08-24 16:00:00+00:00,21.0,68.5,5.6872500518684195,153.4349488229279,153.4349488229279,tanker
100000102,2026-08-24 16:15:00+00:00,20.958333333333332,68.52083333333333,5.68753434293771,153.4349488229279,153.4349488229279,tanker
100000102,2026-08-24 16:30:00+00:00,20.916666666666664,68.54166666666667,5.687818160981856,153.43494882291225,153.43494882291225,tanker
100000102,2026-08-24 16:45:00+00:00,20.875,68.5625,5.688101505468842,153.43494882292592,153.43494882292592,tanker
100000102,2026-08-24 17:00:00+00:00,20.833333333333336,68.58333333333333,5.688384375872975,153.43494882292592,153.43494882292592,tanker
100000102,2026-08-24 17:15:00+00:00,20.791666666666668,68.60416666666667,5.688666771666632,153.43494882291225,153.43494882291225,tanker
100000102,2026-08-24 17:30:00+00:00,20.75,68.625,5.688948692320279,153.4349488229279,153.4349488229279,tanker
100000102,2026-08-24 17:45:00+00:00,20.708333333333332,68.64583333333334,5.689230137311398,153.43494882291225,153.43494882291225,tanker
100000102,2026-08-24 18:00:00+00:00,20.666666666666668,68.66666666666667,5.689511106112072,153.43494882292592,153.43494882292592,tanker
100000102,2026-08-24 18:15:00+00:00,20.625,68.6875,5.689791598201812,153.4349488229279,153.4349488229279,tanker
100000102,2026-08-24 18:30:00+00:00,20.583333333333336,68.70833333333334,5.690071613056216,153.43494882291031,153.43494882291031,tanker
100000102,2026-08-24 18:45:00+00:00,20.541666666666668,68.72916666666667,5.69035115015294,153.4349488229279,153.4349488229279,tanker
100000102,2026-08-24 19:00:00+00:00,20.5,68.75,5.690630208971995,153.4349488229279,153.4349488229279,tanker
100000102,2026-08-24 19:15:00+00:00,20.458333333333332,68.77083333333333,5.6909087889931635,153.4349488229279,153.4349488229279,tanker
100000102,2026-08-24 19:30:00+00:00,20.416666666666668,68.79166666666666,5.691186889697096,153.43494882292592,153.43494882292592,tanker
100000102,2026-08-24 19:45:00+00:00,20.375,68.8125,5.691464510567695,153.43494882291225,153.43494882291225,tanker
100000102,2026-08-24 20:00:00+00:00,20.333333333333336,68.83333333333333,5.69174165108425,153.43494882292592,153.43494882292592,tanker
100000102,2026-08-24 20:15:00+00:00,20.291666666666668,68.85416666666666,5.692018310734393,153.4349488229279,153.4349488229279,tanker
100000102,2026-08-24 20:30:00+00:00,20.25,68.875,5.692294489001844,153.43494882291225,153.43494882291225,tanker
100000102,2026-08-24 20:45:00+00:00,20.208333333333332,68.89583333333333,5.692570185370778,153.4349488229279,153.4349488229279,tanker
100000102,2026-08-24 21:00:00+00:00,20.166666666666668,68.91666666666666,5.692845399329747,153.43494882292592,153.43494882292592,tanker
100000102,2026-08-24 21:15:00+00:00,20.125,68.9375,5.69312013036776,153.43494882291225,153.43494882291225,tanker
100000102,2026-08-24 21:30:00+00:00,20.083333333333336,68.95833333333333,5.69339437796991,153.43494882292592,153.43494882292592,tanker
100000102,2026-08-24 21:45:00+00:00,20.045217803030305,68.98035037878788,5.363571467343652,149.98756197105592,149.98756197105592,tanker
100000102,2026-08-24 22:00:00+00:00,20.011363636363637,69.00378787878788,4.995077838948783,145.30484646876695,145.30484646876695,tanker
100000102,2026-08-24 22:15:00+00:00,19.989583333333332,69.03125,4.176643617493904,128.4180553448204,128.4180553448204,tanker
100000102,2026-08-24 22:30:00+00:00,19.979166666666668,69.0625,3.854149412004405,108.4349488229181,108.4349488229181,tanker
100000102,2026-08-24 22:45:00+00:00,19.96875,69.09375,3.854375762424985,108.43494882292397,108.43494882292397,tanker
100000102,2026-08-24 23:00:00+00:00,19.958333333333332,69.125,3.8546020013533173,108.43494882292397,108.43494882292397,tanker
100000102,2026-08-24 23:15:00+00:00,19.947916666666664,69.15625,3.8548281287792716,108.43494882292397,108.43494882292397,tanker
100000102,2026-08-24 23:30:00+00:00,19.9375,69.1875,3.855054144692425,108.4349488229181,108.4349488229181,tanker
100000102,2026-08-24 23:45:00+00:00,19.927083333333332,69.21875,3.8552800490829533,108.43494882292397,108.43494882292397,tanker
100000102,2026-08-25 00:00:00+00:00,19.916666666666668,69.25,3.855505841940007,108.4349488229181,108.4349488229181,tanker
100000102,2026-08-25 00:15:00+00:00,19.90625,69.28125,3.8557315232539175,108.43494882292397,108.43494882292397,tanker
100000102,2026-08-25 00:30:00+00:00,19.895833333333336,69.3125,3.8559570930138483,108.4349488229181,108.4349488229181,tanker
100000102,2026-08-25 00:45:00+00:00,19.885416666666668,69.34375,3.8561825512101415,108.43494882292397,108.43494882292397,tanker
100000102,2026-08-25 01:00:00+00:00,19.875,69.375,3.856407897832118,108.43494882292397,108.43494882292397,tanker
100000102,2026-08-25 01:15:00+00:00,19.864583333333332,69.40625,3.856633132869693,108.43494882292397,108.43494882292397,tanker
100000102,2026-08-25 01:30:00+00:00,19.854166666666668,69.4375,3.8568582563124907,108.4349488229181,108.4349488229181,tanker
100000102,2026-08-25 01:45:00+00:00,19.84375,69.46875,3.8570832681507317,108.43494882292397,108.43494882292397,tanker
100000102,2026-08-25 02:00:00+00:00,19.833333333333332,69.5,3.8573081683737582,108.43494882292397,108.43494882292397,tanker
100000102,2026-08-25 02:15:00+00:00,19.822916666666664,69.53125,3.857532956971509,108.43494882292397,108.43494882292397,tanker
100000102,2026-08-25 02:30:00+00:00,19.8125,69.5625,3.8577576339336312,108.4349488229181,108.4349488229181,tanker
100000102,2026-08-25 02:45:00+00:00,19.802083333333332,69.59375,3.857982199250367,108.43494882292397,108.43494882292397,tanker
100000102,2026-08-25 03:00:00+00:00,19.791666666666668,69.625,3.8582066529109382,108.4349488229181,108.4349488229181,tanker
100000102,2026-08-25 03:15:00+00:00,19.78125,69.65625,3.8584309949057425,108.43494882292397,108.43494882292397,tanker
100000102,2026-08-25 03:30:00+00:00,19.770833333333336,69.6875,3.8586552252240125,108.4349488229181,108.4349488229181,tanker
100000102,2026-08-25 03:45:00+00:00,19.760416666666668,69.71875,3.8588793438561586,108.43494882292397,108.43494882292397,tanker
100000102,2026-08-25 04:00:00+00:00,19.75,69.75,3.8591033507915724,108.43494882292397,108.43494882292397,tanker
100000102,2026-08-25 04:15:00+00:00,19.739583333333332,69.78125,3.859327246020234,108.43494882292397,108.43494882292397,tanker
100000102,2026-08-25 04:30:00+00:00,19.729166666666668,69.8125,3.85955102953184,108.4349488229181,108.4349488229181,tanker
100000102,2026-08-25 04:45:00+00:00,19.71875,69.84375,3.859774701316676,108.43494882292397,108.43494882292397,tanker
100000102,2026-08-25 05:00:00+00:00,19.708333333333332,69.875,3.8599982613641557,108.43494882292397,108.43494882292397,tanker
100000102,2026-08-25 05:15:00+00:00,19.697916666666664,69.90625,3.860221709664285,108.43494882292397,108.43494882292397,tanker
100000102,2026-08-25 05:30:00+00:00,19.6875,69.9375,3.86044504620678,108.4349488229181,108.4349488229181,tanker
100000102,2026-08-25 05:45:00+00:00,19.677083333333336,69.96875,3.860668270981805,108.4349488229181,108.4349488229181,tanker
100000102,2026-08-25 06:00:00+00:00,19.666666666666668,70.0,3.8608913839792347,108.43494882292397,108.43494882292397,tanker
100000102,2026-08-25 06:15:00+00:00,19.65625,70.03125,3.8611143851886576,108.43494882292397,108.43494882292397,tanker
100000102,2026-08-25 06:30:00+00:00,19.645833333333336,70.0625,3.8613372745999617,108.4349488229181,108.4349488229181,tanker
100000102,2026-08-25 06:45:00+00:00,19.635416666666668,70.09375,3.861560052203478,108.43494882292397,108.43494882292397,tanker
100000102,2026-08-25 07:00:00+00:00,19.625,70.125,3.8617827179886657,108.43494882292397,108.43494882292397,tanker
100000102,2026-08-25 07:15:00+00:00,19.614583333333332,70.15625,3.862005271945577,108.43494882292397,108.43494882292397,tanker
100000102,2026-08-25 07:30:00+00:00,19.604166666666668,70.1875,3.8622277140639723,108.4349488229181,108.4349488229181,tanker
100000102,2026-08-25 07:45:00+00:00,19.59375,70.21875,3.86245004433421,108.43494882292397,108.43494882292397,tanker
100000102,2026-08-25 08:00:00+00:00,19.583333333333332,70.25,3.862672262745769,108.43494882292397,108.43494882292397,tanker
100000102,2026-08-25 08:15:00+00:00,19.572916666666664,70.28125,3.8628943692887243,108.43494882292397,108.43494882292397,tanker
100000102,2026-08-25 08:30:00+00:00,19.5625,70.3125,3.8631163639528627,108.4349488229181,108.4349488229181,tanker
100000102,2026-08-25 08:45:00+00:00,19.552083333333336,70.34375,3.8633382467284134,108.4349488229181,108.4349488229181,tanker
100000102,2026-08-25 09:00:00+00:00,19.541666666666668,70.375,3.863560017605322,108.43494882292397,108.43494882292397,tanker
100000102,2026-08-25 09:15:00+00:00,19.53125,70.40625,3.8637816765732453,108.43494882292397,108.43494882292397,tanker
100000102,2026-08-25 09:30:00+00:00,19.520833333333336,70.4375,3.8640032236221376,108.4349488229181,108.4349488229181,tanker
100000102,2026-08-25 09:45:00+00:00,19.510416666666668,70.46875,3.8642246587424003,108.43494882292397,108.43494882292397,tanker
100000102,2026-08-25 10:00:00+00:00,19.5,70.48989898989899,2.782028129874692,116.22196677755736,116.22196677755736,tanker
100000102,2026-08-25 10:15:00+00:00,19.489583333333332,70.51041666666667,2.7171439773886235,116.91655461694832,116.91655461694832,tanker
100000102,2026-08-25 10:30:00+00:00,19.479166666666668,70.52083333333333,1.7706775992919075,135.00000000001953,135.00000000001953,tanker
100000102,2026-08-25 10:45:00+00:00,19.46875,70.53125,1.7707311947666755,134.99999999999022,134.99999999999022,tanker
100000102,2026-08-25 11:00:00+00:00,19.458333333333332,70.54166666666667,1.7707847645230266,134.99999999999022,134.99999999999022,tanker
100000102,2026-08-25 11:15:00+00:00,19.447916666666664,70.55208333333333,1.770838308556532,135.0000000000293,135.0000000000293,tanker
100000102,2026-08-25 11:30:00+00:00,19.4375,70.5625,1.7708918268655371,134.99999999998045,134.99999999998045,tanker
100000102,2026-08-25 11:45:00+00:00,19.427083333333336,70.57291666666667,1.7709453194425278,134.99999999998045,134.99999999998045,tanker
100000102,2026-08-25 12:00:00+00:00,19.416666666666668,70.58333333333333,1.7709987862827623,135.0000000000293,135.0000000000293,tanker
100000102,2026-08-25 12:15:00+00:00,19.40625,70.59375,1.7710522273842764,134.99999999999022,134.99999999999022,tanker
100000102,2026-08-25 12:30:00+00:00,19.395833333333336,70.60416666666667,1.7711056427389222,134.99999999998045,134.99999999998045,tanker
100000102,2026-08-25 12:45:00+00:00,19.385416666666668,70.61458333333334,1.7711590323440636,134.99999999999022,134.99999999999022,tanker
100000102,2026-08-25 13:00:00+00:00,19.375,70.625,1.7712123961928743,135.0000000000293,135.0000000000293,tanker
100000102,2026-08-25 13:15:00+00:00,19.364583333333332,70.63541666666667,1.7712657342843598,134.99999999999022,134.99999999999022,tanker
100000102,2026-08-25 13:30:00+00:00,19.354166666666668,70.64583333333334,1.7713190466100628,134.99999999998045,134.99999999998045,tanker
100000102,2026-08-25 13:45:00+00:00,19.34375,70.65625,1.7713723331662194,135.0000000000293,135.0000000000293,tanker
100000102,2026-08-25 14:00:00+00:00,19.333333333333332,70.66666666666667,1.771425593950566,134.99999999999022,134.99999999999022,tanker
100000102,2026-08-25 14:15:00+00:00,19.322916666666668,70.67708333333334,1.7714788289549719,134.99999999998045,134.99999999998045,tanker
100000102,2026-08-25 14:30:00+00:00,19.3125,70.6875,1.7715320381756807,135.0000000000293,135.0000000000293,tanker
100000102,2026-08-25 14:45:00+00:00,19.302083333333336,70.69791666666667,1.7715852216101187,134.99999999998045,134.99999999998045,tanker
100000102,2026-08-25 15:00:00+00:00,19.291666666666668,70.70833333333334,1.7716383792514399,134.99999999999022,134.99999999999022,tanker
100000102,2026-08-25 15:15:00+00:00,19.28125,70.71875,1.771691511093979,135.0000000000293,135.0000000000293,tanker
100000102,2026-08-25 15:30:00+00:00,19.270833333333336,70.72916666666667,1.7717446171364486,134.99999999998045,134.99999999998045,tanker
100000102,2026-08-25 15:45:00+00:00,19.260416666666668,70.73958333333334,1.7717976973716902,134.99999999999022,134.99999999999022,tanker
100000102,2026-08-25 16:00:00+00:00,19.25,70.75,1.7718507517940472,135.0000000000293,135.0000000000293,tanker
100000102,2026-08-25 16:15:00+00:00,19.239583333333332,70.76041666666667,1.7719037804025604,134.99999999999022,134.99999999999022,tanker
100000102,2026-08-25 16:30:00+00:00,19.229166666666668,70.77083333333333,1.7719567831876606,135.00000000001953,135.00000000001953,tanker
100000102,2026-08-25 16:45:00+00:00,19.21875,70.78125,1.7720097601501736,134.99999999999022,134.99999999999022,tanker
100000102,2026-08-25 17:00:00+00:00,19.208333333333332,70.79166666666666,1.7720627112798952,135.0000000000293,135.0000000000293,tanker
100000102,2026-08-25 17:15:00+00:00,19.197916666666664,70.80208333333333,1.7721156365770172,134.99999999999022,134.99999999999022,tanker
100000102,2026-08-25 17:30:00+00:00,19.1875,70.8125,1.7721685360331205,134.99999999998045,134.99999999998045,tanker
100000102,2026-08-25 17:45:00+00:00,19.177083333333332,70.82291666666666,1.7722214096444828,135.0000000000293,135.0000000000293,tanker
100000102,2026-08-25 18:00:00+00:00,19.166666666666668,70.83333333333333,1.7722742574085681,134.99999999998045,134.99999999998045,tanker
100000102,2026-08-25 18:15:00+00:00,19.15625,70.84375,1.7723270793185608,134.99999999999022,134.99999999999022,tanker
100000102,2026-08-25 18:30:00+00:00,19.145833333333336,70.85416666666666,1.772379875368511,135.00000000001953,135.00000000001953,tanker
100000102,2026-08-25 18:45:00+00:00,19.135416666666668,70.86458333333333,1.7724326455584472,134.99999999999022,134.99999999999022,tanker
100000102,2026-08-25 19:00:00+00:00,19.125,70.875,1.7724853898793242,134.99999999999022,134.99999999999022,tanker
100000102,2026-08-25 19:15:00+00:00,19.114583333333332,70.88541666666666,1.7725381083267977,135.0000000000293,135.0000000000293,tanker
100000102,2026-08-25 19:30:00+00:00,19.104166666666668,70.89583333333333,1.7725908008993074,134.99999999998045,134.99999999998045,tanker
100000102,2026-08-25 19:45:00+00:00,19.09375,70.90625,1.772643467589732,134.99999999999022,134.99999999999022,tanker
100000102,2026-08-25 20:00:00+00:00,19.083333333333332,70.91666666666666,1.772696108392457,135.0000000000293,135.0000000000293,tanker
100000102,2026-08-25 20:15:00+00:00,19.072916666666664,70.92708333333333,1.7727487233065706,134.99999999999022,134.99999999999022,tanker
100000102,2026-08-25 20:30:00+00:00,19.0625,70.9375,1.7728013123236805,134.99999999998045,134.99999999998045,tanker
100000102,2026-08-25 20:45:00+00:00,19.052083333333332,70.94791666666667,1.7728538754412368,134.99999999999022,134.99999999999022,tanker
100000102,2026-08-25 21:00:00+00:00,19.041666666666668,70.95833333333333,1.7729064126521756,135.00000000001953,135.00000000001953,tanker
100000102,2026-08-25 21:15:00+00:00,19.03125,70.96875,1.7729589239565555,134.99999999999022,134.99999999999022,tanker
100000102,2026-08-25 21:30:00+00:00,19.020833333333336,70.97916666666667,1.7730114093450347,134.99999999998045,134.99999999998045,tanker
100000102,2026-08-25 21:45:00+00:00,19.010416666666668,70.98958333333333,1.773063868814253,135.0000000000293,135.0000000000293,tanker
100000102,2026-08-25 22:00:00+00:00,18.99621212121212,71.01136363636364,3.0942394312876016,123.11134196036403,123.11134196036403,tanker
100000102,2026-08-25 22:15:00+00:00,18.977982954545453,71.0452178030303,4.5563414817405885,118.30075576601465,118.30075576601465,tanker
100000102,2026-08-25 22:30:00+00:00,18.958333333333332,71.08333333333333,5.077660866757048,117.27237054562161,117.27237054562161,tanker
100000102,2026-08-25 22:45:00+00:00,18.9375,71.125,5.5133855929195175,116.56505117707407,116.56505117707407,tanker
100000102,2026-08-25 23:00:00+00:00,18.916666666666664,71.16666666666667,5.513923534288292,116.56505117707799,116.56505117707799,tanker
100000102,2026-08-25 23:15:00+00:00,18.895833333333332,71.20833333333334,5.514460920514758,116.56505117707407,116.56505117707407,tanker
100000102,2026-08-25 23:30:00+00:00,18.875,71.25,5.514997751476192,116.5650511770819,116.5650511770819,tanker
100000102,2026-08-25 23:45:00+00:00,18.854166666666668,71.29166666666666,5.515534027053595,116.5650511770819,116.5650511770819,tanker
100000102,2026-08-26 00:00:00+00:00,18.833333333333332,71.33333333333333,5.516069747125593,116.56505117707799,116.56505117707799,tanker
100000102,2026-08-26 00:15:00+00:00,18.8125,71.375,5.51660491156719,116.56505117707407,116.56505117707407,tanker
100000102,2026-08-26 00:30:00+00:00,18.791666666666668,71.41666666666666,5.517139520257711,116.5650511770819,116.5650511770819,tanker
100000102,2026-08-26 00:45:00+00:00,18.770833333333336,71.45833333333333,5.5176735730802156,116.56505117707407,116.56505117707407,tanker
100000102,2026-08-26 01:00:00+00:00,18.75,71.5,5.518207069909495,116.56505117707799,116.56505117707799,tanker
100000102,2026-08-26 01:15:00+00:00,18.729166666666668,71.54166666666667,5.518740010625553,116.56505117707407,116.56505117707407,tanker
100000102,2026-08-26 01:30:00+00:00,18.708333333333332,71.58333333333333,5.519272395107023,116.5650511770858,116.5650511770858,tanker
100000102,2026-08-26 01:45:00+00:00,18.6875,71.625,5.519804223236937,116.56505117707407,116.56505117707407,tanker
100000102,2026-08-26 02:00:00+00:00,18.666666666666668,71.66666666666667,5.5203354948910786,116.56505117707407,116.56505117707407,tanker
100000102,2026-08-26 02:15:00+00:00,18.645833333333336,71.70833333333334,5.520866209950436,116.56505117707407,116.56505117707407,tanker
100000102,2026-08-26 02:30:00+00:00,18.625,71.75,5.521396368293617,116.5650511770858,116.5650511770858,tanker
100000102,2026-08-26 02:45:00+00:00,18.604166666666668,71.79166666666666,5.521925969802964,116.5650511770819,116.5650511770819,tanker
100000102,2026-08-26 03:00:00+00:00,18.583333333333332,71.83333333333333,5.522455014359462,116.56505117707799,116.56505117707799,tanker
100000102,2026-08-26 03:15:00+00:00,18.5625,71.875,5.522983501839652,116.56505117707407,116.56505117707407,tanker
100000102,2026-08-26 03:30:00+00:00,18.541666666666668,71.91666666666666,5.523511432124596,116.5650511770819,116.5650511770819,tanker
100000102,2026-08-26 03:45:00+00:00,18.520833333333336,71.95833333333333,5.524038805099109,116.56505117707407,116.56505117707407,tanker
100000102,2026-08-26 04:00:00+00:00,18.5,72.0,5.524565620639718,116.56505117707799,116.56505117707799,tanker
100000102,2026-08-26 04:15:00+00:00,18.479166666666668,72.04166666666667,5.525091878628166,116.56505117707407,116.56505117707407,tanker
100000102,2026-08-26 04:30:00+00:00,18.458333333333332,72.08333333333333,5.525617578944833,116.5650511770858,116.5650511770858,tanker
100000102,2026-08-26 04:45:00+00:00,18.4375,72.125,5.526142721474496,116.56505117707407,116.56505117707407,tanker
100000102,2026-08-26 05:00:00+00:00,18.416666666666668,72.16666666666667,5.5266673060946685,116.56505117707407,116.56505117707407,tanker
100000102,2026-08-26 05:15:00+00:00,18.395833333333336,72.20833333333334,5.527191332688086,116.56505117707407,116.56505117707407,tanker
100000102,2026-08-26 05:30:00+00:00,18.375,72.25,5.52771480113509,116.5650511770858,116.5650511770858,tanker
100000102,2026-08-26 05:45:00+00:00,18.354166666666668,72.29166666666667,5.528237711321245,116.56505117707407,116.56505117707407,tanker
100000102,2026-08-26 06:00:00+00:00,18.333333333333332,72.33333333333333,5.528760063123371,116.5650511770858,116.5650511770858,tanker
100000102,2026-08-26 06:15:00+00:00,18.3125,72.375,5.529281856428592,116.56505117707407,116.56505117707407,tanker
100000102,2026-08-26 06:30:00+00:00,18.291666666666668,72.41666666666666,5.529803091113813,116.5650511770819,116.5650511770819,tanker
100000102,2026-08-26 06:45:00+00:00,18.270833333333336,72.45833333333333,5.530323767067063,116.56505117707407,116.56505117707407,tanker
100000102,2026-08-26 07:00:00+00:00,18.25,72.5,5.5308438841666,116.56505117707799,116.56505117707799,tanker
100000102,2026-08-26 07:15:00+00:00,18.229166666666668,72.54166666666667,5.531363442295906,116.56505117707407,116.56505117707407,tanker
100000102,2026-08-26 07:30:00+00:00,18.208333333333332,72.58333333333333,5.531882441337092,116.5650511770858,116.5650511770858,tanker
100000102,2026-08-26 07:45:00+00:00,18.1875,72.625,5.53240088117668,116.56505117707407,116.56505117707407,tanker
100000102,2026-08-26 08:00:00+00:00,18.166666666666668,72.66666666666667,5.532918761693909,116.56505117707407,116.56505117707407,tanker
100000102,2026-08-26 08:15:00+00:00,18.145833333333336,72.70833333333333,5.5334360827717735,116.5650511770819,116.5650511770819,tanker
100000102,2026-08-26 08:30:00+00:00,18.125,72.75,5.533952844298255,116.56505117707799,116.56505117707799,tanker
100000102,2026-08-26 08:45:00+00:00,18.104166666666668,72.79166666666666,5.534469046150317,116.5650511770819,116.5650511770819,tanker
100000102,2026-08-26 09:00:00+00:00,18.083333333333332,72.83333333333333,5.534984688218325,116.56505117707799,116.56505117707799,tanker
100000102,2026-08-26 09:15:00+00:00,18.0625,72.875,5.535499770380799,116.56505117707407,116.56505117707407,tanker
100000102,2026-08-26 09:30:00+00:00,18.041666666666668,72.91666666666666,5.536014292522276,116.5650511770819,116.5650511770819,tanker
100000102,2026-08-26 09:45:00+00:00,18.020833333333336,72.95833333333333,5.536528254531049,116.56505117707407,116.56505117707407,tanker
100000102,2026-08-26 10:00:00+00:00,18.0,73.0,5.5370416562871,116.56505117707799,116.56505117707799,tanker
100001860,2026-08-24 10:00:00+00:00,20.387400631785948,71.89845500136384,7.020970655499486,32.65164657314287,32.65164657314287,fishing
100001860,2026-08-24 10:15:00+00:00,20.43606051843584,71.92963613434517,7.020970655499486,32.65164657314287,32.65164657314287,fishing
100001860,2026-08-24 10:30:00+00:00,20.484315447312067,71.96153594249186,7.020994149933209,33.467430421947704,33.467430421947704,fishing
100001860,2026-08-24 10:45:00+00:00,20.533514062187304,71.99175819236538,7.020943347247514,31.562017805157005,31.562017805157005,fishing
100001860,2026-08-24 11:00:00+00:00,20.582633617799,72.02213649127997,7.020949358232883,31.73498021431902,31.73498021431902,fishing
100001860,2026-08-24 11:15:00+00:00,20.631910765245387,72.05223189614026,7.020941732530913,31.413979843280362,31.413979843280362,fishing
100001860,2026-08-24 11:30:00+00:00,20.681166050467812,72.08237790380342,7.020944465982723,31.46813277393196,31.46813277393196,fishing
100001860,2026-08-24 11:45:00+00:00,20.730836983969663,72.1117440208073,7.020921322494124,30.592144517166545,30.592144517166545,fishing
100001860,2026-08-24 12:00:00+00:00,20.781009183672573,72.14012863021578,7.020891991970036,29.498740951765672,29.498740951765672,fishing
100001860,2026-08-24 12:15:00+00:00,20.831289784783948,72.16830233924361,7.020886529433075,29.26320053225865,29.26320053225865,fishing
100001860,2026-08-24 12:30:00+00:00,20.881364750782883,72.19690175593554,7.020900770604063,29.732071131963107,29.732071131963107,fishing
100001860,2026-08-24 12:45:00+00:00,20.93213796122334,72.22406351564952,7.020857430768115,28.14510732376573,28.14510732376573,fishing
100001860,2026-08-24 13:00:00+00:00,20.982784384542494,72.25150456098707,7.020866992779809,28.44954593473887,28.44954593473887,fishing
100001860,2026-08-24 13:15:00+00:00,21.033461762149322,72.27888927410825,7.0208662509099655,28.38561334406518,28.38561334406518,fishing
100001860,2026-08-24 13:30:00+00:00,21.083087607200223,72.30841166464671,7.020934121560262,30.748392801484712,30.748392801484712,fishing
100001860,2026-08-24 13:45:00+00:00,21.13281383757658,72.33774922055979,7.020929384245573,30.53981850932015,30.53981850932015,fishing
100001860,2026-08-24 14:00:00+00:00,21.183033284573856,72.36611430889558,7.020899793758152,29.458751361330435,29.458751361330435,fishing
100001860,2026-08-24 14:15:00+00:00,21.23137622498616,72.3980200172074,7.0210137199527125,33.424289119109545,33.424289119109545,fishing
100001860,2026-08-24 14:30:00+00:00,21.281700474549186,72.42618949739273,7.020895678663124,29.238338241063694,29.238338241063694,fishing
100001860,2026-08-24 14:45:00+00:00,21.330960902760523,72.45645742836818,7.0209635532643,31.568527924801593,31.568527924801593,fishing
100001860,2026-08-24 15:00:00+00:00,21.379436346885846,72.48816284113812,7.02101105412342,33.18673279653589,33.18673279653589,fishing
100001860,2026-08-24 15:15:00+00:00,21.429010468282293,72.51785453145462,7.020947288124917,30.91887963816672,30.91887963816672,fishing
100001860,2026-08-24 15:30:00+00:00,21.47745586639328,72.5496341927658,7.021015945650972,33.26444489636868,33.26444489636868,fishing
100001860,2026-08-24 15:45:00+00:00,21.525511999495055,72.58209991523715,7.021039464490636,34.042140910428536,34.042140910428536,fishing
100001860,2026-08-24 16:00:00+00:00,21.57397117758247,72.61387641139166,7.021018291940202,33.25435494398609,33.25435494398609,fishing
100001860,2026-08-24 16:15:00+00:00,21.6235856667778,72.6435298809612,7.020950414078777,30.8658159399669,30.8658159399669,fishing
100001860,2026-08-24 16:30:00+00:00,21.672645759075664,72.67424258494759,7.020986005293841,32.04747753726225,32.04747753726225,fishing
100001860,2026-08-24 16:45:00+00:00,21.722392788359077,72.7036581362671,7.020944884241595,30.595938306881933,30.595938306881933,fishing
100001860,2026-08-24 17:00:00+00:00,21.77339616729295,72.73047448590576,7.020862587807451,27.734313801198407,27.734313801198407,fishing
100001860,2026-08-24 17:15:00+00:00,21.824702623479403,72.75662120942151,7.020842487394147,27.00423618946511,27.00423618946511,fishing
100001860,2026-08-24 17:30:00+00:00,21.87639339545309,72.78188345339215,7.020815927181175,26.045622115176265,26.045622115176265,fishing
100001860,2026-08-24 17:45:00+00:00,21.92802948064942,72.80728443658188,7.020821062411678,26.193638671285747,26.193638671285747,fishing
100001860,2026-08-24 18:00:00+00:00,21.979809584888176,72.83235154635234,7.020811606274558,25.831947962381264,25.831947962381264,fishing
100001860,2026-08-24 18:15:00+00:00,22.0,72.85974646233765,4.013705006224035,53.609294662619064,53.609294662619064,fishing
100001860,2026-08-24 18:30:00+00:00,22.0,72.88847202353298,3.294314597728519,90.0,90.0,fishing
100001860,2026-08-24 18:45:00+00:00,22.0,72.91687309795724,3.2571016952733807,90.0,90.0,fishing
100001860,2026-08-24 19:00:00+00:00,22.0,72.94354234348019,3.058491503064316,90.0,90.0,fishing
100001860,2026-08-24 19:15:00+00:00,22.0,72.97247497474186,3.318061877638971,90.0,90.0,fishing
100001860,2026-08-24 19:30:00+00:00,22.0,73.0,3.156634326276917,90.0,90.0,fishing
100001860,2026-08-24 19:45:00+00:00,22.0,73.0,0.0,0.0,0.0,fishing
100001860,2026-08-24 20:00:00+00:00,22.0,73.0,0.0,0.0,0.0,fishing
100001860,2026-08-24 20:15:00+00:00,22.0,73.0,0.0,0.0,0.0,fishing
100001860,2026-08-24 20:30:00+00:00,22.0,73.0,0.0,0.0,0.0,fishing
100001860,2026-08-24 20:45:00+00:00,22.0,73.0,0.0,0.0,0.0,fishing
100001860,2026-08-24 21:00:00+00:00,22.0,73.0,0.0,0.0,0.0,fishing
100001860,2026-08-24 21:15:00+00:00,22.0,73.0,0.0,0.0,0.0,fishing
100001860,2026-08-24 21:30:00+00:00,22.0,73.0,0.0,0.0,0.0,fishing
100001860,2026-08-24 21:45:00+00:00,22.0,73.0,0.0,0.0,0.0,fishing
100001860,2026-08-24 22:00:00+00:00,22.0,73.0,0.0,0.0,0.0,fishing
100001860,2026-08-24 22:15:00+00:00,22.0,73.0,0.0,0.0,0.0,fishing
100001860,2026-08-24 22:30:00+00:00,22.0,73.0,0.0,0.0,0.0,fishing
100001860,2026-08-24 22:45:00+00:00,22.0,73.0,0.0,0.0,0.0,fishing
100001860,2026-08-24 23:00:00+00:00,22.0,73.0,0.0,0.0,0.0,fishing
100001860,2026-08-24 23:15:00+00:00,22.0,73.0,0.0,0.0,0.0,fishing
100001860,2026-08-24 23:30:00+00:00,22.0,73.0,0.0,0.0,0.0,fishing
100001860,2026-08-24 23:45:00+00:00,22.0,73.0,0.0,0.0,0.0,fishing
100001860,2026-08-25 00:00:00+00:00,22.0,73.0,0.0,0.0,0.0,fishing
100001860,2026-08-25 00:15:00+00:00,22.0,73.0,0.0,0.0,0.0,fishing
100001860,2026-08-25 00:30:00+00:00,22.0,73.0,0.0,0.0,0.0,fishing
100001860,2026-08-25 00:45:00+00:00,22.0,73.0,0.0,0.0,0.0,fishing
100001860,2026-08-25 01:00:00+00:00,22.0,73.0,0.0,0.0,0.0,fishing
100001860,2026-08-25 01:15:00+00:00,22.0,73.0,0.0,0.0,0.0,fishing
100001860,2026-08-25 01:30:00+00:00,22.0,73.0,0.0,0.0,0.0,fishing
100001860,2026-08-25 01:45:00+00:00,22.0,73.0,0.0,0.0,0.0,fishing
100001860,2026-08-25 02:00:00+00:00,22.0,73.0,0.0,0.0,0.0,fishing
100001860,2026-08-25 02:15:00+00:00,22.0,73.0,0.0,0.0,0.0,fishing
100001860,2026-08-25 02:30:00+00:00,22.0,73.0,0.0,0.0,0.0,fishing
100001860,2026-08-25 02:45:00+00:00,22.0,73.0,0.0,0.0,0.0,fishing
100001860,2026-08-25 03:00:00+00:00,22.0,73.0,0.0,0.0,0.0,fishing
100001860,2026-08-25 03:15:00+00:00,22.0,73.0,0.0,0.0,0.0,fishing
100001860,2026-08-25 03:30:00+00:00,22.0,73.0,0.0,0.0,0.0,fishing
100001860,2026-08-25 03:45:00+00:00,22.0,73.0,0.0,0.0,0.0,fishing
100001860,2026-08-25 04:00:00+00:00,22.0,73.0,0.0,0.0,0.0,fishing
100001860,2026-08-25 04:15:00+00:00,22.0,73.0,0.0,0.0,0.0,fishing
100001860,2026-08-25 04:30:00+00:00,22.0,73.0,0.0,0.0,0.0,fishing
100001860,2026-08-25 04:45:00+00:00,22.0,73.0,0.0,0.0,0.0,fishing
100001860,2026-08-25 05:00:00+00:00,22.0,73.0,0.0,0.0,0.0,fishing
100001860,2026-08-25 05:15:00+00:00,22.0,73.0,0.0,0.0,0.0,fishing
100001860,2026-08-25 05:30:00+00:00,22.0,73.0,0.0,0.0,0.0,fishing
100001860,2026-08-25 05:45:00+00:00,22.0,73.0,0.0,0.0,0.0,fishing
100001860,2026-08-25 06:00:00+00:00,22.0,73.0,0.0,0.0,0.0,fishing
100001860,2026-08-25 06:15:00+00:00,22.0,73.0,0.0,0.0,0.0,fishing
100001860,2026-08-25 06:30:00+00:00,22.0,73.0,0.0,0.0,0.0,fishing
100001860,2026-08-25 06:45:00+00:00,22.0,73.0,0.0,0.0,0.0,fishing
100001860,2026-08-25 07:00:00+00:00,22.0,73.0,0.0,0.0,0.0,fishing
100001860,2026-08-25 07:15:00+00:00,22.0,73.0,0.0,0.0,0.0,fishing
100001860,2026-08-25 07:30:00+00:00,22.0,73.0,0.0,0.0,0.0,fishing
100001860,2026-08-25 07:45:00+00:00,22.0,73.0,0.0,0.0,0.0,fishing
100001860,2026-08-25 08:00:00+00:00,22.0,73.0,0.0,0.0,0.0,fishing
100001860,2026-08-25 08:15:00+00:00,22.0,73.0,0.0,0.0,0.0,fishing
100001860,2026-08-25 08:30:00+00:00,22.0,73.0,0.0,0.0,0.0,fishing
100001860,2026-08-25 08:45:00+00:00,22.0,73.0,0.0,0.0,0.0,fishing
100001860,2026-08-25 09:00:00+00:00,22.0,73.0,0.0,0.0,0.0,fishing
100001860,2026-08-25 09:15:00+00:00,22.0,73.0,0.0,0.0,0.0,fishing
100001860,2026-08-25 09:30:00+00:00,22.0,73.0,0.0,0.0,0.0,fishing
100001860,2026-08-25 09:45:00+00:00,22.0,73.0,0.0,0.0,0.0,fishing
100001860,2026-08-25 10:00:00+00:00,22.0,73.0,0.0,0.0,0.0,fishing
100001860,2026-08-25 10:15:00+00:00,22.0,73.0,0.0,0.0,0.0,fishing
100001860,2026-08-25 10:30:00+00:00,22.0,73.0,0.0,0.0,0.0,fishing
100001860,2026-08-25 10:45:00+00:00,22.0,73.0,0.0,0.0,0.0,fishing
100001860,2026-08-25 11:00:00+00:00,22.0,73.0,0.0,0.0,0.0,fishing
100001860,2026-08-25 11:15:00+00:00,22.0,73.0,0.0,0.0,0.0,fishing
100001860,2026-08-25 11:30:00+00:00,22.0,73.0,0.0,0.0,0.0,fishing
100001860,2026-08-25 11:45:00+00:00,22.0,73.0,0.0,0.0,0.0,fishing
100001860,2026-08-25 12:00:00+00:00,22.0,73.0,0.0,0.0,0.0,fishing
100001860,2026-08-25 12:15:00+00:00,22.0,73.0,0.0,0.0,0.0,fishing
100001860,2026-08-25 12:30:00+00:00,22.0,73.0,0.0,0.0,0.0,fishing
100001860,2026-08-25 12:45:00+00:00,22.0,73.0,0.0,0.0,0.0,fishing
100001860,2026-08-25 13:00:00+00:00,22.0,73.0,0.0,0.0,0.0,fishing
100001860,2026-08-25 13:15:00+00:00,22.0,73.0,0.0,0.0,0.0,fishing
100001860,2026-08-25 13:30:00+00:00,22.0,73.0,0.0,0.0,0.0,fishing
100001860,2026-08-25 13:45:00+00:00,22.0,73.0,0.0,0.0,0.0,fishing
100001860,2026-08-25 14:00:00+00:00,22.0,73.0,0.0,0.0,0.0,fishing
100001860,2026-08-25 14:15:00+00:00,22.0,73.0,0.0,0.0,0.0,fishing
100001860,2026-08-25 14:30:00+00:00,22.0,73.0,0.0,0.0,0.0,fishing
100001860,2026-08-25 14:45:00+00:00,22.0,73.0,0.0,0.0,0.0,fishing
100001860,2026-08-25 15:00:00+00:00,22.0,73.0,0.0,0.0,0.0,fishing
100001860,2026-08-25 15:15:00+00:00,22.0,73.0,0.0,0.0,0.0,fishing
100001860,2026-08-25 15:30:00+00:00,22.0,73.0,0.0,0.0,0.0,fishing
100001860,2026-08-25 15:45:00+00:00,22.0,73.0,0.0,0.0,0.0,fishing
100001860,2026-08-25 16:00:00+00:00,22.0,73.0,0.0,0.0,0.0,fishing
100001860,2026-08-25 16:15:00+00:00,22.0,73.0,0.0,0.0,0.0,fishing
100001860,2026-08-25 16:30:00+00:00,22.0,73.0,0.0,0.0,0.0,fishing
100001860,2026-08-25 16:45:00+00:00,22.0,73.0,0.0,0.0,0.0,fishing
100001860,2026-08-25 17:00:00+00:00,22.0,73.0,0.0,0.0,0.0,fishing
100001860,2026-08-25 17:15:00+00:00,22.0,73.0,0.0,0.0,0.0,fishing
100001860,2026-08-25 17:30:00+00:00,22.0,73.0,0.0,0.0,0.0,fishing
100001860,2026-08-25 17:45:00+00:00,22.0,73.0,0.0,0.0,0.0,fishing
100001860,2026-08-25 18:00:00+00:00,22.0,73.0,0.0,0.0,0.0,fishing
100001860,2026-08-25 18:15:00+00:00,22.0,73.0,0.0,0.0,0.0,fishing
100001860,2026-08-25 18:30:00+00:00,22.0,73.0,0.0,0.0,0.0,fishing
100001860,2026-08-25 18:45:00+00:00,22.0,73.0,0.0,0.0,0.0,fishing
100001860,2026-08-25 19:00:00+00:00,22.0,73.0,0.0,0.0,0.0,fishing
100001860,2026-08-25 19:15:00+00:00,22.0,73.0,0.0,0.0,0.0,fishing
100001860,2026-08-25 19:30:00+00:00,22.0,73.0,0.0,0.0,0.0,fishing
100001860,2026-08-25 19:45:00+00:00,22.0,73.0,0.0,0.0,0.0,fishing
100001860,2026-08-25 20:00:00+00:00,22.0,73.0,0.0,0.0,0.0,fishing
100001860,2026-08-25 20:15:00+00:00,22.0,73.0,0.0,0.0,0.0,fishing
100001860,2026-08-25 20:30:00+00:00,22.0,73.0,0.0,0.0,0.0,fishing
100001860,2026-08-25 20:45:00+00:00,22.0,73.0,0.0,0.0,0.0,fishing
100001860,2026-08-25 21:00:00+00:00,22.0,73.0,0.0,0.0,0.0,fishing
100001860,2026-08-25 21:15:00+00:00,22.0,73.0,0.0,0.0,0.0,fishing
100001860,2026-08-25 21:30:00+00:00,22.0,73.0,0.0,0.0,0.0,fishing
100001860,2026-08-25 21:45:00+00:00,22.0,73.0,0.0,0.0,0.0,fishing
100001860,2026-08-25 22:00:00+00:00,22.0,73.0,0.0,0.0,0.0,fishing
100001860,2026-08-25 22:15:00+00:00,22.0,73.0,0.0,0.0,0.0,fishing
100001860,2026-08-25 22:30:00+00:00,22.0,73.0,0.0,0.0,0.0,fishing
100001860,2026-08-25 22:45:00+00:00,22.0,73.0,0.0,0.0,0.0,fishing
100001860,2026-08-25 23:00:00+00:00,22.0,73.0,0.0,0.0,0.0,fishing
100001860,2026-08-25 23:15:00+00:00,22.0,73.0,0.0,0.0,0.0,fishing
100001860,2026-08-25 23:30:00+00:00,22.0,73.0,0.0,0.0,0.0,fishing
100001860,2026-08-25 23:45:00+00:00,22.0,73.0,0.0,0.0,0.0,fishing
100001860,2026-08-26 00:00:00+00:00,22.0,73.0,0.0,0.0,0.0,fishing
100001860,2026-08-26 00:15:00+00:00,22.0,73.0,0.0,0.0,0.0,fishing
100001860,2026-08-26 00:30:00+00:00,22.0,73.0,0.0,0.0,0.0,fishing
100001860,2026-08-26 00:45:00+00:00,22.0,73.0,0.0,0.0,0.0,fishing
100001860,2026-08-26 01:00:00+00:00,22.0,73.0,0.0,0.0,0.0,fishing
100001860,2026-08-26 01:15:00+00:00,22.0,73.0,0.0,0.0,0.0,fishing
100001860,2026-08-26 01:30:00+00:00,22.0,73.0,0.0,0.0,0.0,fishing
100001860,2026-08-26 01:45:00+00:00,22.0,73.0,0.0,0.0,0.0,fishing
100001860,2026-08-26 02:00:00+00:00,22.0,73.0,0.0,0.0,0.0,fishing
100001860,2026-08-26 02:15:00+00:00,22.0,73.0,0.0,0.0,0.0,fishing
100001860,2026-08-26 02:30:00+00:00,22.0,73.0,0.0,0.0,0.0,fishing
100001860,2026-08-26 02:45:00+00:00,22.0,73.0,0.0,0.0,0.0,fishing
100001860,2026-08-26 03:00:00+00:00,22.0,73.0,0.0,0.0,0.0,fishing
100001860,2026-08-26 03:15:00+00:00,22.0,73.0,0.0,0.0,0.0,fishing
100001860,2026-08-26 03:30:00+00:00,22.0,73.0,0.0,0.0,0.0,fishing
100001860,2026-08-26 03:45:00+00:00,22.0,73.0,0.0,0.0,0.0,fishing
100001860,2026-08-26 04:00:00+00:00,22.0,73.0,0.0,0.0,0.0,fishing
100001860,2026-08-26 04:15:00+00:00,22.0,73.0,0.0,0.0,0.0,fishing
100001860,2026-08-26 04:30:00+00:00,22.0,73.0,0.0,0.0,0.0,fishing
100001860,2026-08-26 04:45:00+00:00,22.0,73.0,0.0,0.0,0.0,fishing
100001860,2026-08-26 05:00:00+00:00,22.0,73.0,0.0,0.0,0.0,fishing
100001860,2026-08-26 05:15:00+00:00,22.0,73.0,0.0,0.0,0.0,fishing
100001860,2026-08-26 05:30:00+00:00,22.0,73.0,0.0,0.0,0.0,fishing
100001860,2026-08-26 05:45:00+00:00,22.0,73.0,0.0,0.0,0.0,fishing
100001860,2026-08-26 06:00:00+00:00,22.0,73.0,0.0,0.0,0.0,fishing
100001860,2026-08-26 06:15:00+00:00,22.0,73.0,0.0,0.0,0.0,fishing
100001860,2026-08-26 06:30:00+00:00,22.0,73.0,0.0,0.0,0.0,fishing
100001860,2026-08-26 06:45:00+00:00,22.0,73.0,0.0,0.0,0.0,fishing
100001860,2026-08-26 07:00:00+00:00,22.0,73.0,0.0,0.0,0.0,fishing
100001860,2026-08-26 07:15:00+00:00,22.0,73.0,0.0,0.0,0.0,fishing
100001860,2026-08-26 07:30:00+00:00,22.0,73.0,0.0,0.0,0.0,fishing
100001860,2026-08-26 07:45:00+00:00,22.0,73.0,0.0,0.0,0.0,fishing
100001860,2026-08-26 08:00:00+00:00,22.0,73.0,0.0,0.0,0.0,fishing
100001860,2026-08-26 08:15:00+00:00,22.0,73.0,0.0,0.0,0.0,fishing
100001860,2026-08-26 08:30:00+00:00,22.0,73.0,0.0,0.0,0.0,fishing
100001860,2026-08-26 08:45:00+00:00,22.0,73.0,0.0,0.0,0.0,fishing
100001860,2026-08-26 09:00:00+00:00,22.0,73.0,0.0,0.0,0.0,fishing
100001860,2026-08-26 09:15:00+00:00,22.0,73.0,0.0,0.0,0.0,fishing
100001860,2026-08-26 09:30:00+00:00,22.0,73.0,0.0,0.0,0.0,fishing
100001860,2026-08-26 09:45:00+00:00,22.0,73.0,0.0,0.0,0.0,fishing
100001860,2026-08-26 10:00:00+00:00,22.0,73.0,0.0,0.0,0.0,fishing
100002828,2026-08-24 10:00:00+00:00,21.074216057225236,70.86002099604592,3.3962540664902914,354.9214169900023,354.9214169900023,fishing
100002828,2026-08-24 10:15:00+00:00,21.101580165830732,70.85758912416512,3.3962540664902914,354.9214169900023,354.9214169900023,fishing
100002828,2026-08-24 10:30:00+00:00,21.128924033882164,70.8549079172958,3.3962549888657394,354.3997568318316,354.3997568318316,fishing
100002828,2026-08-24 10:45:00+00:00,21.156294684106875,70.8525612837704,3.396253781646355,355.09970686121267,355.09970686121267,fishing
100002828,2026-08-24 11:00:00+00:00,21.183699751562205,70.85073362049087,3.3962522189658206,356.1845539455148,356.1845539455148,fishing
100002828,2026-08-24 11:15:00+00:00,21.211096956421187,70.84877469718971,3.3962525817295153,355.9102632842752,355.9102632842752,fishing
100002828,2026-08-24 11:30:00+00:00,21.238513988519287,70.84716602330151,3.3962516776987224,356.64206280509177,356.64206280509177,fishing
100002828,2026-08-24 11:45:00+00:00,21.265966862009773,70.84773548542599,3.39625003166747,1.188330898019363,1.188330898019363,fishing
100002828,2026-08-24 12:00:00+00:00,21.29335110738242,70.84989406155262,3.3962531876980457,4.507047625867306,4.507047625867306,fishing
100002828,2026-08-24 12:15:00+00:00,21.32078696109799,70.85107771422784,3.3962508182746776,2.4703540868657474,2.4703540868657474,fishing
100002828,2026-08-24 12:30:00+00:00,21.348239832358285,70.85164761922596,3.3962500327762255,1.189254900379808,1.189254900379808,fishing
100002828,2026-08-24 12:45:00+00:00,21.37569455722155,70.85210318972001,3.3962499471862335,0.9506513504441809,0.9506513504441809,fishing
100002828,2026-08-24 13:00:00+00:00,21.40312401290939,70.85075873126695,3.3962511189433577,357.1938854515925,357.1938854515925,fishing
100002828,2026-08-24 13:15:00+00:00,21.4304648151796,70.84803625409182,3.396255211170447,354.31348264783367,354.31348264783367,fishing
100002828,2026-08-24 13:30:00+00:00,21.457618441345396,70.84365555369149,3.396263736247417,350.83542514506433,350.83542514506433,fishing
100002828,2026-08-24 13:45:00+00:00,21.484586983273594,70.8381087826114,3.396272015963275,348.3777307512665,348.3777307512665,fishing
100002828,2026-08-24 14:00:00+00:00,21.51177406507228,70.83397303768602,3.396262261357363,351.3503824729127,351.3503824729127,fishing
100002828,2026-08-24 14:15:00+00:00,21.538834183656785,70.8289659328591,3.3962680008274164,349.51676961733193,349.51676961733193,fishing
100002828,2026-08-24 14:30:00+00:00,21.56570997417121,70.82291817867788,3.3962762003538027,347.3181934434603,347.3181934434603,fishing
100002828,2026-08-24 14:45:00+00:00,21.592746302590353,70.81776276301257,3.3962691171530195,349.2041710743331,349.2041710743331,fishing
100002828,2026-08-24 15:00:00+00:00,21.619704127309518,70.8121509223538,3.3962726463057544,348.24061869240836,348.24061869240836,fishing
100002828,2026-08-24 15:15:00+00:00,21.646735309109154,70.80696244827672,3.3962694013120167,349.13456730424525,349.13456730424525,fishing
100002828,2026-08-24 15:30:00+00:00,21.67363519124275,70.80103540673787,3.396275281507429,347.5741610066638,347.5741610066638,fishing
100002828,2026-08-24 15:45:00+00:00,21.70013566782156,70.79329920480845,3.396292612324857,343.72605503986193,343.72605503986193,fishing
100002828,2026-08-24 16:00:00+00:00,21.726749960790563,70.78602832632926,3.396287816152134,344.71996738332547,344.71996738332547,fishing
100002828,2026-08-24 16:15:00+00:00,21.752959631157868,70.77721573363988,3.3963048537440526,341.41558480959804,341.41558480959804,fishing
100002828,2026-08-24 16:30:00+00:00,21.779019293940458,70.76790002191235,3.3963110265244034,340.3292342488281,340.3292342488281,fishing
100002828,2026-08-24 16:45:00+00:00,21.804849123758338,70.75786764926772,3.3963202506614865,338.7737013719928,338.7737013719928,fishing
100002828,2026-08-24 17:00:00+00:00,21.830741867706774,70.74802343045249,3.396317862435208,339.18358778418775,339.18358778418775,fishing
100002828,2026-08-24 17:15:00+00:00,21.856452409126128,70.7376379348132,3.396325091318112,338.0042864222372,338.0042864222372,fishing
100002828,2026-08-24 17:30:00+00:00,21.882119716956776,70.72712713683774,3.3963268617345195,337.73083263751033,337.73083263751033,fishing
100002828,2026-08-24 17:45:00+00:00,21.907217903898008,70.71512381073886,3.3963481646142784,334.4403220829459,334.4403220829459,fishing
100002828,2026-08-24 18:00:00+00:00,21.93303191357663,70.70503525777431,3.3963213323610377,338.65359855169663,338.65359855169663,fishing
100002828,2026-08-24 18:15:00+00:00,21.958431344812542,70.69378809610912,3.3963373603255875,336.11568378695824,336.11568378695824,fishing
100002828,2026-08-24 18:30:00+00:00,21.984245762379327,70.68369712011364,3.3963215009799077,338.6492402168593,338.6492402168593,fishing
100002828,2026-08-24 18:45:00+00:00,22.0,70.67375006906724,2.258038569484117,327.73213956792415,327.73213956792415,fishing
100002828,2026-08-24 19:00:00+00:00,22.0,70.66393925364197,1.125127277803599,270.0,270.0,fishing
100002828,2026-08-24 19:15:00+00:00,22.0,70.6544749316905,1.0853905951677985,270.0,270.0,fishing
100002828,2026-08-24 19:30:00+00:00,22.0,70.6431901691558,1.2941629824800915,270.0,270.0,fishing
100002828,2026-08-24 19:45:00+00:00,22.0,70.63283544391645,1.1875041284489447,270.0,270.0,fishing
100002828,2026-08-24 20:00:00+00:00,22.0,70.62198745919885,1.244072280019908,270.0,270.0,fishing
100002828,2026-08-24 20:15:00+00:00,22.0,70.61231329051847,1.1094563092412077,270.0,270.0,fishing
100002828,2026-08-24 20:30:00+00:00,22.0,70.60249146901164,1.1263894810000719,270.0,270.0,fishing
100002828,2026-08-24 20:45:00+00:00,22.0,70.59230518685182,1.1681866818023379,270.0,270.0,fishing
100002828,2026-08-24 21:00:00+00:00,22.0,70.58087611701788,1.3107124813464026,270.0,270.0,fishing
100002828,2026-08-24 21:15:00+00:00,22.0,70.56872105598471,1.3939708514506426,270.0,270.0,fishing
100002828,2026-08-24 21:30:00+00:00,22.0,70.55696546668752,1.348158497698792,270.0,270.0,fishing
100002828,2026-08-24 21:45:00+00:00,22.0,70.5439813895914,1.4890443540834186,270.0,270.0,fishing
100002828,2026-08-24 22:00:00+00:00,22.0,70.5291803936751,1.697412857364076,270.0,270.0,fishing
100002828,2026-08-24 22:15:00+00:00,22.0,70.51361819554357,1.784709309205386,270.0,270.0,fishing
100002828,2026-08-24 22:30:00+00:00,22.0,70.49880149186586,1.6992142602119853,270.0,270.0,fishing
100002828,2026-08-24 22:45:00+00:00,22.0,70.48560702305126,1.5131725688370103,270.0,270.0,fishing
100002828,2026-08-24 23:00:00+00:00,22.0,70.47178926990861,1.5846522745404121,270.0,270.0,fishing
100002828,2026-08-24 23:15:00+00:00,22.0,70.45657604726486,1.744687983396223,270.0,270.0,fishing
100002828,2026-08-24 23:30:00+00:00,22.0,70.44105954859418,1.77946838806268,270.0,270.0,fishing
100002828,2026-08-24 23:45:00+00:00,22.0,70.42570527718071,1.7608637864700285,270.0,270.0,fishing
100002828,2026-08-25 00:00:00+00:00,22.0,70.41086500938299,1.701916648653247,270.0,270.0,fishing
100002828,2026-08-25 00:15:00+00:00,22.0,70.39797409265444,1.4783605050638189,270.0,270.0,fishing
100002828,2026-08-25 00:30:00+00:00,22.0,70.38529473474858,1.4540984440668243,270.0,270.0,fishing
100002828,2026-08-25 00:45:00+00:00,22.0,70.37418249024797,1.2743782105059724,270.0,270.0,fishing
100002828,2026-08-25 01:00:00+00:00,22.0,70.36262805993731,1.3250891142574708,270.0,270.0,fishing
100002828,2026-08-25 01:15:00+00:00,22.0,70.3511560911935,1.3156322287464175,270.0,270.0,fishing
100002828,2026-08-25 01:30:00+00:00,22.0,70.33912148797587,1.3801564672007196,270.0,270.0,fishing
100002828,2026-08-25 01:45:00+00:00,22.0,70.32644793737849,1.4534324483380687,270.0,270.0,fishing
100002828,2026-08-25 02:00:00+00:00,22.0,70.31352878471488,1.4815986681904845,270.0,270.0,fishing
100002828,2026-08-25 02:15:00+00:00,22.0,70.30034914976385,1.5114713866397331,270.0,270.0,fishing
100002828,2026-08-25 02:30:00+00:00,22.0,70.28661327551016,1.5752622118947086,270.0,270.0,fishing
100002828,2026-08-25 02:45:00+00:00,22.0,70.27237685655516,1.6326658499011806,270.0,270.0,fishing
100002828,2026-08-25 03:00:00+00:00,22.0,70.2591449972461,1.5174605982635807,270.0,270.0,fishing
100002828,2026-08-25 03:15:00+00:00,22.0,70.24790193885273,1.2893802539317079,270.0,270.0,fishing
100002828,2026-08-25 03:30:00+00:00,22.0,70.23618387384066,1.3438551248457151,270.0,270.0,fishing
100002828,2026-08-25 03:45:00+00:00,22.0,70.22415854115415,1.3790933009913557,270.0,270.0,fishing
100002828,2026-08-25 04:00:00+00:00,22.0,70.21263087136143,1.3220201554199422,270.0,270.0,fishing
100002828,2026-08-25 04:15:00+00:00,22.0,70.20420349268572,0.966471513060473,270.0,270.0,fishing
100002828,2026-08-25 04:30:00+00:00,22.0,70.19585957167078,0.9569003931690606,270.0,270.0,fishing
100002828,2026-08-25 04:45:00+00:00,22.0,70.18848516976655,0.8457136721342675,270.0,270.0,fishing
100002828,2026-08-25 05:00:00+00:00,22.0,70.18266731865847,0.6672047833086231,270.0,270.0,fishing
100002828,2026-08-25 05:15:00+00:00,22.0,70.1771986905177,0.627155075968867,270.0,270.0,fishing
100002828,2026-08-25 05:30:00+00:00,22.0,70.17267395234686,0.5189075647905064,270.0,270.0,fishing
100002828,2026-08-25 05:45:00+00:00,22.0,70.16877127377931,0.4475683133872186,270.0,270.0,fishing
100002828,2026-08-25 06:00:00+00:00,22.0,70.16592914399256,0.3259420967091075,270.0,270.0,fishing
100002828,2026-08-25 06:15:00+00:00,22.0,70.1620245287837,0.4477904119460267,270.0,270.0,fishing
100002828,2026-08-25 06:30:00+00:00,22.0,70.1583293827735,0.42376799392608006,270.0,270.0,fishing
100002828,2026-08-25 06:45:00+00:00,22.0,70.1551283954539,0.3670967185776766,270.0,270.0,fishing
100002828,2026-08-25 07:00:00+00:00,22.0,70.15240789097146,0.31199382211354715,270.0,270.0,fishing
100002828,2026-08-25 07:15:00+00:00,22.0,70.15085985649127,0.17753221777684394,270.0,270.0,fishing
100002828,2026-08-25 07:30:00+00:00,22.0,70.14977341670881,0.12459545735439903,270.0,270.0,fishing
100002828,2026-08-25 07:45:00+00:00,22.0,70.14750515111776,0.2601300074637048,270.0,270.0,fishing
100002828,2026-08-25 08:00:00+00:00,22.0,70.14584691366142,0.19017055304070907,270.0,270.0,fishing
100002828,2026-08-25 08:15:00+00:00,22.0,70.14327799286978,0.29460984962952996,270.0,270.0,fishing
100002828,2026-08-25 08:30:00+00:00,22.0,70.13998952222386,0.37712951121875893,270.0,270.0,fishing
100002828,2026-08-25 08:45:00+00:00,22.0,70.13627138223494,0.4264049972289541,270.0,270.0,fishing
100002828,2026-08-25 09:00:00+00:00,22.0,70.13243898228575,0.4395085969286884,270.0,270.0,fishing
100002828,2026-08-25 09:15:00+00:00,22.0,70.12703022193898,0.620289297215517,270.0,270.0,fishing
100002828,2026-08-25 09:30:00+00:00,22.0,70.12276065760089,0.4896436323476069,270.0,270.0,fishing
100002828,2026-08-25 09:45:00+00:00,22.0,70.11731264074395,0.6247913256930384,270.0,270.0,fishing
100002828,2026-08-25 10:00:00+00:00,22.0,70.11346769499765,0.44094737830750047,270.0,270.0,fishing
100002828,2026-08-25 10:15:00+00:00,22.0,70.10847272783585,0.5728345261706926,270.0,270.0,fishing
100002828,2026-08-25 10:30:00+00:00,22.0,70.1047887609417,0.4224859467288708,270.0,270.0,fishing
100002828,2026-08-25 10:45:00+00:00,22.0,70.1010756381373,0.42582961476410747,270.0,270.0,fishing
100002828,2026-08-25 11:00:00+00:00,22.0,70.09560956630067,0.62686191302649,270.0,270.0,fishing
100002828,2026-08-25 11:15:00+00:00,22.0,70.08908752648053,0.7479627931498306,270.0,270.0,fishing
100002828,2026-08-25 11:30:00+00:00,22.0,70.08390981245022,0.5937923648185414,270.0,270.0,fishing
100002828,2026-08-25 11:45:00+00:00,22.0,70.07918944373958,0.5413429330194436,270.0,270.0,fishing
100002828,2026-08-25 12:00:00+00:00,22.0,70.07438873021606,0.5505570642297405,270.0,270.0,fishing
100002828,2026-08-25 12:15:00+00:00,22.0,70.0673429754462,0.8080236494786558,270.0,270.0,fishing
100002828,2026-08-25 12:30:00+00:00,22.0,70.06170042799873,0.6471005491646231,270.0,270.0,fishing
100002828,2026-08-25 12:45:00+00:00,22.0,70.05796702851549,0.4281549917563558,270.0,270.0,fishing
100002828,2026-08-25 13:00:00+00:00,22.0,70.05597048776457,0.22896796675274916,270.0,270.0,fishing
100002828,2026-08-25 13:15:00+00:00,22.0,70.05333977854032,0.30169589171443456,270.0,270.0,fishing
100002828,2026-08-25 13:30:00+00:00,22.0,70.05110351854752,0.25645953053794107,270.0,270.0,fishing
100002828,2026-08-25 13:45:00+00:00,22.0,70.04937495406281,0.1982358212731393,270.0,270.0,fishing
100002828,2026-08-25 14:00:00+00:00,22.0,70.04607299620585,0.37867625615068523,270.0,270.0,fishing
100002828,2026-08-25 14:15:00+00:00,22.0,70.04295655693356,0.3574005506046816,270.0,270.0,fishing
100002828,2026-08-25 14:30:00+00:00,22.0,70.04094328077369,0.23088722262464842,270.0,270.0,fishing
100002828,2026-08-25 14:45:00+00:00,22.0,70.03971922242363,0.14037787682052819,270.0,270.0,fishing
100002828,2026-08-25 15:00:00+00:00,22.0,70.0373484804808,0.27188223535801903,270.0,270.0,fishing
100002828,2026-08-25 15:15:00+00:00,22.0,70.03408992052202,0.3736992836028304,270.0,270.0,fishing
100002828,2026-08-25 15:30:00+00:00,22.0,70.03164495979168,0.2803938196394283,270.0,270.0,fishing
100002828,2026-08-25 15:45:00+00:00,22.0,70.02985263896157,0.2055475482021127,270.0,270.0,fishing
100002828,2026-08-25 16:00:00+00:00,22.0,70.02574188055392,0.4714313965170992,270.0,270.0,fishing
100002828,2026-08-25 16:15:00+00:00,22.0,70.01913394696646,0.7578132914433965,270.0,270.0,fishing
100002828,2026-08-25 16:30:00+00:00,22.0,70.01244890301719,0.7666564882337262,270.0,270.0,fishing
100002828,2026-08-25 16:45:00+00:00,22.0,70.00517139256831,0.8346019332336272,270.0,270.0,fishing
100002828,2026-08-25 17:00:00+00:00,22.0,69.99759531680232,0.8688421026732384,270.0,270.0,fishing
100002828,2026-08-25 17:15:00+00:00,22.0,69.98960894081331,0.9158962926652338,270.0,270.0,fishing
100002828,2026-08-25 17:30:00+00:00,22.0,69.98260680308155,0.8030215454517702,270.0,270.0,fishing
100002828,2026-08-25 17:45:00+00:00,22.0,69.9757087570192,0.7910840691490516,270.0,270.0,fishing
100002828,2026-08-25 18:00:00+00:00,22.0,69.96908011441089,0.7601882504305061,270.0,270.0,fishing
100002828,2026-08-25 18:15:00+00:00,22.0,69.96110659753506,0.9144215794650982,270.0,270.0,fishing
100002828,2026-08-25 18:30:00+00:00,22.0,69.94984592429384,1.291400365916893,270.0,270.0,fishing
100002828,2026-08-25 18:45:00+00:00,22.0,69.93966803919831,1.1672236868137715,270.0,270.0,fishing
100002828,2026-08-25 19:00:00+00:00,22.0,69.9315976337782,0.9255329845179711,270.0,270.0,fishing
100002828,2026-08-25 19:15:00+00:00,22.0,69.92318700728752,0.9645503332679319,270.0,270.0,fishing
100002828,2026-08-25 19:30:00+00:00,22.0,69.91502385575623,0.9361693256449769,270.0,270.0,fishing
100002828,2026-08-25 19:45:00+00:00,22.0,69.90718375186505,0.8991214660980406,270.0,270.0,fishing
100002828,2026-08-25 20:00:00+00:00,22.0,69.90102643995598,0.7061349425644826,270.0,270.0,fishing
100002828,2026-08-25 20:15:00+00:00,22.0,69.89577101414359,0.6027045338930191,270.0,270.0,fishing
100002828,2026-08-25 20:30:00+00:00,22.0,69.89102110873027,0.54473027122175,270.0,270.0,fishing
100002828,2026-08-25 20:45:00+00:00,22.0,69.88632792637213,0.5382251384781445,270.0,270.0,fishing
100002828,2026-08-25 21:00:00+00:00,22.0,69.88169624430684,0.5311721409369186,270.0,270.0,fishing
100002828,2026-08-25 21:15:00+00:00,22.0,69.87560103462572,0.6990129136971022,270.0,270.0,fishing
100002828,2026-08-25 21:30:00+00:00,22.0,69.86911837124012,0.743447011465353,270.0,270.0,fishing
100002828,2026-08-25 21:45:00+00:00,22.0,69.86353271960593,0.6405756041186089,270.0,270.0,fishing
100002828,2026-08-25 22:00:00+00:00,22.0,69.85770995971336,0.6677677342042572,270.0,270.0,fishing
100002828,2026-08-25 22:15:00+00:00,22.0,69.85193216724369,0.6626107648884394,270.0,270.0,fishing
100002828,2026-08-25 22:30:00+00:00,22.0,69.8449669109784,0.798791892545945,270.0,270.0,fishing
100002828,2026-08-25 22:45:00+00:00,22.0,69.838450181759,0.7473537610259295,270.0,270.0,fishing
100002828,2026-08-25 23:00:00+00:00,22.0,69.83046826635699,0.9153847421076694,270.0,270.0,fishing
100002828,2026-08-25 23:15:00+00:00,22.0,69.82277538181881,0.882238006088576,270.0,270.0,fishing
100002828,2026-08-25 23:30:00+00:00,22.0,69.81489573057729,0.9036568488062003,270.0,270.0,fishing
100002828,2026-08-25 23:45:00+00:00,22.0,69.80529428172568,1.1011166290582686,270.0,270.0,fishing
100002828,2026-08-26 00:00:00+00:00,22.0,69.79674531616693,0.9804153814140717,270.0,270.0,fishing
100002828,2026-08-26 00:15:00+00:00,22.0,69.78803427922206,0.9990021073466606,270.0,270.0,fishing
100002828,2026-08-26 00:30:00+00:00,22.0,69.781179126902,0.7861649143790194,270.0,270.0,fishing
100002828,2026-08-26 00:45:00+00:00,22.0,69.77581934496118,0.6146723389749867,270.0,270.0,fishing
100002828,2026-08-26 01:00:00+00:00,22.0,69.76956793457377,0.7169263763234361,270.0,270.0,fishing
100002828,2026-08-26 01:15:00+00:00,22.0,69.76251887475304,0.8084026804485124,270.0,270.0,fishing
100002828,2026-08-26 01:30:00+00:00,22.0,69.75429912726695,0.9426598822196955,270.0,270.0,fishing
100002828,2026-08-26 01:45:00+00:00,22.0,69.74451694976737,1.1218430134501995,270.0,270.0,fishing
100002828,2026-08-26 02:00:00+00:00,22.0,69.73432385051845,1.1689684815376835,270.0,270.0,fishing
100002828,2026-08-26 02:15:00+00:00,22.0,69.72554462621314,1.006821993452726,270.0,270.0,fishing
100002828,2026-08-26 02:30:00+00:00,22.0,69.71489554739348,1.2212612860510665,270.0,270.0,fishing
100002828,2026-08-26 02:45:00+00:00,22.0,69.70507298514545,1.126474430934783,270.0,270.0,fishing
100002828,2026-08-26 03:00:00+00:00,22.0,69.69600330397381,1.0401322667746349,270.0,270.0,fishing
100002828,2026-08-26 03:15:00+00:00,22.0,69.68748124410502,0.9773297739106769,270.0,270.0,fishing
100002828,2026-08-26 03:30:00+00:00,22.0,69.6796878817382,0.8937610386720498,270.0,270.0,fishing
100002828,2026-08-26 03:45:00+00:00,22.0,69.67079913710205,1.0193820413548256,270.0,270.0,fishing
100002828,2026-08-26 04:00:00+00:00,22.0,69.66266455177583,0.9328932863802237,270.0,270.0,fishing
100002828,2026-08-26 04:15:00+00:00,22.0,69.6539854452562,0.995340251438771,270.0,270.0,fishing
100002828,2026-08-26 04:30:00+00:00,22.0,69.64291031282359,1.2701221116770192,270.0,270.0,fishing
100002828,2026-08-26 04:45:00+00:00,22.0,69.63189025586686,1.2638059271836901,270.0,270.0,fishing
100002828,2026-08-26 05:00:00+00:00,22.0,69.62006503472286,1.356144040883238,270.0,270.0,fishing
100002828,2026-08-26 05:15:00+00:00,22.0,69.60954068297617,1.2069572933656036,270.0,270.0,fishing
100002828,2026-08-26 05:30:00+00:00,22.0,69.59874012721723,1.238633016021544,270.0,270.0,fishing
100002828,2026-08-26 05:45:00+00:00,22.0,69.58798349227902,1.233596073490223,270.0,270.0,fishing
100002828,2026-08-26 06:00:00+00:00,22.0,69.57760273938759,1.1904890405145372,270.0,270.0,fishing
100002828,2026-08-26 06:15:00+00:00,22.0,69.56696351217664,1.220131480503968,270.0,270.0,fishing
100002828,2026-08-26 06:30:00+00:00,22.0,69.55622415902526,1.231614157724529,270.0,270.0,fishing
100002828,2026-08-26 06:45:00+00:00,22.0,69.54630216788668,1.1378771688429603,270.0,270.0,fishing
100002828,2026-08-26 07:00:00+00:00,22.0,69.53534851454621,1.2561906050357112,270.0,270.0,fishing
100002828,2026-08-26 07:15:00+00:00,22.0,69.52372405564547,1.3331201568877107,270.0,270.0,fishing
100002828,2026-08-26 07:30:00+00:00,22.0,69.51118673369025,1.4378094287753576,270.0,270.0,fishing
100002828,2026-08-26 07:45:00+00:00,22.0,69.50001042051407,1.2817257561902082,270.0,270.0,fishing
100002828,2026-08-26 08:00:00+00:00,22.0,69.48816567393003,1.358383264051319,270.0,270.0,fishing
100002828,2026-08-26 08:15:00+00:00,22.0,69.47618529803336,1.37393755109962,270.0,270.0,fishing
100002828,2026-08-26 08:30:00+00:00,22.0,69.46363970261872,1.4387582484672488,270.0,270.0,fishing
100002828,2026-08-26 08:45:00+00:00,22.0,69.4508062119274,1.471774752693264,270.0,270.0,fishing
100002828,2026-08-26 09:00:00+00:00,22.0,69.43728991974798,1.5500800256274332,270.0,270.0,fishing
100002828,2026-08-26 09:15:00+00:00,22.0,69.42420105512821,1.5010616325792143,270.0,270.0,fishing
100002828,2026-08-26 09:30:00+00:00,22.0,69.41015570723269,1.6107533735460327,270.0,270.0,fishing
100002828,2026-08-26 09:45:00+00:00,22.0,69.39489542627176,1.7500847413628697,270.0,270.0,fishing
100002828,2026-08-26 10:00:00+00:00,22.0,69.37914327695354,1.8064933559257756,270.0,270.0,fishing
100003539,2026-08-24 10:00:00+00:00,19.03979945141705,69.80172547602635,7.087167938499233,7.553124299853337,7.553124299853337,passenger
100003539,2026-08-24 10:15:00+00:00,19.09665293074606,69.80926401300331,7.087167938499233,7.553124299853337,7.553124299853337,passenger
100003539,2026-08-24 10:30:00+00:00,19.153803416838784,69.81361419073528,7.087142965504969,4.352843411066086,4.352843411066086,passenger
100003539,2026-08-24 10:45:00+00:00,19.210840336220564,69.81940034357585,7.087152679070531,5.7925963417282995,5.7925963417282995,passenger
100003539,2026-08-24 11:00:00+00:00,19.26790015083467,69.82492948131123,7.0871507990932,5.534722846398177,5.534722846398177,passenger
100003539,2026-08-24 11:15:00+00:00,19.324827115430406,69.83182861559533,7.087162192320129,6.910132203104054,6.910132203104054,passenger
100003539,2026-08-24 11:30:00+00:00,19.38155566525467,69.84037103807434,7.087179117232886,8.563497640209874,8.563497640209874,passenger
100003539,2026-08-24 11:45:00+00:00,19.438240929374615,69.84923357025718,7.087182929846802,8.88604602020345,8.88604602020345,passenger
100003539,2026-08-24 12:00:00+00:00,19.49523302589075,69.85550638503358,7.087156899693913,6.280957974507204,6.280957974507204,passenger
100003539,2026-08-24 12:15:00+00:00,19.55218474263635,69.86218150985486,7.0871604667656,6.684951308657972,6.684951308657972,passenger
100003539,2026-08-24 12:30:00+00:00,19.608761318797182,69.87180351669686,7.087192665041156,9.651971406634495,9.651971406634495,passenger
100003539,2026-08-24 12:45:00+00:00,19.66547255210716,69.88048943229245,7.087181374762213,8.707776380798473,8.707776380798473,passenger
100003539,2026-08-24 13:00:00+00:00,19.72208252974651,69.88989408719493,7.087190205601129,9.43244064354802,9.43244064354802,passenger
100003539,2026-08-24 13:15:00+00:00,19.778696758604394,69.89927314519379,7.087190027875764,9.406533845776487,9.406533845776487,passenger
100003539,2026-08-24 13:30:00+00:00,19.834823401796648,69.91152679600489,7.08723157701681,12.315653041469936,12.315653041469936,passenger
100003539,2026-08-24 13:45:00+00:00,19.891207024085862,69.92236934472832,7.087210157459917,10.885080630806952,10.885080630806952,passenger
100003539,2026-08-24 14:00:00+00:00,19.947134516933307,69.93562151502587,7.0872488844620305,13.330531024366906,13.330531024366906,passenger
100003539,2026-08-24 14:15:00+00:00,20.00322028165515,69.94809817672589,7.087235961617769,12.54161680634765,12.54161680634765,passenger
100003539,2026-08-24 14:30:00+00:00,20.059573630560124,69.95912905408122,7.087213492018309,11.075316204406134,11.075316204406134,passenger
100003539,2026-08-24 14:45:00+00:00,20.115886829713677,69.97039396049325,7.087217197833221,11.31214988930874,11.31214988930874,passenger
100003539,2026-08-24 15:00:00+00:00,20.172069562139775,69.98237925494307,7.087228660572425,12.042228737648331,12.042228737648331,passenger
100003539,2026-08-24 15:15:00+00:00,20.227377164185253,69.99833434507974,7.087302248485995,16.09174800203647,16.09174800203647,passenger
100003539,2026-08-24 15:30:00+00:00,20.282514342083985,70.01495177424863,7.0873166624226585,16.771933922846127,16.771933922846127,passenger
100003539,2026-08-24 15:45:00+00:00,20.337545105055934,70.03197145423522,7.087325852761496,17.185569673955207,17.185569673955207,passenger
100003539,2026-08-24 16:00:00+00:00,20.39160178199298,70.05224006118524,7.087403310765809,20.55358555917335,20.55358555917335,passenger
100003539,2026-08-24 16:15:00+00:00,20.445247989715273,70.07372157909387,7.087435291869927,21.822614869090327,21.822614869090327,passenger
100003539,2026-08-24 16:30:00+00:00,20.499333268168765,70.0939173063946,7.08740267689095,20.475896252829806,20.475896252829806,passenger
100003539,2026-08-24 16:45:00+00:00,20.552462929013767,70.11683039547091,7.087475437159855,23.32896020278468,23.32896020278468,passenger
100003539,2026-08-24 17:00:00+00:00,20.606128730650305,70.13827863394346,7.087436429787587,21.784765080006625,21.784765080006625,passenger
100003539,2026-08-24 17:15:00+00:00,20.660235695202438,70.15842928087244,7.087403322585441,20.42645907702503,20.42645907702503,passenger
100003539,2026-08-24 17:30:00+00:00,20.714877304107944,70.17686523823953,7.0873616002538915,18.64428055781847,18.64428055781847,passenger
100003539,2026-08-24 17:45:00+00:00,20.770053192053755,70.19338854344208,7.087318331857193,16.67117304863875,16.67117304863875,passenger
100003539,2026-08-24 18:00:00+00:00,20.825045676176206,70.21060328400574,7.087334156831467,17.382106162803485,17.382106162803485,passenger
100003539,2026-08-24 18:15:00+00:00,20.88018078086701,70.227293778694,7.087322845336975,16.842109604590068,16.842109604590068,passenger
100003539,2026-08-24 18:30:00+00:00,20.936798704303964,70.23671803765177,7.08719351321868,9.450445668082304,9.450445668082304,passenger
100003539,2026-08-24 18:45:00+00:00,20.99349656766747,70.24557759222161,7.087186373028089,8.881165618496214,8.881165618496214,passenger
100003539,2026-08-24 19:00:00+00:00,21.050334693861785,70.25334082595664,7.087173567793318,7.777615598955697,7.777615598955697,passenger
100003539,2026-08-24 19:15:00+00:00,21.10691945695985,70.26300171328228,7.087197125075965,9.688859479847219,9.688859479847219,passenger
100003539,2026-08-24 19:30:00+00:00,21.163670475327258,70.27147150722139,7.087181938348815,8.488442861384748,8.488442861384748,passenger
100003539,2026-08-24 19:45:00+00:00,21.2194995235436,70.28530025665397,7.0872659256773956,13.9120456803185,13.9120456803185,passenger
100003539,2026-08-24 20:00:00+00:00,21.27463393490422,70.30203772713199,7.087326900456163,16.887018019734022,16.887018019734022,passenger
100003539,2026-08-24 20:15:00+00:00,21.329975513049032,70.31797439133926,7.0873095884999815,16.064765449346382,16.064765449346382,passenger
100003539,2026-08-24 20:30:00+00:00,21.384676974878445,70.33628855742779,7.087364805520161,18.510655829391798,18.510655829391798,passenger
100003539,2026-08-24 20:45:00+00:00,21.43905661755691,70.35568381195446,7.087392293213598,19.62948161562814,19.62948161562814,passenger
100003539,2026-08-24 21:00:00+00:00,21.49328733134759,70.37556192436523,7.087405304913437,20.13026584472681,20.13026584472681,passenger
100003539,2026-08-24 21:15:00+00:00,21.546978616284484,70.39707295347428,7.08744977425312,21.833154397003668,21.833154397003668,passenger
100003539,2026-08-24 21:30:00+00:00,21.600632042355315,70.41870090322954,7.087453675087689,21.954596710573103,21.954596710573103,passenger
100003539,2026-08-24 21:45:00+00:00,21.654114870248844,70.44082041474078,7.087468135376675,22.469085122548204,22.469085122548204,passenger
100003539,2026-08-24 22:00:00+00:00,21.706984832200796,70.46459311587931,7.087516801385956,24.21081667690467,24.21081667690467,passenger
100003539,2026-08-24 22:15:00+00:00,21.75813812016887,70.49238816164443,7.087642463405383,28.51822928747343,28.51822928747343,passenger
100003539,2026-08-24 22:30:00+00:00,21.809063090829245,70.52067511480034,7.087659373848035,29.05056552484591,29.05056552484591,passenger
100003539,2026-08-24 22:45:00+00:00,21.860397664056592,70.5480995350225,7.087632543778409,28.11242764598709,28.11242764598709,passenger
100003539,2026-08-24 23:00:00+00:00,21.91340488672607,70.57154924183034,7.0875102135945,23.863976099854447,23.863976099854447,passenger
100003539,2026-08-24 23:15:00+00:00,21.964799666190807,70.59886244686506,7.087630963228622,27.98793200872612,27.98793200872612,passenger
100003539,2026-08-24 23:30:00+00:00,22.0,70.62567503805802,5.330689404583553,37.29703644745577,37.29703644745577,passenger
100003539,2026-08-24 23:45:00+00:00,22.0,70.65352929900125,3.194391845306675,90.0,90.0,passenger
100003539,2026-08-25 00:00:00+00:00,22.0,70.68499051302202,3.6080456672755887,90.0,90.0,passenger
100003539,2026-08-25 00:15:00+00:00,22.0,70.71687346067817,3.6564110677625283,90.0,90.0,passenger
100003539,2026-08-25 00:30:00+00:00,22.0,70.7483958194935,3.615057895441145,90.0,90.0,passenger
100003539,2026-08-25 00:45:00+00:00,22.0,70.7825133622889,3.912679668997593,90.0,90.0,passenger
100003539,2026-08-25 01:00:00+00:00,22.0,70.8174554197413,4.007236939858849,90.0,90.0,passenger
100003539,2026-08-25 01:15:00+00:00,22.0,70.8534332438898,4.126021089056828,90.0,90.0,passenger
100003539,2026-08-25 01:30:00+00:00,22.0,70.88668910471117,3.8138599632190666,90.0,90.0,passenger
100003539,2026-08-25 01:45:00+00:00,22.0,70.92210813568147,4.0619373793761415,90.0,90.0,passenger
100003539,2026-08-25 02:00:00+00:00,22.0,70.95818824477746,4.137751366259976,90.0,90.0,passenger
100003539,2026-08-25 02:15:00+00:00,22.0,70.99182499800098,3.8575415954778483,90.0,90.0,passenger
100003539,2026-08-25 02:30:00+00:00,22.0,71.0263350128673,3.9576892847773038,90.0,90.0,passenger
100003539,2026-08-25 02:45:00+00:00,22.0,71.05706666894147,3.5243782542343993,90.0,90.0,passenger
100003539,2026-08-25 03:00:00+00:00,22.0,71.09207526567637,4.014867820528899,90.0,90.0,passenger
100003539,2026-08-25 03:15:00+00:00,22.0,71.12509908910414,3.7872493717753475,90.0,90.0,passenger
100003539,2026-08-25 03:30:00+00:00,22.0,71.16100886782345,4.118217479959031,90.0,90.0,passenger
100003539,2026-08-25 03:45:00+00:00,22.0,71.19547668261512,3.9528496814347944,90.0,90.0,passenger
100003539,2026-08-25 04:00:00+00:00,22.0,71.23094123322555,4.067157678256526,90.0,90.0,passenger
100003539,2026-08-25 04:15:00+00:00,22.0,71.26477618294102,3.8802712331065963,90.0,90.0,passenger
100003539,2026-08-25 04:30:00+00:00,22.0,71.30039076310511,4.084363418655165,90.0,90.0,passenger
100003539,2026-08-25 04:45:00+00:00,22.0,71.33558916511079,4.036635133271732,90.0,90.0,passenger
100003539,2026-08-25 05:00:00+00:00,22.0,71.3716125073365,4.131241208697429,90.0,90.0,passenger
100003539,2026-08-25 05:15:00+00:00,22.0,71.40766225733746,4.1342697141793945,90.0,90.0,passenger
100003539,2026-08-25 05:30:00+00:00,22.0,71.44127836973333,3.855174457046791,90.0,90.0,passenger
100003539,2026-08-25 05:45:00+00:00,22.0,71.47580200915617,3.9592517808104586,90.0,90.0,passenger
100003539,2026-08-25 06:00:00+00:00,22.0,71.5094196957078,3.8553549849157567,90.0,90.0,passenger
100003539,2026-08-25 06:15:00+00:00,22.0,71.54490726797752,4.069797856032045,90.0,90.0,passenger
100003539,2026-08-25 06:30:00+00:00,22.0,71.57997697082244,4.0218756122616695,90.0,90.0,passenger
100003539,2026-08-25 06:45:00+00:00,22.0,71.61491015752821,4.006219621871411,90.0,90.0,passenger
100003539,2026-08-25 07:00:00+00:00,22.0,71.65277695516549,4.342652990396513,90.0,90.0,passenger
100003539,2026-08-25 07:15:00+00:00,22.0,71.69456955143244,4.792872766626832,90.0,90.0,passenger
100003539,2026-08-25 07:30:00+00:00,22.0,71.73759567335381,4.934336376072835,90.0,90.0,passenger
100003539,2026-08-25 07:45:00+00:00,22.0,71.78017489502136,4.883084808875342,90.0,90.0,passenger
100003539,2026-08-25 08:00:00+00:00,22.0,71.82216456905562,4.815474106295187,90.0,90.0,passenger
100003539,2026-08-25 08:15:00+00:00,22.0,71.86284114180899,4.664884577738975,90.0,90.0,passenger
100003539,2026-08-25 08:30:00+00:00,22.0,71.90249242633818,4.547302124230217,90.0,90.0,passenger
100003539,2026-08-25 08:45:00+00:00,22.0,71.94168906026653,4.495161729092657,90.0,90.0,passenger
100003539,2026-08-25 09:00:00+00:00,22.0,71.98406778724751,4.8600916089084985,90.0,90.0,passenger
100003539,2026-08-25 09:15:00+00:00,22.0,72.02613577630788,4.8244554568073665,90.0,90.0,passenger
100003539,2026-08-25 09:30:00+00:00,22.0,72.06622784359786,4.597852123005834,90.0,90.0,passenger
100003539,2026-08-25 09:45:00+00:00,22.0,72.10638828626574,4.60569357139506,90.0,90.0,passenger
100003539,2026-08-25 10:00:00+00:00,22.0,72.14684008852785,4.639107371666175,90.0,90.0,passenger
100003539,2026-08-25 10:15:00+00:00,22.0,72.18734999115242,4.645770457231564,90.0,90.0,passenger
100003539,2026-08-25 10:30:00+00:00,22.0,72.22914704790091,4.793384305091771,90.0,90.0,passenger
100003539,2026-08-25 10:45:00+00:00,22.0,72.27105365984568,4.805948351443769,90.0,90.0,passenger
100003539,2026-08-25 11:00:00+00:00,22.0,72.31416412580991,4.944009148337901,90.0,90.0,passenger
100003539,2026-08-25 11:15:00+00:00,22.0,72.35605231308541,4.803835367244708,90.0,90.0,passenger
100003539,2026-08-25 11:30:00+00:00,22.0,72.40068277060115,5.118325337410577,90.0,90.0,passenger
100003539,2026-08-25 11:45:00+00:00,22.0,72.44568831137168,5.161340763053013,90.0,90.0,passenger
100003539,2026-08-25 12:00:00+00:00,22.0,72.49128123640646,5.228703365406965,90.0,90.0,passenger
100003539,2026-08-25 12:15:00+00:00,22.0,72.53571449237454,5.095709802321591,90.0,90.0,passenger
100003539,2026-08-25 12:30:00+00:00,22.0,72.58084925824195,5.176160599649582,90.0,90.0,passenger
100003539,2026-08-25 12:45:00+00:00,22.0,72.62693186615664,5.284861344307682,90.0,90.0,passenger
100003539,2026-08-25 13:00:00+00:00,22.0,72.67129476465905,5.08764104346929,90.0,90.0,passenger
100003539,2026-08-25 13:15:00+00:00,22.0,72.71309235858388,4.793445909731116,90.0,90.0,passenger
100003539,2026-08-25 13:30:00+00:00,22.0,72.75535449109566,4.846720282259603,90.0,90.0,passenger
100003539,2026-08-25 13:45:00+00:00,22.0,72.7968410245795,4.757772770239673,90.0,90.0,passenger
100003539,2026-08-25 14:00:00+00:00,22.0,72.83874153077033,4.805248129289807,90.0,90.0,passenger
100003539,2026-08-25 14:15:00+00:00,22.0,72.87855248460139,4.56561337351517,90.0,90.0,passenger
100003539,2026-08-25 14:30:00+00:00,22.0,72.91573014398338,4.263621002168598,90.0,90.0,passenger
100003539,2026-08-25 14:45:00+00:00,22.0,72.95326309935434,4.30436717784854,90.0,90.0,passenger
100003539,2026-08-25 15:00:00+00:00,22.0,72.99019364596603,4.235281531235973,90.0,90.0,passenger
100003539,2026-08-25 15:15:00+00:00,22.0,73.0,1.124615635006345,90.0,90.0,passenger
100003539,2026-08-25 15:30:00+00:00,22.0,73.0,0.0,0.0,0.0,passenger
100003539,2026-08-25 15:45:00+00:00,22.0,73.0,0.0,0.0,0.0,passenger
100003539,2026-08-25 16:00:00+00:00,22.0,73.0,0.0,0.0,0.0,passenger
100003539,2026-08-25 16:15:00+00:00,22.0,73.0,0.0,0.0,0.0,passenger
100003539,2026-08-25 16:30:00+00:00,22.0,73.0,0.0,0.0,0.0,passenger
100003539,2026-08-25 16:45:00+00:00,22.0,73.0,0.0,0.0,0.0,passenger
100003539,2026-08-25 17:00:00+00:00,22.0,73.0,0.0,0.0,0.0,passenger
100003539,2026-08-25 17:15:00+00:00,22.0,73.0,0.0,0.0,0.0,passenger
100003539,2026-08-25 17:30:00+00:00,22.0,73.0,0.0,0.0,0.0,passenger
100003539,2026-08-25 17:45:00+00:00,22.0,73.0,0.0,0.0,0.0,passenger
100003539,2026-08-25 18:00:00+00:00,22.0,73.0,0.0,0.0,0.0,passenger
100003539,2026-08-25 18:15:00+00:00,22.0,73.0,0.0,0.0,0.0,passenger
100003539,2026-08-25 18:30:00+00:00,22.0,73.0,0.0,0.0,0.0,passenger
100003539,2026-08-25 18:45:00+00:00,22.0,73.0,0.0,0.0,0.0,passenger
100003539,2026-08-25 19:00:00+00:00,22.0,73.0,0.0,0.0,0.0,passenger
100003539,2026-08-25 19:15:00+00:00,22.0,73.0,0.0,0.0,0.0,passenger
100003539,2026-08-25 19:30:00+00:00,22.0,73.0,0.0,0.0,0.0,passenger
100003539,2026-08-25 19:45:00+00:00,22.0,73.0,0.0,0.0,0.0,passenger
100003539,2026-08-25 20:00:00+00:00,22.0,73.0,0.0,0.0,0.0,passenger
100003539,2026-08-25 20:15:00+00:00,22.0,73.0,0.0,0.0,0.0,passenger
100003539,2026-08-25 20:30:00+00:00,22.0,73.0,0.0,0.0,0.0,passenger
100003539,2026-08-25 20:45:00+00:00,22.0,73.0,0.0,0.0,0.0,passenger
100003539,2026-08-25 21:00:00+00:00,22.0,73.0,0.0,0.0,0.0,passenger
100003539,2026-08-25 21:15:00+00:00,22.0,73.0,0.0,0.0,0.0,passenger
100003539,2026-08-25 21:30:00+00:00,22.0,73.0,0.0,0.0,0.0,passenger
100003539,2026-08-25 21:45:00+00:00,22.0,73.0,0.0,0.0,0.0,passenger
100003539,2026-08-25 22:00:00+00:00,22.0,73.0,0.0,0.0,0.0,passenger
100003539,2026-08-25 22:15:00+00:00,22.0,73.0,0.0,0.0,0.0,passenger
100003539,2026-08-25 22:30:00+00:00,22.0,73.0,0.0,0.0,0.0,passenger
100003539,2026-08-25 22:45:00+00:00,22.0,73.0,0.0,0.0,0.0,passenger
100003539,2026-08-25 23:00:00+00:00,22.0,73.0,0.0,0.0,0.0,passenger
100003539,2026-08-25 23:15:00+00:00,22.0,73.0,0.0,0.0,0.0,passenger
100003539,2026-08-25 23:30:00+00:00,22.0,73.0,0.0,0.0,0.0,passenger
100003539,2026-08-25 23:45:00+00:00,22.0,73.0,0.0,0.0,0.0,passenger
100003539,2026-08-26 00:00:00+00:00,22.0,73.0,0.0,0.0,0.0,passenger
100003539,2026-08-26 00:15:00+00:00,22.0,73.0,0.0,0.0,0.0,passenger
100003539,2026-08-26 00:30:00+00:00,22.0,73.0,0.0,0.0,0.0,passenger
100003539,2026-08-26 00:45:00+00:00,22.0,73.0,0.0,0.0,0.0,passenger
100003539,2026-08-26 01:00:00+00:00,22.0,73.0,0.0,0.0,0.0,passenger
100003539,2026-08-26 01:15:00+00:00,22.0,73.0,0.0,0.0,0.0,passenger
100003539,2026-08-26 01:30:00+00:00,22.0,73.0,0.0,0.0,0.0,passenger
100003539,2026-08-26 01:45:00+00:00,22.0,73.0,0.0,0.0,0.0,passenger
100003539,2026-08-26 02:00:00+00:00,22.0,73.0,0.0,0.0,0.0,passenger
100003539,2026-08-26 02:15:00+00:00,22.0,73.0,0.0,0.0,0.0,passenger
100003539,2026-08-26 02:30:00+00:00,22.0,73.0,0.0,0.0,0.0,passenger
100003539,2026-08-26 02:45:00+00:00,22.0,73.0,0.0,0.0,0.0,passenger
100003539,2026-08-26 03:00:00+00:00,22.0,73.0,0.0,0.0,0.0,passenger
100003539,2026-08-26 03:15:00+00:00,22.0,73.0,0.0,0.0,0.0,passenger
100003539,2026-08-26 03:30:00+00:00,22.0,73.0,0.0,0.0,0.0,passenger
100003539,2026-08-26 03:45:00+00:00,22.0,73.0,0.0,0.0,0.0,passenger
100003539,2026-08-26 04:00:00+00:00,22.0,73.0,0.0,0.0,0.0,passenger
100003539,2026-08-26 04:15:00+00:00,22.0,73.0,0.0,0.0,0.0,passenger
100003539,2026-08-26 04:30:00+00:00,22.0,73.0,0.0,0.0,0.0,passenger
100003539,2026-08-26 04:45:00+00:00,22.0,73.0,0.0,0.0,0.0,passenger
100003539,2026-08-26 05:00:00+00:00,22.0,73.0,0.0,0.0,0.0,passenger
100003539,2026-08-26 05:15:00+00:00,22.0,73.0,0.0,0.0,0.0,passenger
100003539,2026-08-26 05:30:00+00:00,22.0,73.0,0.0,0.0,0.0,passenger
100003539,2026-08-26 05:45:00+00:00,22.0,73.0,0.0,0.0,0.0,passenger
100003539,2026-08-26 06:00:00+00:00,22.0,73.0,0.0,0.0,0.0,passenger
100003539,2026-08-26 06:15:00+00:00,22.0,73.0,0.0,0.0,0.0,passenger
100003539,2026-08-26 06:30:00+00:00,22.0,73.0,0.0,0.0,0.0,passenger
100003539,2026-08-26 06:45:00+00:00,22.0,73.0,0.0,0.0,0.0,passenger
100003539,2026-08-26 07:00:00+00:00,22.0,73.0,0.0,0.0,0.0,passenger
100003539,2026-08-26 07:15:00+00:00,22.0,73.0,0.0,0.0,0.0,passenger
100003539,2026-08-26 07:30:00+00:00,22.0,73.0,0.0,0.0,0.0,passenger
100003539,2026-08-26 07:45:00+00:00,22.0,73.0,0.0,0.0,0.0,passenger
100003539,2026-08-26 08:00:00+00:00,22.0,73.0,0.0,0.0,0.0,passenger
100003539,2026-08-26 08:15:00+00:00,22.0,73.0,0.0,0.0,0.0,passenger
100003539,2026-08-26 08:30:00+00:00,22.0,73.0,0.0,0.0,0.0,passenger
100003539,2026-08-26 08:45:00+00:00,22.0,73.0,0.0,0.0,0.0,passenger
100003539,2026-08-26 09:00:00+00:00,22.0,73.0,0.0,0.0,0.0,passenger
100003539,2026-08-26 09:15:00+00:00,22.0,73.0,0.0,0.0,0.0,passenger
100003539,2026-08-26 09:30:00+00:00,22.0,73.0,0.0,0.0,0.0,passenger
100003539,2026-08-26 09:45:00+00:00,22.0,73.0,0.0,0.0,0.0,passenger
100003539,2026-08-26 10:00:00+00:00,22.0,73.0,0.0,0.0,0.0,passenger
100004820,2026-08-24 10:00:00+00:00,19.72611257254577,70.71424655306704,6.001684944008079,257.3166160890505,257.3166160890505,fishing
100004820,2026-08-24 10:15:00+00:00,19.71482957059102,70.66411213701011,6.001684944008079,257.3166160890505,257.3166160890505,fishing
100004820,2026-08-24 10:30:00+00:00,19.70439281607097,70.61377458184339,6.001712164727229,258.2865237686145,258.2865237686145,fishing
100004820,2026-08-24 10:45:00+00:00,19.69393498090578,70.56344525239481,6.001711698569053,258.26165503871266,258.26165503871266,fishing
100004820,2026-08-24 11:00:00+00:00,19.68522786920574,70.51274404012244,6.001769821498696,260.2554334359866,260.2554334359866,fishing
100004820,2026-08-24 11:15:00+00:00,19.677321101468394,70.46189764001551,6.001797314342113,261.1611255527196,261.1611255527196,fishing
100004820,2026-08-24 11:30:00+00:00,19.67207066213485,70.41066675369991,6.001891349531208,264.14842508551965,264.14842508551965,fishing
100004820,2026-08-24 11:45:00+00:00,19.668456454874484,70.35927762027367,6.0019511159532275,265.9770015337491,265.9770015337491,fishing
100004820,2026-08-24 12:00:00+00:00,19.666060764424433,70.30780896375931,6.00199622735018,267.3350003838516,267.3350003838516,fishing
100004820,2026-08-24 12:15:00+00:00,19.663069545428606,70.25637642447705,6.001974154242752,266.6715353813443,266.6715353813443,fishing
100004820,2026-08-24 12:30:00+00:00,19.65935961566706,70.20499789947438,6.001947661592694,265.8699663626287,265.8699663626287,fishing
100004820,2026-08-24 12:45:00+00:00,19.65556227586218,70.15362779225076,6.001944478008926,265.77231672319584,265.77231672319584,fishing
100004820,2026-08-24 13:00:00+00:00,19.654879381792714,70.10210499266543,6.002060158265776,269.2406340999715,269.2406340999715,fishing
100004820,2026-08-24 13:15:00+00:00,19.653508472946594,70.0505980976728,6.002034454591136,268.4753740076685,268.4753740076685,fishing
100004820,2026-08-24 13:30:00+00:00,19.65257873957334,69.99908039279846,6.002050934504209,268.96610269264147,268.96610269264147,fishing
100004820,2026-08-24 13:45:00+00:00,19.647854052531525,69.94779955683428,6.001910652979692,264.73599577372505,264.73599577372505,fishing
100004820,2026-08-24 14:00:00+00:00,19.64426986447576,69.89641580079065,6.00195239935281,266.0098915760084,266.0098915760084,fishing
100004820,2026-08-24 14:15:00+00:00,19.64450579832064,69.8448918385669,6.002094526354753,270.2623617922753,270.2623617922753,fishing
100004820,2026-08-24 14:30:00+00:00,19.64316044832266,69.79338750495076,6.002035437297808,268.5037112978523,268.5037112978523,fishing
100004820,2026-08-24 14:45:00+00:00,19.647187366928673,69.74203979599203,6.00223525598573,274.4842148758315,274.4842148758315,fishing
100004820,2026-08-24 15:00:00+00:00,19.651521828267704,69.6907189399822,6.002246537723045,274.8276349257478,274.8276349257478,fishing
100004820,2026-08-24 15:15:00+00:00,19.651503875319097,69.63919212538057,6.002085032587493,269.98003703214886,269.98003703214886,fishing
100004820,2026-08-24 15:30:00+00:00,19.650832893912586,69.58767044879454,6.002060609330015,269.2538629946223,269.2538629946223,fishing
100004820,2026-08-24 15:45:00+00:00,19.65241519428844,69.53617073834718,6.002144832821472,271.7598278059053,271.7598278059053,fishing
100004820,2026-08-24 16:00:00+00:00,19.657375669086477,69.48491197078192,6.002269364384683,275.52748356842204,275.52748356842204,fishing
100004820,2026-08-24 16:15:00+00:00,19.66354444907664,69.43379936201715,6.002312853954593,276.8817422626115,276.8817422626115,fishing
100004820,2026-08-24 16:30:00+00:00,19.6723364328303,69.38311875179281,6.002404096506003,279.8416248957332,279.8416248957332,fishing
100004820,2026-08-24 16:45:00+00:00,19.6791595482828,69.33209503693107,6.002336237648779,277.6166571057083,277.6166571057083,fishing
100004820,2026-08-24 17:00:00+00:00,19.684840023405435,69.28091183838518,6.0022956442849225,276.3329522104312,276.3329522104312,fishing
100004820,2026-08-24 17:15:00+00:00,19.68768713894681,69.22946217304212,6.0021920471100225,273.1673966039873,273.1673966039873,fishing
100004820,2026-08-24 17:30:00+00:00,19.68951056580615,69.17795953446551,6.00215395851286,272.0276833701124,272.0276833701124,fishing
100004820,2026-08-24 17:45:00+00:00,19.69262287241627,69.12652561135911,6.002201904803664,273.4627898127353,273.4627898127353,fishing
100004820,2026-08-24 18:00:00+00:00,19.69609455854832,69.07511652816511,6.002215215361965,273.8633525923245,273.8633525923245,fishing
100004820,2026-08-24 18:15:00+00:00,19.701030679980274,69.02384113926897,6.002268921497371,275.4987412136038,275.4987412136038,fishing
100004820,2026-08-24 18:30:00+00:00,19.704386345066723,68.97242070110079,6.002210987000039,273.733791660109,273.733791660109,fishing
100004820,2026-08-24 18:45:00+00:00,19.706261202200157,68.92091475494588,6.00215594256305,272.0846912163721,272.0846912163721,fishing
100004820,2026-08-24 19:00:00+00:00,19.708482331919928,68.86942363108861,6.002168874347593,272.46998908181354,272.46998908181354,fishing
100004820,2026-08-24 19:15:00+00:00,19.709683311116926,68.8178938847747,6.002130745729293,271.3351236713491,271.3351236713491,fishing
100004820,2026-08-24 19:30:00+00:00,19.713086773457487,68.76647419410605,6.002212814617932,273.786876083882,273.786876083882,fishing
100004820,2026-08-24 19:45:00+00:00,19.715429358487672,68.71498690698262,6.0021734347849645,272.6050650837104,272.6050650837104,fishing
100004820,2026-08-24 20:00:00+00:00,19.7169334907646,68.66346380378747,6.002142117592589,271.6721811378573,271.6721811378573,fishing
100004820,2026-08-24 20:15:00+00:00,19.71914655366766,68.61196885376688,6.002168622151303,272.46084686022743,272.46084686022743,fishing
100004820,2026-08-24 20:30:00+00:00,19.72070071687243,68.56044621198474,6.002144002239337,271.7277840538431,271.7277840538431,fishing
100004820,2026-08-24 20:45:00+00:00,19.720163327450006,68.50890045905807,6.002065527555642,269.4026854076222,269.4026854076222,fishing
100004820,2026-08-24 21:00:00+00:00,19.71776474417051,68.45741532932726,6.001995864665188,267.332639497648,267.332639497648,fishing
100004820,2026-08-24 21:15:00+00:00,19.7162763196749,68.40589192316507,6.002029876718541,268.3452815569262,268.3452815569262,fishing
100004820,2026-08-24 21:30:00+00:00,19.7124900398655,68.35450263288016,6.001944442514232,265.786153569597,265.786153569597,fishing
100004820,2026-08-24 21:45:00+00:00,19.711066720098373,68.30297882954564,6.002032329718127,268.4176346514229,268.4176346514229,fishing
100004820,2026-08-24 22:00:00+00:00,19.7084749865575,68.25150725441992,6.001988719083864,267.117436458543,267.117436458543,fishing
100004820,2026-08-24 22:15:00+00:00,19.706926068967107,68.19998887265368,6.002027642059145,268.2779017475912,268.2779017475912,fishing
100004820,2026-08-24 22:30:00+00:00,19.70431032258998,68.14852000813589,6.001987848064673,267.0906217537853,267.0906217537853,fishing
100004820,2026-08-24 22:45:00+00:00,19.700148132706527,68.09716749394089,6.001930719773405,265.36622971274505,265.36622971274505,fishing
100004820,2026-08-24 23:00:00+00:00,19.696401421506305,68.04578009938233,6.0019460247097856,265.8298810268573,265.8298810268573,fishing
100004820,2026-08-24 23:15:00+00:00,19.694433097253842,68.0,5.336743225297183,267.53807312805236,267.53807312805236,fishing
100004820,2026-08-24 23:30:00+00:00,19.692046188778512,68.0,0.2952340571930487,180.0,180.0,fishing
100004820,2026-08-24 23:45:00+00:00,19.689548511072953,68.0,0.30893498020316656,180.0,180.0,fishing
100004820,2026-08-25 00:00:00+00:00,19.688417487872783,68.0,0.13989500293655527,180.0,180.0,fishing
100004820,2026-08-25 00:15:00+00:00,19.688710100399874,68.0,0.036192918350774206,0.0,0.0,fishing
100004820,2026-08-25 00:30:00+00:00,19.68893751407954,68.0,0.028128545356165408,0.0,0.0,fishing
100004820,2026-08-25 00:45:00+00:00,19.688413743567832,68.0,0.06478459262604257,180.0,180.0,fishing
100004820,2026-08-25 01:00:00+00:00,19.688029974946332,68.0,0.04746791438375861,180.0,180.0,fishing
100004820,2026-08-25 01:15:00+00:00,19.687322849005078,68.0,0.08746362197823,180.0,180.0,fishing
100004820,2026-08-25 01:30:00+00:00,19.687145834478667,68.0,0.021894730088976487,180.0,180.0,fishing
100004820,2026-08-25 01:45:00+00:00,19.684946639868876,68.0,0.27201593773542876,180.0,180.0,fishing
100004820,2026-08-25 02:00:00+00:00,19.68321656671875,68.0,0.21399082563538832,180.0,180.0,fishing
100004820,2026-08-25 02:15:00+00:00,19.68027122909015,68.0,0.36430553868451876,180.0,180.0,fishing
100004820,2026-08-25 02:30:00+00:00,19.67885873110774,68.0,0.17471030600178114,180.0,180.0,fishing
100004820,2026-08-25 02:45:00+00:00,19.676308139533827,68.0,0.3154798377868559,180.0,180.0,fishing
100004820,2026-08-25 03:00:00+00:00,19.672650177622003,68.0,0.45244924447133045,180.0,180.0,fishing
100004820,2026-08-25 03:15:00+00:00,19.66974492650008,68.0,0.35934728321390486,180.0,180.0,fishing
100004820,2026-08-25 03:30:00+00:00,19.66686370557658,68.0,0.35637501467094995,180.0,180.0,fishing
100004820,2026-08-25 03:45:00+00:00,19.66783706491847,68.0,0.12039373548773619,0.0,0.0,fishing
100004820,2026-08-25 04:00:00+00:00,19.666051073880283,68.0,0.2209072470788077,180.0,180.0,fishing
100004820,2026-08-25 04:15:00+00:00,19.66445104553704,68.0,0.19790572796658254,180.0,180.0,fishing
100004820,2026-08-25 04:30:00+00:00,19.664764198998157,68.0,0.038733603657373154,0.0,0.0,fishing
100004820,2026-08-25 04:45:00+00:00,19.664097789704048,68.0,0.08242742513352902,180.0,180.0,fishing
100004820,2026-08-25 05:00:00+00:00,19.661889759787957,68.0,0.27310876695465824,180.0,180.0,fishing
100004820,2026-08-25 05:15:00+00:00,19.6582093774464,68.0,0.4552224025134434,180.0,180.0,fishing
100004820,2026-08-25 05:30:00+00:00,19.651813675654342,68.0,0.7910772483244058,180.0,180.0,fishing
100004820,2026-08-25 05:45:00+00:00,19.647690505955932,68.0,0.5099902786966516,180.0,180.0,fishing
100004820,2026-08-25 06:00:00+00:00,19.643011313206802,68.0,0.5787641520368187,180.0,180.0,fishing
100004820,2026-08-25 06:15:00+00:00,19.637577362270164,68.0,0.6721193536294788,180.0,180.0,fishing
100004820,2026-08-25 06:30:00+00:00,19.628586309741905,68.0,1.1120932971619968,180.0,180.0,fishing
100004820,2026-08-25 06:45:00+00:00,19.617221051005313,68.0,1.4057562250638838,180.0,180.0,fishing
100004820,2026-08-25 07:00:00+00:00,19.608282738430205,68.0,1.105569950956653,180.0,180.0,fishing
100004820,2026-08-25 07:15:00+00:00,19.599849551882798,68.0,1.0430914738414958,180.0,180.0,fishing
100004820,2026-08-25 07:30:00+00:00,19.593368646012035,68.0,0.801616046148166,180.0,180.0,fishing
100004820,2026-08-25 07:45:00+00:00,19.58863745202001,68.0,0.5851961279914325,180.0,180.0,fishing
100004820,2026-08-25 08:00:00+00:00,19.58222264591265,68.0,0.793440239856784,180.0,180.0,fishing
100004820,2026-08-25 08:15:00+00:00,19.579905723854967,68.0,0.28657751495708805,180.0,180.0,fishing
100004820,2026-08-25 08:30:00+00:00,19.580890437337928,68.0,0.12179811658130275,0.0,0.0,fishing
100004820,2026-08-25 08:45:00+00:00,19.580920274008957,68.0,0.0036904646877153544,0.0,0.0,fishing
100004820,2026-08-25 09:00:00+00:00,19.574921437060148,68.0,0.7419894768237819,180.0,180.0,fishing
100004820,2026-08-25 09:15:00+00:00,19.568323795227872,68.0,0.8160549875210114,180.0,180.0,fishing
100004820,2026-08-25 09:30:00+00:00,19.562126270606623,68.0,0.7665649342639176,180.0,180.0,fishing
100004820,2026-08-25 09:45:00+00:00,19.554976260879204,68.0,0.8843767587291038,180.0,180.0,fishing
100004820,2026-08-25 10:00:00+00:00,19.547455335574607,68.0,0.9302548943419207,180.0,180.0,fishing
100004820,2026-08-25 10:15:00+00:00,19.53855107584354,68.0,1.1013579925138788,180.0,180.0,fishing
100004820,2026-08-25 10:30:00+00:00,19.531185776781427,68.0,0.9110056573270123,180.0,180.0,fishing
100004820,2026-08-25 10:45:00+00:00,19.523927033135315,68.0,0.8978259363168766,180.0,180.0,fishing
100004820,2026-08-25 11:00:00+00:00,19.51826560259277,68.0,0.7002560533290761,180.0,180.0,fishing
100004820,2026-08-25 11:15:00+00:00,19.51466480970249,68.0,0.4453780717175424,180.0,180.0,fishing
100004820,2026-08-25 11:30:00+00:00,19.50740505086534,68.0,0.8979515041684742,180.0,180.0,fishing
100004820,2026-08-25 11:45:00+00:00,19.498857601319717,68.0,1.0572245371320608,180.0,180.0,fishing
100004820,2026-08-25 12:00:00+00:00,19.48927176718681,68.0,1.1856611729723605,180.0,180.0,fishing
100004820,2026-08-25 12:15:00+00:00,19.483988520275307,68.0,0.6534789402094809,180.0,180.0,fishing
100004820,2026-08-25 12:30:00+00:00,19.478956238331254,68.0,0.6224373622356331,180.0,180.0,fishing
100004820,2026-08-25 12:45:00+00:00,19.475294744102687,68.0,0.4528861528044887,180.0,180.0,fishing
100004820,2026-08-25 13:00:00+00:00,19.468466861300325,68.0,0.8445332372877384,180.0,180.0,fishing
100004820,2026-08-25 13:15:00+00:00,19.46187923707691,68.0,0.8148159206116032,180.0,180.0,fishing
100004820,2026-08-25 13:30:00+00:00,19.456936890217822,68.0,0.611313391504182,180.0,180.0,fishing
100004820,2026-08-25 13:45:00+00:00,19.453449021305406,68.0,0.43141063036678196,180.0,180.0,fishing
100004820,2026-08-25 14:00:00+00:00,19.451015118507122,68.0,0.30104673278331007,180.0,180.0,fishing
100004820,2026-08-25 14:15:00+00:00,19.448603209348352,68.0,0.29832636394919443,180.0,180.0,fishing
100004820,2026-08-25 14:30:00+00:00,19.44629546572784,68.0,0.28544224426164755,180.0,180.0,fishing
100004820,2026-08-25 14:45:00+00:00,19.44112850033811,68.0,0.6390962079830408,180.0,180.0,fishing
100004820,2026-08-25 15:00:00+00:00,19.434447627804012,68.0,0.8263497005508349,180.0,180.0,fishing
100004820,2026-08-25 15:15:00+00:00,19.428154430890782,68.0,0.7783985337564099,180.0,180.0,fishing
100004820,2026-08-25 15:30:00+00:00,19.42066079989603,68.0,0.9268788914841836,180.0,180.0,fishing
100004820,2026-08-25 15:45:00+00:00,19.414322026643887,68.0,0.7840358204761412,180.0,180.0,fishing
100004820,2026-08-25 16:00:00+00:00,19.408767952092866,68.0,0.6869773100218933,180.0,180.0,fishing
100004820,2026-08-25 16:15:00+00:00,19.405520249316716,68.0,0.4017047478233735,180.0,180.0,fishing
100004820,2026-08-25 16:30:00+00:00,19.403893574770475,68.0,0.20120156720838575,180.0,180.0,fishing
100004820,2026-08-25 16:45:00+00:00,19.402651681235543,68.0,0.1536084314539901,180.0,180.0,fishing
100004820,2026-08-25 17:00:00+00:00,19.402676630182263,68.0,0.0030859074987592155,0.0,0.0,fishing
100004820,2026-08-25 17:15:00+00:00,19.404403721953184,68.0,0.2136220621542942,0.0,0.0,fishing
100004820,2026-08-25 17:30:00+00:00,19.405271601883687,68.0,0.10734710429289199,0.0,0.0,fishing
100004820,2026-08-25 17:45:00+00:00,19.4055816836336,68.0,0.03835366711139048,0.0,0.0,fishing
100004820,2026-08-25 18:00:00+00:00,19.405727757009753,68.0,0.018067653592739596,0.0,0.0,fishing
100004820,2026-08-25 18:15:00+00:00,19.40506836621985,68.0,0.08155931414659502,180.0,180.0,fishing
100004820,2026-08-25 18:30:00+00:00,19.40612930745053,68.0,0.1312266419992074,0.0,0.0,fishing
100004820,2026-08-25 18:45:00+00:00,19.406127753673772,68.0,0.00019218492087876233,180.0,180.0,fishing
100004820,2026-08-25 19:00:00+00:00,19.408245655903077,68.0,0.2619609735180049,0.0,0.0,fishing
100004820,2026-08-25 19:15:00+00:00,19.409742390515845,68.0,0.1851294412148568,0.0,0.0,fishing
100004820,2026-08-25 19:30:00+00:00,19.412038680952232,68.0,0.2840256126429193,0.0,0.0,fishing
100004820,2026-08-25 19:45:00+00:00,19.414616500117184,68.0,0.3188475882693317,0.0,0.0,fishing
100004820,2026-08-25 20:00:00+00:00,19.415542298783183,68.0,0.1145110083323088,0.0,0.0,fishing
100004820,2026-08-25 20:15:00+00:00,19.41643441283852,68.0,0.11034459626669278,0.0,0.0,fishing
100004820,2026-08-25 20:30:00+00:00,19.417891505300567,68.0,0.18022614763899014,0.0,0.0,fishing
100004820,2026-08-25 20:45:00+00:00,19.419239740140373,68.0,0.16676166929694208,0.0,0.0,fishing
100004820,2026-08-25 21:00:00+00:00,19.418313840665274,68.0,0.11452347729784486,180.0,180.0,fishing
100004820,2026-08-25 21:15:00+00:00,19.420269347264867,68.0,0.24187443851855903,0.0,0.0,fishing
100004820,2026-08-25 21:30:00+00:00,19.422373274909564,68.0,0.26023247267519184,0.0,0.0,fishing
100004820,2026-08-25 21:45:00+00:00,19.42313238976023,68.0,0.09389407241796512,0.0,0.0,fishing
100004820,2026-08-25 22:00:00+00:00,19.42663385265967,68.0,0.43309205551735697,0.0,0.0,fishing
100004820,2026-08-25 22:15:00+00:00,19.43117747087062,68.0,0.5619950880476108,0.0,0.0,fishing
100004820,2026-08-25 22:30:00+00:00,19.433693699281026,68.0,0.31122949627389634,0.0,0.0,fishing
100004820,2026-08-25 22:45:00+00:00,19.43444179363262,68.0,0.09253095913258626,0.0,0.0,fishing
100004820,2026-08-25 23:00:00+00:00,19.43481320729818,68.0,0.04593974361147654,0.0,0.0,fishing
100004820,2026-08-25 23:15:00+00:00,19.435688175142523,68.0,0.1082238004802837,0.0,0.0,fishing
100004820,2026-08-25 23:30:00+00:00,19.43761762065984,68.0,0.23865097220846315,0.0,0.0,fishing
100004820,2026-08-25 23:45:00+00:00,19.441153911734727,68.0,0.4373999138405032,0.0,0.0,fishing
100004820,2026-08-26 00:00:00+00:00,19.44560105453684,68.0,0.5500621519237007,0.0,0.0,fishing
100004820,2026-08-26 00:15:00+00:00,19.45231405393896,68.0,0.8303234371598337,0.0,0.0,fishing
100004820,2026-08-26 00:30:00+00:00,19.459239692391787,68.0,0.8566245250763775,0.0,0.0,fishing
100004820,2026-08-26 00:45:00+00:00,19.464889490971526,68.0,0.6988173087739692,0.0,0.0,fishing
100004820,2026-08-26 01:00:00+00:00,19.47053365219274,68.0,0.6981200301615388,0.0,0.0,fishing
100004820,2026-08-26 01:15:00+00:00,19.476061746282397,68.0,0.6837638156231194,0.0,0.0,fishing
100004820,2026-08-26 01:30:00+00:00,19.477234604179884,68.0,0.145069490164698,0.0,0.0,fishing
100004820,2026-08-26 01:45:00+00:00,19.477456695690815,68.0,0.02747025221873732,0.0,0.0,fishing
100004820,2026-08-26 02:00:00+00:00,19.478210976395328,68.0,0.09329614225150004,0.0,0.0,fishing
100004820,2026-08-26 02:15:00+00:00,19.478246723454767,68.0,0.004421514063025553,0.0,0.0,fishing
100004820,2026-08-26 02:30:00+00:00,19.477187962934302,68.0,0.1309569123757165,180.0,180.0,fishing
100004820,2026-08-26 02:45:00+00:00,19.477672858821883,68.0,0.05997623356170531,0.0,0.0,fishing
100004820,2026-08-26 03:00:00+00:00,19.476605343748204,68.0,0.13203975333546478,180.0,180.0,fishing
100004820,2026-08-26 03:15:00+00:00,19.47674313526948,68.0,0.01704328016489948,0.0,0.0,fishing
100004820,2026-08-26 03:30:00+00:00,19.4746241114237,68.0,0.2620997050134785,180.0,180.0,fishing
100004820,2026-08-26 03:45:00+00:00,19.47717958966713,68.0,0.3160842645095654,0.0,0.0,fishing
100004820,2026-08-26 04:00:00+00:00,19.479370163663116,68.0,0.27094966359234546,0.0,0.0,fishing
100004820,2026-08-26 04:15:00+00:00,19.481013600169927,68.0,0.20327483548685954,0.0,0.0,fishing
100004820,2026-08-26 04:30:00+00:00,19.484590304136447,68.0,0.4423985395032843,0.0,0.0,fishing
100004820,2026-08-26 04:45:00+00:00,19.48745935085043,68.0,0.35486920022280954,0.0,0.0,fishing
100004820,2026-08-26 05:00:00+00:00,19.492783781366125,68.0,0.6585728944525153,0.0,0.0,fishing
100004820,2026-08-26 05:15:00+00:00,19.498733375880924,68.0,0.7358987348749624,0.0,0.0,fishing
100004820,2026-08-26 05:30:00+00:00,19.504483883151924,68.0,0.7112738548973863,0.0,0.0,fishing
100004820,2026-08-26 05:45:00+00:00,19.509855772878847,68.0,0.6644430715568026,0.0,0.0,fishing
100004820,2026-08-26 06:00:00+00:00,19.51725521484364,68.0,0.9152287550230805,0.0,0.0,fishing
100004820,2026-08-26 06:15:00+00:00,19.525040261858223,68.0,0.9629238151814837,0.0,0.0,fishing
100004820,2026-08-26 06:30:00+00:00,19.53354718265104,68.0,1.0522115807295136,0.0,0.0,fishing
100004820,2026-08-26 06:45:00+00:00,19.542954725862916,68.0,1.1636085670510252,0.0,0.0,fishing
100004820,2026-08-26 07:00:00+00:00,19.552583070890428,68.0,1.1909192982917733,0.0,0.0,fishing
100004820,2026-08-26 07:15:00+00:00,19.56307286840965,68.0,1.2974713998222078,0.0,0.0,fishing
100004820,2026-08-26 07:30:00+00:00,19.573366891953643,68.0,1.273256334352392,0.0,0.0,fishing
100004820,2026-08-26 07:45:00+00:00,19.583578451089505,68.0,1.2630564033378464,0.0,0.0,fishing
100004820,2026-08-26 08:00:00+00:00,19.591929508735674,68.0,1.0329330413018067,0.0,0.0,fishing
100004820,2026-08-26 08:15:00+00:00,19.6007769470894,68.0,1.0943298194853135,0.0,0.0,fishing
100004820,2026-08-26 08:30:00+00:00,19.606746322196933,68.0,0.7383453744117393,0.0,0.0,fishing
100004820,2026-08-26 08:45:00+00:00,19.613192058255365,68.0,0.79726593113842,0.0,0.0,fishing
100004820,2026-08-26 09:00:00+00:00,19.61916637892523,68.0,0.738957085521418,0.0,0.0,fishing
100004820,2026-08-26 09:15:00+00:00,19.62576984053804,68.0,0.8167748297091603,0.0,0.0,fishing
100004820,2026-08-26 09:30:00+00:00,19.630609222770406,68.0,0.5985778112299012,0.0,0.0,fishing
100004820,2026-08-26 09:45:00+00:00,19.63186661636408,68.0,0.1555256164973168,0.0,0.0,fishing
100004820,2026-08-26 10:00:00+00:00,19.63252981149781,68.0,0.08202986920790162,0.0,0.0,fishing
100005295,2026-08-24 10:00:00+00:00,20.819702198755813,70.06396775303377,8.393799086590507,165.3546987494781,165.3546987494781,tanker
100005295,2026-08-24 10:15:00+00:00,20.753778150193973,70.0811953527475,8.393799086590507,165.3546987494781,165.3546987494781,tanker
100005295,2026-08-24 10:30:00+00:00,20.68773369043674,70.09787992681649,8.39381205055496,165.82221454755833,165.82221454755833,tanker
100005295,2026-08-24 10:45:00+00:00,20.62078213535704,70.10972931295709,8.393906892995908,169.96346814284604,169.96346814284604,tanker
100005295,2026-08-24 11:00:00+00:00,20.553582375089253,70.11984395912879,8.393933602533563,171.4403166429081,171.4403166429081,tanker
100005295,2026-08-24 11:15:00+00:00,20.486025277388734,70.1267244210291,8.39397219293379,174.1846702881465,174.1846702881465,tanker
100005295,2026-08-24 11:30:00+00:00,20.418313792149206,70.13157429016036,8.393989004944926,175.9031573539983,175.9031573539983,tanker
100005295,2026-08-24 11:45:00+00:00,20.350490438068515,70.13407478341345,8.394001187589817,177.88859082996552,177.88859082996552,tanker
100005295,2026-08-24 12:00:00+00:00,20.282663896961566,70.13647387118316,8.394001548535515,177.97423958065352,177.97423958065352,tanker
100005295,2026-08-24 12:15:00+00:00,20.214836469738426,70.13884327908687,8.394001658804994,177.99930651909088,177.99930651909088,tanker
100005295,2026-08-24 12:30:00+00:00,20.146991263074245,70.140538078901,8.39400358471888,178.5690266071572,178.5690266071572,tanker
100005295,2026-08-24 12:45:00+00:00,20.079127564526065,70.14037986497166,8.39400557456233,180.13357618553047,180.13357618553047,tanker
100005295,2026-08-24 13:00:00+00:00,20.011265715065456,70.1409359818796,8.394005377040198,179.53048084068516,179.53048084068516,tanker
100005295,2026-08-24 13:15:00+00:00,19.943402255235053,70.14118428588249,8.39400554927472,179.79036276736014,179.79036276736014,tanker
100005295,2026-08-24 13:30:00+00:00,19.8755453060044,70.14221419108497,8.394004858924966,179.1304547052651,179.1304547052651,tanker
100005295,2026-08-24 13:45:00+00:00,19.80768499885605,70.14295239960963,8.394005216430408,179.37674074384458,179.37674074384458,tanker
100005295,2026-08-24 14:00:00+00:00,19.73991970189061,70.14683692543386,8.39399523651471,176.71921111376133,176.71921111376133,tanker
100005295,2026-08-24 14:15:00+00:00,19.67210244741479,70.14416636894676,8.394000707922313,182.25506914861032,182.25506914861032,tanker
100005295,2026-08-24 14:30:00+00:00,19.604243057209686,70.14333944601593,8.394005124787311,180.69816202006174,180.69816202006174,tanker
100005295,2026-08-24 14:45:00+00:00,19.536379239948943,70.1434214227138,8.394005587432515,179.93078909039488,179.93078909039488,tanker
100005295,2026-08-24 15:00:00+00:00,19.468545380400332,70.14556149385663,8.394002482011754,178.19299110636035,178.19299110636035,tanker
100005295,2026-08-24 15:15:00+00:00,19.400683825199938,70.14615462566084,8.394005353718484,179.49922922287342,179.49922922287342,tanker
100005295,2026-08-24 15:30:00+00:00,19.332827685918566,70.14723953228729,8.394004797173018,179.08401397876335,179.08401397876335,tanker
100005295,2026-08-24 15:45:00+00:00,19.265044380167883,70.15074123938241,8.393997344886621,177.04271076333055,177.04271076333055,tanker
100005295,2026-08-24 16:00:00+00:00,19.19720310291076,70.15259496684291,8.394003285716636,178.43481221601277,178.43481221601277,tanker
100005295,2026-08-24 16:15:00+00:00,19.1293393558643,70.15246319691045,8.394005580388779,180.11125014219846,180.11125014219846,tanker
100005295,2026-08-24 16:30:00+00:00,19.061475503109754,70.15249909442066,8.394005591150984,179.96969261904405,179.96969261904405,tanker
100005295,2026-08-24 16:45:00+00:00,18.99363064376149,70.15419739894982,8.394003673503242,178.5660613613632,178.5660613613632,tanker
100005295,2026-08-24 17:00:00+00:00,18.925861420949833,70.15040989223084,8.393996089492433,183.19883601384845,183.19883601384845,tanker
100005295,2026-08-24 17:15:00+00:00,18.858139501199684,70.14577411113508,8.393991409501215,183.91596968050322,183.91596968050322,tanker
100005295,2026-08-24 17:30:00+00:00,18.790289505589893,70.14432511344408,8.394004208017732,181.22341694504422,181.22341694504422,tanker
100005295,2026-08-24 17:45:00+00:00,18.72258982835883,70.13934374730529,8.393989321632317,184.20826000497462,184.20826000497462,tanker
100005295,2026-08-24 18:00:00+00:00,18.65477944555388,70.13650075447948,8.394000300005278,182.40075549815901,182.40075549815901,tanker
100005295,2026-08-24 18:15:00+00:00,18.587536821367326,70.12683506670125,8.393945121882247,188.17986301974543,188.17986301974543,tanker
100005295,2026-08-24 18:30:00+00:00,18.520319931425096,70.11697603595533,8.393942896898114,188.34435349780114,188.34435349780114,tanker
100005295,2026-08-24 18:45:00+00:00,18.45347568439531,70.10462110312871,8.39390798386862,190.471891614138,190.471891614138,tanker
100005295,2026-08-24 19:00:00+00:00,18.385957377160448,70.09741345071342,8.393972142277516,186.09331039576355,186.09331039576355,tanker
100005295,2026-08-24 19:15:00+00:00,18.318200402233344,70.09340285378869,8.39399523146059,183.3874369164778,183.3874369164778,tanker
100005295,2026-08-24 19:30:00+00:00,18.250694067096415,70.08607745788665,8.393971264726446,186.1931726126429,186.1931726126429,tanker
100005295,2026-08-24 19:45:00+00:00,18.18326906310859,70.07796709733948,8.393963697984548,186.85899093629874,186.85899093629874,tanker
100005295,2026-08-24 20:00:00+00:00,18.11656421052534,70.06482704368833,8.393897143508386,191.14389784552912,191.14389784552912,tanker
100005295,2026-08-24 20:15:00+00:00,18.05008041910028,70.05050573295969,8.39387760203077,192.15636229272096,192.15636229272096,tanker
100005295,2026-08-24 20:30:00+00:00,18.0,70.03583549403058,6.430159692386749,196.327082336933,196.327082336933,tanker
100005295,2026-08-24 20:45:00+00:00,18.0,70.01702261392951,2.213055479179516,270.0,270.0,tanker
100005295,2026-08-24 21:00:00+00:00,18.0,69.99579578244288,2.4970209491976014,270.0,270.0,tanker
100005295,2026-08-24 21:15:00+00:00,18.0,69.97503599137141,2.4420805921541957,270.0,270.0,tanker
100005295,2026-08-24 21:30:00+00:00,18.0,69.95689704841195,2.133776800113597,270.0,270.0,tanker
100005295,2026-08-24 21:45:00+00:00,18.0,69.94452470488083,1.4554221626207486,270.0,270.0,tanker
100005295,2026-08-24 22:00:00+00:00,18.0,69.93322698354969,1.3290088471206696,270.0,270.0,tanker
100005295,2026-08-24 22:15:00+00:00,18.0,69.92485465456619,0.9848799562260085,270.0,270.0,tanker
100005295,2026-08-24 22:30:00+00:00,18.0,69.91010224027747,1.7354020807761463,270.0,270.0,tanker
100005295,2026-08-24 22:45:00+00:00,18.0,69.89693783993934,1.5485958631476622,270.0,270.0,tanker
100005295,2026-08-24 23:00:00+00:00,18.0,69.88543540294225,1.3530905998219165,270.0,270.0,tanker
100005295,2026-08-24 23:15:00+00:00,18.0,69.87768555881908,0.9116538726355138,270.0,270.0,tanker
100005295,2026-08-24 23:30:00+00:00,18.0,69.87059520842175,0.8340742465707558,270.0,270.0,tanker
100005295,2026-08-24 23:45:00+00:00,18.0,69.86515302127498,0.6401923585956478,270.0,270.0,tanker
100005295,2026-08-25 00:00:00+00:00,18.0,69.85540938909749,1.1461933771788804,270.0,270.0,tanker
100005295,2026-08-25 00:15:00+00:00,18.0,69.84525037526657,1.1950568493918372,270.0,270.0,tanker
100005295,2026-08-25 00:30:00+00:00,18.0,69.83511320725613,1.1924870135969756,270.0,270.0,tanker
100005295,2026-08-25 00:45:00+00:00,18.0,69.82530806491363,1.1534291330531545,270.0,270.0,tanker
100005295,2026-08-25 01:00:00+00:00,18.0,69.81356795862317,1.3810488565640164,270.0,270.0,tanker
100005295,2026-08-25 01:15:00+00:00,18.0,69.8029401542491,1.250203082958285,270.0,270.0,tanker
100005295,2026-08-25 01:30:00+00:00,18.0,69.79067265762527,1.4430884837061941,270.0,270.0,tanker
100005295,2026-08-25 01:45:00+00:00,18.0,69.77446796367805,1.9062411781533344,270.0,270.0,tanker
100005295,2026-08-25 02:00:00+00:00,18.0,69.75714980654641,2.0372235576676325,270.0,270.0,tanker
100005295,2026-08-25 02:15:00+00:00,18.0,69.740435508126,1.9661885634318395,270.0,270.0,tanker
100005295,2026-08-25 02:30:00+00:00,18.0,69.72603797776861,1.6936552655889776,270.0,270.0,tanker
100005295,2026-08-25 02:45:00+00:00,18.0,69.71231203369443,1.6146531300413296,270.0,270.0,tanker
100005295,2026-08-25 03:00:00+00:00,18.0,69.69721301805586,1.7761745734645955,270.0,270.0,tanker
100005295,2026-08-25 03:15:00+00:00,18.0,69.68586319030878,1.3351383918085427,270.0,270.0,tanker
100005295,2026-08-25 03:30:00+00:00,18.0,69.67247435804485,1.5749969405174606,270.0,270.0,tanker
100005295,2026-08-25 03:45:00+00:00,18.0,69.65857813499909,1.6346839179388415,270.0,270.0,tanker
100005295,2026-08-25 04:00:00+00:00,18.0,69.6450464475812,1.5918017242357652,270.0,270.0,tanker
100005295,2026-08-25 04:15:00+00:00,18.0,69.63313025678224,1.401762579515106,270.0,270.0,tanker
100005295,2026-08-25 04:30:00+00:00,18.0,69.6223851162273,1.2640059391170428,270.0,270.0,tanker
100005295,2026-08-25 04:45:00+00:00,18.0,69.6101721656569,1.4366719519592583,270.0,270.0,tanker
100005295,2026-08-25 05:00:00+00:00,18.0,69.59827385471743,1.399659280031633,270.0,270.0,tanker
100005295,2026-08-25 05:15:00+00:00,18.0,69.58760759969013,1.2547262303107336,270.0,270.0,tanker
100005295,2026-08-25 05:30:00+00:00,18.0,69.57578927176425,1.3902504683281771,270.0,270.0,tanker
100005295,2026-08-25 05:45:00+00:00,18.0,69.5627250200885,1.5368148628543417,270.0,270.0,tanker
100005295,2026-08-25 06:00:00+00:00,18.0,69.55272990772532,1.1757762799475444,270.0,270.0,tanker
100005295,2026-08-25 06:15:00+00:00,18.0,69.54132799800591,1.3412650610695607,270.0,270.0,tanker
100005295,2026-08-25 06:30:00+00:00,18.0,69.52382844376716,2.0585622288145817,270.0,270.0,tanker
100005295,2026-08-25 06:45:00+00:00,18.0,69.50519769904304,2.1916299615694057,270.0,270.0,tanker
100005295,2026-08-25 07:00:00+00:00,18.0,69.49068087111489,1.7076888500912084,270.0,270.0,tanker
100005295,2026-08-25 07:15:00+00:00,18.0,69.47573191862043,1.75852187693436,270.0,270.0,tanker
100005295,2026-08-25 07:30:00+00:00,18.0,69.46526775214205,1.2309535188444511,270.0,270.0,tanker
100005295,2026-08-25 07:45:00+00:00,18.0,69.44708222443062,2.139256803177505,270.0,270.0,tanker
100005295,2026-08-25 08:00:00+00:00,18.0,69.42357469259382,2.76531141717457,270.0,270.0,tanker
100005295,2026-08-25 08:15:00+00:00,18.0,69.40163892343502,2.580416920009572,270.0,270.0,tanker
100005295,2026-08-25 08:30:00+00:00,18.0,69.3850857139439,1.9472388472967623,270.0,270.0,tanker
100005295,2026-08-25 08:45:00+00:00,18.0,69.3706673154614,1.696110090068606,270.0,270.0,tanker
100005295,2026-08-25 09:00:00+00:00,18.0,69.35669054888096,1.6441586666097807,270.0,270.0,tanker
100005295,2026-08-25 09:15:00+00:00,18.0,69.34703929770187,1.1353261269984796,270.0,270.0,tanker
100005295,2026-08-25 09:30:00+00:00,18.0,69.33755835129767,1.1152923037245999,270.0,270.0,tanker
100005295,2026-08-25 09:45:00+00:00,18.0,69.32854050759046,1.060815160646253,270.0,270.0,tanker
100005295,2026-08-25 10:00:00+00:00,18.0,69.31921363220465,1.0971681404072202,270.0,270.0,tanker
100005295,2026-08-25 10:15:00+00:00,18.0,69.30932018421012,1.1638169793591546,270.0,270.0,tanker
100005295,2026-08-25 10:30:00+00:00,18.0,69.30181292768499,0.8831170505150002,270.0,270.0,tanker
100005295,2026-08-25 10:45:00+00:00,18.0,69.2964217690411,0.634189614343392,270.0,270.0,tanker
100005295,2026-08-25 11:00:00+00:00,18.0,69.29091742404437,0.6475043049699248,270.0,270.0,tanker
100005295,2026-08-25 11:15:00+00:00,18.0,69.2869806810491,0.4630992495029276,270.0,270.0,tanker
100005295,2026-08-25 11:30:00+00:00,18.0,69.28079020384729,0.7282175518372848,270.0,270.0,tanker
100005295,2026-08-25 11:45:00+00:00,18.0,69.274510696385,0.7386906375485761,270.0,270.0,tanker
100005295,2026-08-25 12:00:00+00:00,18.0,69.26362217323941,1.2808727679148069,270.0,270.0,tanker
100005295,2026-08-25 12:15:00+00:00,18.0,69.25071942482126,1.5178164071569882,270.0,270.0,tanker
100005295,2026-08-25 12:30:00+00:00,18.0,69.23512411108089,1.8345566620964835,270.0,270.0,tanker
100005295,2026-08-25 12:45:00+00:00,18.0,69.21920687255135,1.8724263245162256,270.0,270.0,tanker
100005295,2026-08-25 13:00:00+00:00,18.0,69.20290793823574,1.917327155554053,270.0,270.0,tanker
100005295,2026-08-25 13:15:00+00:00,18.0,69.18244447062371,2.4072225453269858,270.0,270.0,tanker
100005295,2026-08-25 13:30:00+00:00,18.0,69.16288510269821,2.3008686667998544,270.0,270.0,tanker
100005295,2026-08-25 13:45:00+00:00,18.0,69.14202009936041,2.454457250126616,270.0,270.0,tanker
100005295,2026-08-25 14:00:00+00:00,18.0,69.12178991635182,2.3797800821275286,270.0,270.0,tanker
100005295,2026-08-25 14:15:00+00:00,18.0,69.10220204154167,2.3042220777035864,270.0,270.0,tanker
100005295,2026-08-25 14:30:00+00:00,18.0,69.08542828822588,1.9731825474084872,270.0,270.0,tanker
100005295,2026-08-25 14:45:00+00:00,18.0,69.07045692342744,1.7611583510867073,270.0,270.0,tanker
100005295,2026-08-25 15:00:00+00:00,18.0,69.05775283839063,1.4944466157042484,270.0,270.0,tanker
100005295,2026-08-25 15:15:00+00:00,18.0,69.04359533510059,1.6654196518129616,270.0,270.0,tanker
100005295,2026-08-25 15:30:00+00:00,18.0,69.02690922485064,1.96287264451079,270.0,270.0,tanker
100005295,2026-08-25 15:45:00+00:00,18.0,69.01045258823697,1.9358784849046338,270.0,270.0,tanker
100005295,2026-08-25 16:00:00+00:00,18.0,68.99344015400636,2.0012598063650344,270.0,270.0,tanker
100005295,2026-08-25 16:15:00+00:00,18.0,68.97679664595573,1.9578611295214547,270.0,270.0,tanker
100005295,2026-08-25 16:30:00+00:00,18.0,68.96212258297443,1.726185215029873,270.0,270.0,tanker
100005295,2026-08-25 16:45:00+00:00,18.0,68.94535444135099,1.9725224152849665,270.0,270.0,tanker
100005295,2026-08-25 17:00:00+00:00,18.0,68.92701154821226,2.1577685046934207,270.0,270.0,tanker
100005295,2026-08-25 17:15:00+00:00,18.0,68.91325917363493,1.6177622855512979,270.0,270.0,tanker
100005295,2026-08-25 17:30:00+00:00,18.0,68.90019914655154,1.5363179024075788,270.0,270.0,tanker
100005295,2026-08-25 17:45:00+00:00,18.0,68.88930399265827,1.281652776740175,270.0,270.0,tanker
100005295,2026-08-25 18:00:00+00:00,18.0,68.87937179089376,1.1683757838879454,270.0,270.0,tanker
100005295,2026-08-25 18:15:00+00:00,18.0,68.87109518412304,0.9736196618783852,270.0,270.0,tanker
100005295,2026-08-25 18:30:00+00:00,18.0,68.86293338799308,0.9601138979415329,270.0,270.0,tanker
100005295,2026-08-25 18:45:00+00:00,18.0,68.85558816285,0.8640564688331326,270.0,270.0,tanker
100005295,2026-08-25 19:00:00+00:00,18.0,68.8491131113864,0.7616934803442675,270.0,270.0,tanker
100005295,2026-08-25 19:15:00+00:00,18.0,68.83989771663458,1.0840541022297376,270.0,270.0,tanker
100005295,2026-08-25 19:30:00+00:00,18.0,68.82930847273535,1.2456670167284536,270.0,270.0,tanker
100005295,2026-08-25 19:45:00+00:00,18.0,68.82045543957445,1.0414276516324124,270.0,270.0,tanker
100005295,2026-08-25 20:00:00+00:00,18.0,68.81297652683217,0.8797828261102949,270.0,270.0,tanker
100005295,2026-08-25 20:15:00+00:00,18.0,68.80428102641126,1.0228962682656282,270.0,270.0,tanker
100005295,2026-08-25 20:30:00+00:00,18.0,68.79437488453655,1.1653102255252503,270.0,270.0,tanker
100005295,2026-08-25 20:45:00+00:00,18.0,68.78595959945052,0.9899331026641778,270.0,270.0,tanker
100005295,2026-08-25 21:00:00+00:00,18.0,68.77812312534165,0.9218446017258914,270.0,270.0,tanker
100005295,2026-08-25 21:15:00+00:00,18.0,68.76573560897812,1.4572070206404109,270.0,270.0,tanker
100005295,2026-08-25 21:30:00+00:00,18.0,68.754788834639,1.2877251542762638,270.0,270.0,tanker
100005295,2026-08-25 21:45:00+00:00,18.0,68.73916853898871,1.8374954121632479,270.0,270.0,tanker
100005295,2026-08-25 22:00:00+00:00,18.0,68.72087914462647,2.1514751695004923,270.0,270.0,tanker
100005295,2026-08-25 22:15:00+00:00,18.0,68.69847281723409,2.6357710960574487,270.0,270.0,tanker
100005295,2026-08-25 22:30:00+00:00,18.0,68.67755886684596,2.4602151424505436,270.0,270.0,tanker
100005295,2026-08-25 22:45:00+00:00,18.0,68.65704653047177,2.4129712282110196,270.0,270.0,tanker
100005295,2026-08-25 23:00:00+00:00,18.0,68.63760783166214,2.286673740420478,270.0,270.0,tanker
100005295,2026-08-25 23:15:00+00:00,18.0,68.61548546595341,2.6023672282550785,270.0,270.0,tanker
100005295,2026-08-25 23:30:00+00:00,18.0,68.59471117879944,2.443785840613244,270.0,270.0,tanker
100005295,2026-08-25 23:45:00+00:00,18.0,68.57220206095313,2.6478628638288164,270.0,270.0,tanker
100005295,2026-08-26 00:00:00+00:00,18.0,68.54809672913971,2.8356336914143037,270.0,270.0,tanker
100005295,2026-08-26 00:15:00+00:00,18.0,68.52410398963072,2.8223888817483602,270.0,270.0,tanker
100005295,2026-08-26 00:30:00+00:00,18.0,68.49709164299468,3.1776007398782147,270.0,270.0,tanker
100005295,2026-08-26 00:45:00+00:00,18.0,68.4698313269154,3.2067706560248093,270.0,270.0,tanker
100005295,2026-08-26 01:00:00+00:00,18.0,68.44066354286711,3.43115588664809,270.0,270.0,tanker
100005295,2026-08-26 01:15:00+00:00,18.0,68.4126242173023,3.2984095332752603,270.0,270.0,tanker
100005295,2026-08-26 01:30:00+00:00,18.0,68.38625005349952,3.102528023297839,270.0,270.0,tanker
100005295,2026-08-26 01:45:00+00:00,18.0,68.35819307879424,3.30048569209775,270.0,270.0,tanker
100005295,2026-08-26 02:00:00+00:00,18.0,68.32915295661925,3.416138366382414,270.0,270.0,tanker
100005295,2026-08-26 02:15:00+00:00,18.0,68.29956050797048,3.481111359487611,270.0,270.0,tanker
100005295,2026-08-26 02:30:00+00:00,18.0,68.27074886941368,3.3892606676773007,270.0,270.0,tanker
100005295,2026-08-26 02:45:00+00:00,18.0,68.23845202285823,3.7992435419665522,270.0,270.0,tanker
100005295,2026-08-26 03:00:00+00:00,18.0,68.2086582144747,3.504798336808602,270.0,270.0,tanker
100005295,2026-08-26 03:15:00+00:00,18.0,68.18153871313835,3.190205896310918,270.0,270.0,tanker
100005295,2026-08-26 03:30:00+00:00,18.0,68.1522643646217,3.443691611074132,270.0,270.0,tanker
100005295,2026-08-26 03:45:00+00:00,18.0,68.12105042949442,3.6718551220805904,270.0,270.0,tanker
100005295,2026-08-26 04:00:00+00:00,18.0,68.08904678919758,3.764752187443534,270.0,270.0,tanker
100005295,2026-08-26 04:15:00+00:00,18.0,68.05768558146275,3.6891795534977194,270.0,270.0,tanker
100005295,2026-08-26 04:30:00+00:00,18.0,68.02520554571072,3.8207930257793485,270.0,270.0,tanker
100005295,2026-08-26 04:45:00+00:00,18.0,68.0,2.9650574893981676,270.0,270.0,tanker
100005295,2026-08-26 05:00:00+00:00,18.0,68.0,0.0,0.0,0.0,tanker
100005295,2026-08-26 05:15:00+00:00,18.0,68.0,0.0,0.0,0.0,tanker
100005295,2026-08-26 05:30:00+00:00,18.0,68.0,0.0,0.0,0.0,tanker
100005295,2026-08-26 05:45:00+00:00,18.0,68.0,0.0,0.0,0.0,tanker
100005295,2026-08-26 06:00:00+00:00,18.0,68.0,0.0,0.0,0.0,tanker
100005295,2026-08-26 06:15:00+00:00,18.0,68.0,0.0,0.0,0.0,tanker
100005295,2026-08-26 06:30:00+00:00,18.0,68.0,0.0,0.0,0.0,tanker
100005295,2026-08-26 06:45:00+00:00,18.0,68.0,0.0,0.0,0.0,tanker
100005295,2026-08-26 07:00:00+00:00,18.0,68.0,0.0,0.0,0.0,tanker
100005295,2026-08-26 07:15:00+00:00,18.0,68.0,0.0,0.0,0.0,tanker
100005295,2026-08-26 07:30:00+00:00,18.0,68.0,0.0,0.0,0.0,tanker
100005295,2026-08-26 07:45:00+00:00,18.0,68.0,0.0,0.0,0.0,tanker
100005295,2026-08-26 08:00:00+00:00,18.0,68.0,0.0,0.0,0.0,tanker
100005295,2026-08-26 08:15:00+00:00,18.0,68.0,0.0,0.0,0.0,tanker
100005295,2026-08-26 08:30:00+00:00,18.0,68.0,0.0,0.0,0.0,tanker
100005295,2026-08-26 08:45:00+00:00,18.0,68.0,0.0,0.0,0.0,tanker
100005295,2026-08-26 09:00:00+00:00,18.0,68.0,0.0,0.0,0.0,tanker
100005295,2026-08-26 09:15:00+00:00,18.0,68.0,0.0,0.0,0.0,tanker
100005295,2026-08-26 09:30:00+00:00,18.0,68.0,0.0,0.0,0.0,tanker
100005295,2026-08-26 09:45:00+00:00,18.0,68.0,0.0,0.0,0.0,tanker
100005295,2026-08-26 10:00:00+00:00,18.0,68.0,0.0,0.0,0.0,tanker
100006165,2026-08-24 10:00:00+00:00,21.44048958875682,71.4749094306327,10.03017135447804,13.066958479012566,13.066958479012566,fishing
100006165,2026-08-24 10:15:00+00:00,21.519752917297097,71.49330640628774,10.03017135447804,13.066958479012566,13.066958479012566,fishing
100006165,2026-08-24 10:30:00+00:00,21.599044639152797,71.51157144088319,10.030168674563459,12.971936996665862,12.971936996665862,fishing
100006165,2026-08-24 10:45:00+00:00,21.678338495972092,71.52983577595667,10.030169373022177,12.971119553796436,12.971119553796436,fishing
100006165,2026-08-24 11:00:00+00:00,21.75825363088984,71.54464410784892,10.030088386204863,10.497876950706436,10.497876950706436,fishing
100006165,2026-08-24 11:15:00+00:00,21.837337325324278,71.56395616867522,10.030198726900498,13.722930357550814,13.722930357550814,fishing
100006165,2026-08-24 11:30:00+00:00,21.91583501501223,71.585880046334,10.030275317360294,15.604691577280878,15.604691577280878,fishing
100006165,2026-08-24 11:45:00+00:00,21.99448724891785,71.6071624281867,10.030256872768033,15.140992440704025,15.140992440704025,fishing
100006165,2026-08-24 12:00:00+00:00,22.0,71.62853627760288,2.5443673003141147,75.53744962296923,75.53744962296923,fishing
100006165,2026-08-24 12:15:00+00:00,22.0,71.65052760630337,2.5220170519510163,90.0,90.0,fishing
100006165,2026-08-24 12:30:00+00:00,22.0,71.66643189722011,1.8239413105720386,90.0,90.0,fishing
100006165,2026-08-24 12:45:00+00:00,22.0,71.68159316722681,1.7387299333701867,90.0,90.0,fishing
100006165,2026-08-24 13:00:00+00:00,22.0,71.69469868264692,1.5029711853370704,90.0,90.0,fishing
100006165,2026-08-24 13:15:00+00:00,22.0,71.70477178723988,1.1552072135125457,90.0,90.0,fishing
100006165,2026-08-24 13:30:00+00:00,22.0,71.71399148219517,1.0573361986312855,90.0,90.0,fishing
100006165,2026-08-24 13:45:00+00:00,22.0,71.7286500487152,1.6810787208066094,90.0,90.0,fishing
100006165,2026-08-24 14:00:00+00:00,22.0,71.74523460613541,1.9019558655365343,90.0,90.0,fishing
100006165,2026-08-24 14:15:00+00:00,22.0,71.76010291390044,1.7051323377387588,90.0,90.0,fishing
100006165,2026-08-24 14:30:00+00:00,22.0,71.77669168150692,1.902438699552108,90.0,90.0,fishing
100006165,2026-08-24 14:45:00+00:00,22.0,71.79745581945298,2.381279943664738,90.0,90.0,fishing
100006165,2026-08-24 15:00:00+00:00,22.0,71.82095225292079,2.6946259897667684,90.0,90.0,fishing
100006165,2026-08-24 15:15:00+00:00,22.0,71.84462408321217,2.7147409080562803,90.0,90.0,fishing
100006165,2026-08-24 15:30:00+00:00,22.0,71.86638768528624,2.4959008293781655,90.0,90.0,fishing
100006165,2026-08-24 15:45:00+00:00,22.0,71.89021028769426,2.7320318073150203,90.0,90.0,fishing
100006165,2026-08-24 16:00:00+00:00,22.0,71.91518707811072,2.864396789808475,90.0,90.0,fishing
100006165,2026-08-24 16:15:00+00:00,22.0,71.94277176049654,3.163475945322556,90.0,90.0,fishing
100006165,2026-08-24 16:30:00+00:00,22.0,71.9721906236881,3.3738240935153634,90.0,90.0,fishing
100006165,2026-08-24 16:45:00+00:00,22.0,72.00460810348919,3.7177124653578337,90.0,90.0,fishing
100006165,2026-08-24 17:00:00+00:00,22.0,72.0355015863089,3.542936924211633,90.0,90.0,fishing
100006165,2026-08-24 17:15:00+00:00,22.0,72.07012561002519,3.970764086559165,90.0,90.0,fishing
100006165,2026-08-24 17:30:00+00:00,22.0,72.10530305533591,4.03423177043971,90.0,90.0,fishing
100006165,2026-08-24 17:45:00+00:00,22.0,72.14618648961641,4.688607941885203,90.0,90.0,fishing
100006165,2026-08-24 18:00:00+00:00,22.0,72.18519734756869,4.473856505299353,90.0,90.0,fishing
100006165,2026-08-24 18:15:00+00:00,22.0,72.22887926989183,5.0095451012242,90.0,90.0,fishing
100006165,2026-08-24 18:30:00+00:00,22.0,72.2730838415883,5.069483754757359,90.0,90.0,fishing
100006165,2026-08-24 18:45:00+00:00,22.0,72.31556029404082,4.871298994736557,90.0,90.0,fishing
100006165,2026-08-24 19:00:00+00:00,22.0,72.35673877906225,4.722445051500225,90.0,90.0,fishing
100006165,2026-08-24 19:15:00+00:00,22.0,72.39705147358211,4.6231541701653445,90.0,90.0,fishing
100006165,2026-08-24 19:30:00+00:00,22.0,72.43850944409293,4.754497101633491,90.0,90.0,fishing
100006165,2026-08-24 19:45:00+00:00,22.0,72.48136655377584,4.914953656948098,90.0,90.0,fishing
100006165,2026-08-24 20:00:00+00:00,22.0,72.52268766211597,4.738801427536109,90.0,90.0,fishing
100006165,2026-08-24 20:15:00+00:00,22.0,72.56394319285337,4.731280834553615,90.0,90.0,fishing
100006165,2026-08-24 20:30:00+00:00,22.0,72.61084750052798,5.3790957961836146,90.0,90.0,fishing
100006165,2026-08-24 20:45:00+00:00,22.0,72.66211723880761,5.879733596423577,90.0,90.0,fishing
100006165,2026-08-24 21:00:00+00:00,22.0,72.71446063745327,6.002863480388965,90.0,90.0,fishing
100006165,2026-08-24 21:15:00+00:00,22.0,72.7668969790922,6.013522400414216,90.0,90.0,fishing
100006165,2026-08-24 21:30:00+00:00,22.0,72.81962626707707,6.047118173087028,90.0,90.0,fishing
100006165,2026-08-24 21:45:00+00:00,22.0,72.87383830940388,6.21716391180278,90.0,90.0,fishing
100006165,2026-08-24 22:00:00+00:00,22.0,72.92556495201008,5.932132454101114,90.0,90.0,fishing
100006165,2026-08-24 22:15:00+00:00,22.0,72.97665564315601,5.859200052023353,90.0,90.0,fishing
100006165,2026-08-24 22:30:00+00:00,22.0,73.0,2.6771854865711227,90.0,90.0,fishing
100006165,2026-08-24 22:45:00+00:00,22.0,73.0,0.0,0.0,0.0,fishing
100006165,2026-08-24 23:00:00+00:00,22.0,73.0,0.0,0.0,0.0,fishing
100006165,2026-08-24 23:15:00+00:00,22.0,73.0,0.0,0.0,0.0,fishing
100006165,2026-08-24 23:30:00+00:00,22.0,73.0,0.0,0.0,0.0,fishing
100006165,2026-08-24 23:45:00+00:00,22.0,73.0,0.0,0.0,0.0,fishing
100006165,2026-08-25 00:00:00+00:00,22.0,73.0,0.0,0.0,0.0,fishing
100006165,2026-08-25 00:15:00+00:00,22.0,73.0,0.0,0.0,0.0,fishing
100006165,2026-08-25 00:30:00+00:00,22.0,73.0,0.0,0.0,0.0,fishing
100006165,2026-08-25 00:45:00+00:00,22.0,73.0,0.0,0.0,0.0,fishing
100006165,2026-08-25 01:00:00+00:00,22.0,73.0,0.0,0.0,0.0,fishing
100006165,2026-08-25 01:15:00+00:00,22.0,73.0,0.0,0.0,0.0,fishing
100006165,2026-08-25 01:30:00+00:00,22.0,73.0,0.0,0.0,0.0,fishing
100006165,2026-08-25 01:45:00+00:00,22.0,73.0,0.0,0.0,0.0,fishing
100006165,2026-08-25 02:00:00+00:00,22.0,73.0,0.0,0.0,0.0,fishing
100006165,2026-08-25 02:15:00+00:00,22.0,73.0,0.0,0.0,0.0,fishing
100006165,2026-08-25 02:30:00+00:00,22.0,73.0,0.0,0.0,0.0,fishing
100006165,2026-08-25 02:45:00+00:00,22.0,73.0,0.0,0.0,0.0,fishing
100006165,2026-08-25 03:00:00+00:00,22.0,73.0,0.0,0.0,0.0,fishing
100006165,2026-08-25 03:15:00+00:00,22.0,73.0,0.0,0.0,0.0,fishing
100006165,2026-08-25 03:30:00+00:00,22.0,73.0,0.0,0.0,0.0,fishing
100006165,2026-08-25 03:45:00+00:00,22.0,73.0,0.0,0.0,0.0,fishing
100006165,2026-08-25 04:00:00+00:00,22.0,73.0,0.0,0.0,0.0,fishing
100006165,2026-08-25 04:15:00+00:00,22.0,73.0,0.0,0.0,0.0,fishing
100006165,2026-08-25 04:30:00+00:00,22.0,73.0,0.0,0.0,0.0,fishing
100006165,2026-08-25 04:45:00+00:00,22.0,73.0,0.0,0.0,0.0,fishing
100006165,2026-08-25 05:00:00+00:00,22.0,73.0,0.0,0.0,0.0,fishing
100006165,2026-08-25 05:15:00+00:00,22.0,73.0,0.0,0.0,0.0,fishing
100006165,2026-08-25 05:30:00+00:00,22.0,73.0,0.0,0.0,0.0,fishing
100006165,2026-08-25 05:45:00+00:00,22.0,73.0,0.0,0.0,0.0,fishing
100006165,2026-08-25 06:00:00+00:00,22.0,73.0,0.0,0.0,0.0,fishing
100006165,2026-08-25 06:15:00+00:00,22.0,73.0,0.0,0.0,0.0,fishing
100006165,2026-08-25 06:30:00+00:00,22.0,73.0,0.0,0.0,0.0,fishing
100006165,2026-08-25 06:45:00+00:00,22.0,73.0,0.0,0.0,0.0,fishing
100006165,2026-08-25 07:00:00+00:00,22.0,73.0,0.0,0.0,0.0,fishing
100006165,2026-08-25 07:15:00+00:00,22.0,73.0,0.0,0.0,0.0,fishing
100006165,2026-08-25 07:30:00+00:00,22.0,73.0,0.0,0.0,0.0,fishing
100006165,2026-08-25 07:45:00+00:00,22.0,73.0,0.0,0.0,0.0,fishing
100006165,2026-08-25 08:00:00+00:00,22.0,73.0,0.0,0.0,0.0,fishing
100006165,2026-08-25 08:15:00+00:00,22.0,73.0,0.0,0.0,0.0,fishing
100006165,2026-08-25 08:30:00+00:00,22.0,73.0,0.0,0.0,0.0,fishing
100006165,2026-08-25 08:45:00+00:00,22.0,73.0,0.0,0.0,0.0,fishing
100006165,2026-08-25 09:00:00+00:00,22.0,73.0,0.0,0.0,0.0,fishing
100006165,2026-08-25 09:15:00+00:00,22.0,73.0,0.0,0.0,0.0,fishing
100006165,2026-08-25 09:30:00+00:00,22.0,73.0,0.0,0.0,0.0,fishing
100006165,2026-08-25 09:45:00+00:00,22.0,73.0,0.0,0.0,0.0,fishing
100006165,2026-08-25 10:00:00+00:00,22.0,73.0,0.0,0.0,0.0,fishing
100006165,2026-08-25 10:15:00+00:00,22.0,73.0,0.0,0.0,0.0,fishing
100006165,2026-08-25 10:30:00+00:00,22.0,73.0,0.0,0.0,0.0,fishing
100006165,2026-08-25 10:45:00+00:00,22.0,73.0,0.0,0.0,0.0,fishing
100006165,2026-08-25 11:00:00+00:00,22.0,73.0,0.0,0.0,0.0,fishing
100006165,2026-08-25 11:15:00+00:00,22.0,73.0,0.0,0.0,0.0,fishing
100006165,2026-08-25 11:30:00+00:00,22.0,73.0,0.0,0.0,0.0,fishing
100006165,2026-08-25 11:45:00+00:00,22.0,73.0,0.0,0.0,0.0,fishing
100006165,2026-08-25 12:00:00+00:00,22.0,73.0,0.0,0.0,0.0,fishing
100006165,2026-08-25 12:15:00+00:00,22.0,73.0,0.0,0.0,0.0,fishing
100006165,2026-08-25 12:30:00+00:00,22.0,73.0,0.0,0.0,0.0,fishing
100006165,2026-08-25 12:45:00+00:00,22.0,73.0,0.0,0.0,0.0,fishing
100006165,2026-08-25 13:00:00+00:00,22.0,73.0,0.0,0.0,0.0,fishing
100006165,2026-08-25 13:15:00+00:00,22.0,73.0,0.0,0.0,0.0,fishing
100006165,2026-08-25 13:30:00+00:00,22.0,73.0,0.0,0.0,0.0,fishing
100006165,2026-08-25 13:45:00+00:00,22.0,73.0,0.0,0.0,0.0,fishing
100006165,2026-08-25 14:00:00+00:00,22.0,73.0,0.0,0.0,0.0,fishing
100006165,2026-08-25 14:15:00+00:00,22.0,73.0,0.0,0.0,0.0,fishing
100006165,2026-08-25 14:30:00+00:00,22.0,73.0,0.0,0.0,0.0,fishing
100006165,2026-08-25 14:45:00+00:00,22.0,73.0,0.0,0.0,0.0,fishing
100006165,2026-08-25 15:00:00+00:00,22.0,73.0,0.0,0.0,0.0,fishing
100006165,2026-08-25 15:15:00+00:00,22.0,73.0,0.0,0.0,0.0,fishing
100006165,2026-08-25 15:30:00+00:00,22.0,73.0,0.0,0.0,0.0,fishing
100006165,2026-08-25 15:45:00+00:00,22.0,73.0,0.0,0.0,0.0,fishing
100006165,2026-08-25 16:00:00+00:00,22.0,73.0,0.0,0.0,0.0,fishing
100006165,2026-08-25 16:15:00+00:00,22.0,73.0,0.0,0.0,0.0,fishing
100006165,2026-08-25 16:30:00+00:00,22.0,73.0,0.0,0.0,0.0,fishing
100006165,2026-08-25 16:45:00+00:00,22.0,73.0,0.0,0.0,0.0,fishing
100006165,2026-08-25 17:00:00+00:00,22.0,73.0,0.0,0.0,0.0,fishing
100006165,2026-08-25 17:15:00+00:00,22.0,73.0,0.0,0.0,0.0,fishing
100006165,2026-08-25 17:30:00+00:00,22.0,73.0,0.0,0.0,0.0,fishing
100006165,2026-08-25 17:45:00+00:00,22.0,73.0,0.0,0.0,0.0,fishing
100006165,2026-08-25 18:00:00+00:00,22.0,73.0,0.0,0.0,0.0,fishing
100006165,2026-08-25 18:15:00+00:00,22.0,73.0,0.0,0.0,0.0,fishing
100006165,2026-08-25 18:30:00+00:00,22.0,73.0,0.0,0.0,0.0,fishing
100006165,2026-08-25 18:45:00+00:00,22.0,73.0,0.0,0.0,0.0,fishing
100006165,2026-08-25 19:00:00+00:00,22.0,73.0,0.0,0.0,0.0,fishing
100006165,2026-08-25 19:15:00+00:00,22.0,73.0,0.0,0.0,0.0,fishing
100006165,2026-08-25 19:30:00+00:00,22.0,73.0,0.0,0.0,0.0,fishing
100006165,2026-08-25 19:45:00+00:00,22.0,73.0,0.0,0.0,0.0,fishing
100006165,2026-08-25 20:00:00+00:00,22.0,73.0,0.0,0.0,0.0,fishing
100006165,2026-08-25 20:15:00+00:00,22.0,73.0,0.0,0.0,0.0,fishing
100006165,2026-08-25 20:30:00+00:00,22.0,73.0,0.0,0.0,0.0,fishing
100006165,2026-08-25 20:45:00+00:00,22.0,73.0,0.0,0.0,0.0,fishing
100006165,2026-08-25 21:00:00+00:00,22.0,73.0,0.0,0.0,0.0,fishing
100006165,2026-08-25 21:15:00+00:00,22.0,73.0,0.0,0.0,0.0,fishing
100006165,2026-08-25 21:30:00+00:00,22.0,73.0,0.0,0.0,0.0,fishing
100006165,2026-08-25 21:45:00+00:00,22.0,73.0,0.0,0.0,0.0,fishing
100006165,2026-08-25 22:00:00+00:00,22.0,73.0,0.0,0.0,0.0,fishing
100006165,2026-08-25 22:15:00+00:00,22.0,73.0,0.0,0.0,0.0,fishing
100006165,2026-08-25 22:30:00+00:00,22.0,73.0,0.0,0.0,0.0,fishing
100006165,2026-08-25 22:45:00+00:00,22.0,73.0,0.0,0.0,0.0,fishing
100006165,2026-08-25 23:00:00+00:00,22.0,73.0,0.0,0.0,0.0,fishing
100006165,2026-08-25 23:15:00+00:00,22.0,73.0,0.0,0.0,0.0,fishing
100006165,2026-08-25 23:30:00+00:00,22.0,73.0,0.0,0.0,0.0,fishing
100006165,2026-08-25 23:45:00+00:00,22.0,73.0,0.0,0.0,0.0,fishing
100006165,2026-08-26 00:00:00+00:00,22.0,73.0,0.0,0.0,0.0,fishing
100006165,2026-08-26 00:15:00+00:00,22.0,73.0,0.0,0.0,0.0,fishing
100006165,2026-08-26 00:30:00+00:00,22.0,73.0,0.0,0.0,0.0,fishing
100006165,2026-08-26 00:45:00+00:00,22.0,73.0,0.0,0.0,0.0,fishing
100006165,2026-08-26 01:00:00+00:00,22.0,73.0,0.0,0.0,0.0,fishing
100006165,2026-08-26 01:15:00+00:00,22.0,73.0,0.0,0.0,0.0,fishing
100006165,2026-08-26 01:30:00+00:00,22.0,73.0,0.0,0.0,0.0,fishing
100006165,2026-08-26 01:45:00+00:00,22.0,73.0,0.0,0.0,0.0,fishing
100006165,2026-08-26 02:00:00+00:00,22.0,73.0,0.0,0.0,0.0,fishing
100006165,2026-08-26 02:15:00+00:00,22.0,73.0,0.0,0.0,0.0,fishing
100006165,2026-08-26 02:30:00+00:00,22.0,73.0,0.0,0.0,0.0,fishing
100006165,2026-08-26 02:45:00+00:00,22.0,73.0,0.0,0.0,0.0,fishing
100006165,2026-08-26 03:00:00+00:00,22.0,73.0,0.0,0.0,0.0,fishing
100006165,2026-08-26 03:15:00+00:00,22.0,73.0,0.0,0.0,0.0,fishing
100006165,2026-08-26 03:30:00+00:00,22.0,73.0,0.0,0.0,0.0,fishing
100006165,2026-08-26 03:45:00+00:00,22.0,73.0,0.0,0.0,0.0,fishing
100006165,2026-08-26 04:00:00+00:00,22.0,73.0,0.0,0.0,0.0,fishing
100006165,2026-08-26 04:15:00+00:00,22.0,73.0,0.0,0.0,0.0,fishing
100006165,2026-08-26 04:30:00+00:00,22.0,73.0,0.0,0.0,0.0,fishing
100006165,2026-08-26 04:45:00+00:00,22.0,73.0,0.0,0.0,0.0,fishing
100006165,2026-08-26 05:00:00+00:00,22.0,73.0,0.0,0.0,0.0,fishing
100006165,2026-08-26 05:15:00+00:00,22.0,73.0,0.0,0.0,0.0,fishing
100006165,2026-08-26 05:30:00+00:00,22.0,73.0,0.0,0.0,0.0,fishing
100006165,2026-08-26 05:45:00+00:00,22.0,73.0,0.0,0.0,0.0,fishing
100006165,2026-08-26 06:00:00+00:00,22.0,73.0,0.0,0.0,0.0,fishing
100006165,2026-08-26 06:15:00+00:00,22.0,73.0,0.0,0.0,0.0,fishing
100006165,2026-08-26 06:30:00+00:00,22.0,73.0,0.0,0.0,0.0,fishing
100006165,2026-08-26 06:45:00+00:00,22.0,73.0,0.0,0.0,0.0,fishing
100006165,2026-08-26 07:00:00+00:00,22.0,73.0,0.0,0.0,0.0,fishing
100006165,2026-08-26 07:15:00+00:00,22.0,73.0,0.0,0.0,0.0,fishing
100006165,2026-08-26 07:30:00+00:00,22.0,73.0,0.0,0.0,0.0,fishing
100006165,2026-08-26 07:45:00+00:00,22.0,73.0,0.0,0.0,0.0,fishing
100006165,2026-08-26 08:00:00+00:00,22.0,73.0,0.0,0.0,0.0,fishing
100006165,2026-08-26 08:15:00+00:00,22.0,73.0,0.0,0.0,0.0,fishing
100006165,2026-08-26 08:30:00+00:00,22.0,73.0,0.0,0.0,0.0,fishing
100006165,2026-08-26 08:45:00+00:00,22.0,73.0,0.0,0.0,0.0,fishing
100006165,2026-08-26 09:00:00+00:00,22.0,73.0,0.0,0.0,0.0,fishing
100006165,2026-08-26 09:15:00+00:00,22.0,73.0,0.0,0.0,0.0,fishing
100006165,2026-08-26 09:30:00+00:00,22.0,73.0,0.0,0.0,0.0,fishing
100006165,2026-08-26 09:45:00+00:00,22.0,73.0,0.0,0.0,0.0,fishing
100006165,2026-08-26 10:00:00+00:00,22.0,73.0,0.0,0.0,0.0,fishing
100007782,2026-08-24 10:00:00+00:00,19.40649074895854,72.67218013402757,3.917170998205518,170.68509719954403,170.68509719954403,passenger
100007782,2026-08-24 10:15:00+00:00,19.375193513482564,72.67731361204194,3.917170998205518,170.68509719954403,170.68509719954403,passenger
100007782,2026-08-24 10:30:00+00:00,19.343750156690792,72.68131921880872,3.9171778497483847,172.740126035865,172.740126035865,passenger
100007782,2026-08-24 10:45:00+00:00,19.31239555552557,72.68604117644581,3.917173721385348,171.43569729785372,171.43569729785372,passenger
100007782,2026-08-24 11:00:00+00:00,19.281407980751325,72.69296720741475,3.9171570017455357,167.4009027539877,167.4009027539877,passenger
100007782,2026-08-24 11:15:00+00:00,19.250332822051,72.69943660511794,3.91716099122741,168.23982875018132,168.23982875018132,passenger
100007782,2026-08-24 11:30:00+00:00,19.218978337083662,72.70415673834734,3.9171737936471627,171.43892596344708,171.43892596344708,passenger
100007782,2026-08-24 11:45:00+00:00,19.18751500555316,72.70797846829218,3.9171788751050056,173.07442893231055,173.07442893231055,passenger
100007782,2026-08-24 12:00:00+00:00,19.15613465985836,72.71250002927533,3.917175040024884,171.80074394245042,171.80074394245042,passenger
100007782,2026-08-24 12:15:00+00:00,19.125038901592692,72.71885256877158,3.9171621087342,168.4539415192753,168.4539415192753,passenger
100007782,2026-08-24 12:30:00+00:00,19.093971614782824,72.72535807051338,3.9171608809804885,168.17312930837096,168.17312930837096,passenger
100007782,2026-08-24 12:45:00+00:00,19.062938975719362,72.73204494173658,3.9171593865132515,167.83990938573683,167.83990938573683,passenger
100007782,2026-08-24 13:00:00+00:00,19.032137874002444,72.73983712297212,3.917149278842288,165.80296452773197,165.80296452773197,passenger
100007782,2026-08-24 13:15:00+00:00,19.001200790576295,72.74699985562948,3.91715527496764,166.96423416116764,166.96423416116764,passenger
100007782,2026-08-24 13:30:00+00:00,18.96989171111026,72.75203911735673,3.9171719326890915,170.85654198277118,170.85654198277118,passenger
100007782,2026-08-24 13:45:00+00:00,18.93854659774356,72.75682044889409,3.91717359953619,171.32705180543064,171.32705180543064,passenger
100007782,2026-08-24 14:00:00+00:00,18.90717664268554,72.76141520980828,3.917174756270945,171.6671331792474,171.6671331792474,passenger
100007782,2026-08-24 14:15:00+00:00,18.87596565744139,72.76709107329901,3.9171676091851233,169.69312970297818,169.69312970297818,passenger
100007782,2026-08-24 14:30:00+00:00,18.844529926799186,72.7711510942239,3.9171778000189934,172.64081244004524,172.64081244004524,passenger
100007782,2026-08-24 14:45:00+00:00,18.813104382998652,72.77529745241182,3.9171773552224316,172.48367965799278,172.48367965799278,passenger
100007782,2026-08-24 15:00:00+00:00,18.781764570723173,72.78011296498416,3.9171734939794938,171.26454834219206,171.26454834219206,passenger
100007782,2026-08-24 15:15:00+00:00,18.750414700376087,72.78485399270183,3.9171739739651166,171.4003473575427,171.4003473575427,passenger
100007782,2026-08-24 15:30:00+00:00,18.71899512656627,72.78904819957518,3.9171771453184787,172.39652299434607,172.39652299434607,passenger
100007782,2026-08-24 15:45:00+00:00,18.687556620048465,72.79308039648062,3.9171780223367954,172.6913373543565,172.6913373543565,passenger
100007782,2026-08-24 16:00:00+00:00,18.655985205193385,72.79571163053004,3.9171840861624077,175.23584860319718,175.23584860319718,passenger
100007782,2026-08-24 16:15:00+00:00,18.624383213365395,72.79789561204925,3.9171854933584274,176.04663277448603,176.04663277448603,passenger
100007782,2026-08-24 16:30:00+00:00,18.592803286258874,72.80040954452569,3.9171844909256524,175.44854503719307,175.44854503719307,passenger
100007782,2026-08-24 16:45:00+00:00,18.561193088606792,72.80245626011343,3.917185879448002,176.29535064039266,176.29535064039266,passenger
100007782,2026-08-24 17:00:00+00:00,18.529553860826613,72.8039208711114,3.9171872101715195,177.34961401790542,177.34961401790542,passenger
100007782,2026-08-24 17:15:00+00:00,18.49800984153406,72.80689293926145,3.917182886330191,174.61749855688862,174.61749855688862,passenger
100007782,2026-08-24 17:30:00+00:00,18.466378153595656,72.80852810162723,3.917186871850207,177.0407970760016,177.0407970760016,passenger
100007782,2026-08-24 17:45:00+00:00,18.43476450084645,72.8105130823987,3.9171860560776905,176.40718788626512,176.40718788626512,passenger
100007782,2026-08-24 18:00:00+00:00,18.40317040568339,72.81281780364696,3.917185175889484,175.82778637509898,175.82778637509898,passenger
100007782,2026-08-24 18:15:00+00:00,18.371529826610907,72.81424825834809,3.9171872841517548,177.4114491803353,177.4114491803353,passenger
100007782,2026-08-24 18:30:00+00:00,18.33986460598572,72.81480868701777,3.917188402557862,178.98605331759705,178.98605331759705,passenger
100007782,2026-08-24 18:45:00+00:00,18.308221872671847,72.8161847137589,3.9171873863027598,177.50998490380812,177.50998490380812,passenger
100007782,2026-08-24 19:00:00+00:00,18.276554957698334,72.8166261201262,3.917188479852529,179.20140360563232,179.20140360563232,passenger
100007782,2026-08-24 19:15:00+00:00,18.244902301609024,72.8177196235921,3.9171878374863858,178.02139113477904,178.02139113477904,passenger
100007782,2026-08-24 19:30:00+00:00,18.21324755212626,72.8166956904312,3.9171879330235346,181.85269512067597,181.85269512067597,passenger
100007782,2026-08-24 19:45:00+00:00,18.181577915156872,72.8166354482841,3.917188602863136,180.1089881964195,180.1089881964195,passenger
100007782,2026-08-24 20:00:00+00:00,18.149909863131825,72.81629662336839,3.9171885317759214,180.61299940165753,180.61299940165753,passenger
100007782,2026-08-24 20:15:00+00:00,18.11824482139782,72.81686743265843,3.917188397170177,178.96727054223592,178.96727054223592,passenger
100007782,2026-08-24 20:30:00+00:00,18.086632989764283,72.81485452340281,3.9171860266077267,183.64343673559816,183.64343673559816,passenger
100007782,2026-08-24 20:45:00+00:00,18.054968011514834,72.81428003580521,3.9171883951160305,181.0393850171377,181.0393850171377,passenger
100007782,2026-08-24 21:00:00+00:00,18.023318334333812,72.81309628765945,3.917187715050995,182.14195466024313,182.14195466024313,passenger
100007782,2026-08-24 21:15:00+00:00,18.0,72.8127667064538,2.884479363539173,180.80976430444812,180.80976430444812,passenger
100007782,2026-08-24 21:30:00+00:00,18.0,72.81284869398434,0.009644613302210739,90.0,90.0,passenger
100007782,2026-08-24 21:45:00+00:00,18.0,72.81240361012564,0.05235749480590449,270.0,270.0,passenger
100007782,2026-08-24 22:00:00+00:00,18.0,72.8105363265512,0.21965813439509316,270.0,270.0,passenger
100007782,2026-08-24 22:15:00+00:00,18.0,72.80678936331871,0.4407744836193286,270.0,270.0,passenger
100007782,2026-08-24 22:30:00+00:00,18.0,72.80482177911206,0.23145701167969626,270.0,270.0,passenger
100007782,2026-08-24 22:45:00+00:00,18.0,72.80254365842588,0.26798700888484717,270.0,270.0,passenger
100007782,2026-08-24 23:00:00+00:00,18.0,72.79857702781021,0.4666150834278935,270.0,270.0,passenger
100007782,2026-08-24 23:15:00+00:00,18.0,72.79656079686139,0.23717957721619592,270.0,270.0,passenger
100007782,2026-08-24 23:30:00+00:00,18.0,72.79418000004907,0.28006532769082704,270.0,270.0,passenger
100007782,2026-08-24 23:45:00+00:00,18.0,72.79180161875811,0.2797811775360658,270.0,270.0,passenger
100007782,2026-08-25 00:00:00+00:00,18.0,72.78894296827076,0.33627770389821343,270.0,270.0,passenger
100007782,2026-08-25 00:15:00+00:00,18.0,72.78697947775184,0.23097545021625498,270.0,270.0,passenger
100007782,2026-08-25 00:30:00+00:00,18.0,72.7866832743318,0.034843925977249154,270.0,270.0,passenger
100007782,2026-08-25 00:45:00+00:00,18.0,72.78860933243537,0.22657208340303267,90.0,90.0,passenger
100007782,2026-08-25 01:00:00+00:00,18.0,72.78940167419154,0.0932072205557095,90.0,90.0,passenger
100007782,2026-08-25 01:15:00+00:00,18.0,72.78891102382087,0.05771771708150365,270.0,270.0,passenger
100007782,2026-08-25 01:30:00+00:00,18.0,72.7880686759409,0.0990896971182367,270.0,270.0,passenger
100007782,2026-08-25 01:45:00+00:00,18.0,72.78784700710528,0.02607604091451075,270.0,270.0,passenger
100007782,2026-08-25 02:00:00+00:00,18.0,72.78951088689556,0.19573070506879414,90.0,90.0,passenger
100007782,2026-08-25 02:15:00+00:00,18.0,72.79052060590006,0.11877842006839752,90.0,90.0,passenger
100007782,2026-08-25 02:30:00+00:00,18.0,72.79280796194638,0.2690734116178525,90.0,90.0,passenger
100007782,2026-08-25 02:45:00+00:00,18.0,72.79591922118192,0.3659933652564974,90.0,90.0,passenger
100007782,2026-08-25 03:00:00+00:00,18.0,72.79970848267196,0.4457502443820307,90.0,90.0,passenger
100007782,2026-08-25 03:15:00+00:00,18.0,72.803725729473,0.47256932465946466,90.0,90.0,passenger
100007782,2026-08-25 03:30:00+00:00,18.0,72.80861715144945,0.5754030296166124,90.0,90.0,passenger
100007782,2026-08-25 03:45:00+00:00,18.0,72.81347010728982,0.570878060936704,90.0,90.0,passenger
100007782,2026-08-25 04:00:00+00:00,18.0,72.81903680437017,0.6548391000436142,90.0,90.0,passenger
100007782,2026-08-25 04:15:00+00:00,18.0,72.82379827298634,0.5601159499948892,90.0,90.0,passenger
100007782,2026-08-25 04:30:00+00:00,18.0,72.82737096368173,0.4202739121483082,90.0,90.0,passenger
100007782,2026-08-25 04:45:00+00:00,18.0,72.83081821280459,0.4055175772370459,90.0,90.0,passenger
100007782,2026-08-25 05:00:00+00:00,18.0,72.83373027708805,0.34256104241465923,90.0,90.0,passenger
100007782,2026-08-25 05:15:00+00:00,18.0,72.83418475811295,0.05346293161607104,90.0,90.0,passenger
100007782,2026-08-25 05:30:00+00:00,18.0,72.83600110720631,0.21366645040893206,90.0,90.0,passenger
100007782,2026-08-25 05:45:00+00:00,18.0,72.83924668872007,0.3817943830794121,90.0,90.0,passenger
100007782,2026-08-25 06:00:00+00:00,18.0,72.84168753884637,0.2871297067145982,90.0,90.0,passenger
100007782,2026-08-25 06:15:00+00:00,18.0,72.84186837937601,0.021273198086711635,90.0,90.0,passenger
100007782,2026-08-25 06:30:00+00:00,18.0,72.84235194549484,0.056884360240180336,90.0,90.0,passenger
100007782,2026-08-25 06:45:00+00:00,18.0,72.84082919795742,0.17912859503672415,270.0,270.0,passenger
100007782,2026-08-25 07:00:00+00:00,18.0,72.83919450480781,0.1922973309823078,270.0,270.0,passenger
100007782,2026-08-25 07:15:00+00:00,18.0,72.83835054660913,0.09927912715841586,270.0,270.0,passenger
100007782,2026-08-25 07:30:00+00:00,18.0,72.83865783936338,0.03614842117937397,90.0,90.0,passenger
100007782,2026-08-25 07:45:00+00:00,18.0,72.8382336669988,0.04989756860703218,270.0,270.0,passenger
100007782,2026-08-25 08:00:00+00:00,18.0,72.83887277516772,0.07518156855303483,90.0,90.0,passenger
100007782,2026-08-25 08:15:00+00:00,18.0,72.83941744137847,0.06407187711636608,90.0,90.0,passenger
100007782,2026-08-25 08:30:00+00:00,18.0,72.83812221475044,0.152364144700012,270.0,270.0,passenger
100007782,2026-08-25 08:45:00+00:00,18.0,72.83718331449714,0.11044764750596345,270.0,270.0,passenger
100007782,2026-08-25 09:00:00+00:00,18.0,72.83471945040337,0.2898369576257108,270.0,270.0,passenger
100007782,2026-08-25 09:15:00+00:00,18.0,72.83366500633709,0.12403965824701355,270.0,270.0,passenger
100007782,2026-08-25 09:30:00+00:00,18.0,72.8332308875102,0.05106762193234602,270.0,270.0,passenger
100007782,2026-08-25 09:45:00+00:00,18.0,72.83443182615183,0.14127256574973612,90.0,90.0,passenger
100007782,2026-08-25 10:00:00+00:00,18.0,72.83554798206505,0.13129913899985576,90.0,90.0,passenger
100007782,2026-08-25 10:15:00+00:00,18.0,72.83575776794835,0.024678188347383487,90.0,90.0,passenger
100007782,2026-08-25 10:30:00+00:00,18.0,72.83588017531979,0.014399406289299865,90.0,90.0,passenger
100007782,2026-08-25 10:45:00+00:00,18.0,72.83457688414232,0.15331281897078972,270.0,270.0,passenger
100007782,2026-08-25 11:00:00+00:00,18.0,72.83414394037563,0.05092939358129552,270.0,270.0,passenger
100007782,2026-08-25 11:15:00+00:00,18.0,72.83344914989769,0.0817317638670474,270.0,270.0,passenger
100007782,2026-08-25 11:30:00+00:00,18.0,72.83336731422737,0.009626749206388233,270.0,270.0,passenger
100007782,2026-08-25 11:45:00+00:00,18.0,72.83286517049105,0.05906974057368327,270.0,270.0,passenger
100007782,2026-08-25 12:00:00+00:00,18.0,72.83177777782943,0.1279155703370923,270.0,270.0,passenger
100007782,2026-08-25 12:15:00+00:00,18.0,72.83001417839331,0.20746123795025628,270.0,270.0,passenger
100007782,2026-08-25 12:30:00+00:00,18.0,72.8294939794874,0.061193662683172625,270.0,270.0,passenger
100007782,2026-08-25 12:45:00+00:00,18.0,72.83000776871306,0.06043965915325111,90.0,90.0,passenger
100007782,2026-08-25 13:00:00+00:00,18.0,72.8313397198166,0.15668423292168782,90.0,90.0,passenger
100007782,2026-08-25 13:15:00+00:00,18.0,72.83294901757131,0.18930994056004555,90.0,90.0,passenger
100007782,2026-08-25 13:30:00+00:00,18.0,72.83445710162718,0.17740365456958437,90.0,90.0,passenger
100007782,2026-08-25 13:45:00+00:00,18.0,72.83514273842788,0.08065496991193681,90.0,90.0,passenger
100007782,2026-08-25 14:00:00+00:00,18.0,72.83681335081259,0.19652269464937785,90.0,90.0,passenger
100007782,2026-08-25 14:15:00+00:00,18.0,72.84033869190375,0.4147039355941577,90.0,90.0,passenger
100007782,2026-08-25 14:30:00+00:00,18.0,72.8413651638194,0.12074915084514488,90.0,90.0,passenger
100007782,2026-08-25 14:45:00+00:00,18.0,72.84370480186321,0.27522361086280067,90.0,90.0,passenger
100007782,2026-08-25 15:00:00+00:00,18.0,72.84507403855497,0.16107032770688054,90.0,90.0,passenger
100007782,2026-08-25 15:15:00+00:00,18.0,72.8464069679687,0.15679931656283336,90.0,90.0,passenger
100007782,2026-08-25 15:30:00+00:00,18.0,72.84744802587177,0.12246497528005738,90.0,90.0,passenger
100007782,2026-08-25 15:45:00+00:00,18.0,72.84849088483259,0.12267684293129896,90.0,90.0,passenger
100007782,2026-08-25 16:00:00+00:00,18.0,72.8499806658226,0.1752505711520359,90.0,90.0,passenger
100007782,2026-08-25 16:15:00+00:00,18.0,72.85093160362979,0.11186368664736322,90.0,90.0,passenger
100007782,2026-08-25 16:30:00+00:00,18.0,72.85239191198573,0.1717835541955417,90.0,90.0,passenger
100007782,2026-08-25 16:45:00+00:00,18.0,72.85249725508183,0.012392048147577779,90.0,90.0,passenger
100007782,2026-08-25 17:00:00+00:00,18.0,72.8519420031856,0.06531712553719299,270.0,270.0,passenger
100007782,2026-08-25 17:15:00+00:00,18.0,72.85069019466232,0.14725665057355858,270.0,270.0,passenger
100007782,2026-08-25 17:30:00+00:00,18.0,72.85002749437913,0.07795682983574974,270.0,270.0,passenger
100007782,2026-08-25 17:45:00+00:00,18.0,72.84963944177703,0.045648615878307285,270.0,270.0,passenger
100007782,2026-08-25 18:00:00+00:00,18.0,72.85063178136133,0.11673398982211741,90.0,90.0,passenger
100007782,2026-08-25 18:15:00+00:00,18.0,72.85203411516535,0.16496371060464732,90.0,90.0,passenger
100007782,2026-08-25 18:30:00+00:00,18.0,72.85463887037844,0.3064107018846077,90.0,90.0,passenger
100007782,2026-08-25 18:45:00+00:00,18.0,72.85572009953083,0.12719052516636248,90.0,90.0,passenger
100007782,2026-08-25 19:00:00+00:00,18.0,72.85674262715804,0.12028516398664642,90.0,90.0,passenger
100007782,2026-08-25 19:15:00+00:00,18.0,72.85756708576194,0.09698528991405768,90.0,90.0,passenger
100007782,2026-08-25 19:30:00+00:00,18.0,72.85865309291185,0.12775258549572746,90.0,90.0,passenger
100007782,2026-08-25 19:45:00+00:00,18.0,72.85950957935061,0.1007528882322215,90.0,90.0,passenger
100007782,2026-08-25 20:00:00+00:00,18.0,72.85750278805496,0.2360691424472631,270.0,270.0,passenger
100007782,2026-08-25 20:15:00+00:00,18.0,72.85584427841268,0.19509898704549616,270.0,270.0,passenger
100007782,2026-08-25 20:30:00+00:00,18.0,72.85494107892411,0.10624798362694422,270.0,270.0,passenger
100007782,2026-08-25 20:45:00+00:00,18.0,72.85342270565563,0.17861402736856452,270.0,270.0,passenger
100007782,2026-08-25 21:00:00+00:00,18.0,72.85483867467433,0.16656769077013053,90.0,90.0,passenger
100007782,2026-08-25 21:15:00+00:00,18.0,72.85618037925632,0.15783158456653537,90.0,90.0,passenger
100007782,2026-08-25 21:30:00+00:00,18.0,72.85795359896245,0.2085929196048414,90.0,90.0,passenger
100007782,2026-08-25 21:45:00+00:00,18.0,72.86087711890008,0.343908629709695,90.0,90.0,passenger
100007782,2026-08-25 22:00:00+00:00,18.0,72.86321239186508,0.27471012427687663,90.0,90.0,passenger
100007782,2026-08-25 22:15:00+00:00,18.0,72.86548507185248,0.2673469916097879,90.0,90.0,passenger
100007782,2026-08-25 22:30:00+00:00,18.0,72.86984168881175,0.5124911752270296,90.0,90.0,passenger
100007782,2026-08-25 22:45:00+00:00,18.0,72.87494204903015,0.5999815055693977,90.0,90.0,passenger
100007782,2026-08-25 23:00:00+00:00,18.0,72.88332795061285,0.9864765706129117,90.0,90.0,passenger
100007782,2026-08-25 23:15:00+00:00,18.0,72.89138357482058,0.947624350729417,90.0,90.0,passenger
100007782,2026-08-25 23:30:00+00:00,18.0,72.89911934807388,0.9099986441171894,90.0,90.0,passenger
100007782,2026-08-25 23:45:00+00:00,18.0,72.90774874773678,1.0151204974146817,90.0,90.0,passenger
100007782,2026-08-26 00:00:00+00:00,18.0,72.91577039114864,0.9436270156022947,90.0,90.0,passenger
100007782,2026-08-26 00:15:00+00:00,18.0,72.92523010628565,1.1127947609816575,90.0,90.0,passenger
100007782,2026-08-26 00:30:00+00:00,18.0,72.93576121747981,1.238828568771437,90.0,90.0,passenger
100007782,2026-08-26 00:45:00+00:00,18.0,72.94583126631504,1.1845914411133462,90.0,90.0,passenger
100007782,2026-08-26 01:00:00+00:00,18.0,72.95666120956692,1.2739817148684591,90.0,90.0,passenger
100007782,2026-08-26 01:15:00+00:00,18.0,72.96755998642165,1.2820789642596988,90.0,90.0,passenger
100007782,2026-08-26 01:30:00+00:00,18.0,72.97907559397518,1.354639919859198,90.0,90.0,passenger
100007782,2026-08-26 01:45:00+00:00,18.0,72.99103811038941,1.407212099001486,90.0,90.0,passenger
100007782,2026-08-26 02:00:00+00:00,18.0,73.0,1.0542329935644341,90.0,90.0,passenger
100007782,2026-08-26 02:15:00+00:00,18.0,73.0,0.0,0.0,0.0,passenger
100007782,2026-08-26 02:30:00+00:00,18.0,73.0,0.0,0.0,0.0,passenger
100007782,2026-08-26 02:45:00+00:00,18.0,73.0,0.0,0.0,0.0,passenger
100007782,2026-08-26 03:00:00+00:00,18.0,73.0,0.0,0.0,0.0,passenger
100007782,2026-08-26 03:15:00+00:00,18.0,73.0,0.0,0.0,0.0,passenger
100007782,2026-08-26 03:30:00+00:00,18.0,73.0,0.0,0.0,0.0,passenger
100007782,2026-08-26 03:45:00+00:00,18.0,73.0,0.0,0.0,0.0,passenger
100007782,2026-08-26 04:00:00+00:00,18.0,73.0,0.0,0.0,0.0,passenger
100007782,2026-08-26 04:15:00+00:00,18.0,73.0,0.0,0.0,0.0,passenger
100007782,2026-08-26 04:30:00+00:00,18.0,73.0,0.0,0.0,0.0,passenger
100007782,2026-08-26 04:45:00+00:00,18.0,73.0,0.0,0.0,0.0,passenger
100007782,2026-08-26 05:00:00+00:00,18.0,73.0,0.0,0.0,0.0,passenger
100007782,2026-08-26 05:15:00+00:00,18.0,73.0,0.0,0.0,0.0,passenger
100007782,2026-08-26 05:30:00+00:00,18.0,73.0,0.0,0.0,0.0,passenger
100007782,2026-08-26 05:45:00+00:00,18.0,73.0,0.0,0.0,0.0,passenger
100007782,2026-08-26 06:00:00+00:00,18.0,73.0,0.0,0.0,0.0,passenger
100007782,2026-08-26 06:15:00+00:00,18.0,73.0,0.0,0.0,0.0,passenger
100007782,2026-08-26 06:30:00+00:00,18.0,73.0,0.0,0.0,0.0,passenger
100007782,2026-08-26 06:45:00+00:00,18.0,73.0,0.0,0.0,0.0,passenger
100007782,2026-08-26 07:00:00+00:00,18.0,73.0,0.0,0.0,0.0,passenger
100007782,2026-08-26 07:15:00+00:00,18.0,73.0,0.0,0.0,0.0,passenger
100007782,2026-08-26 07:30:00+00:00,18.0,73.0,0.0,0.0,0.0,passenger
100007782,2026-08-26 07:45:00+00:00,18.0,73.0,0.0,0.0,0.0,passenger
100007782,2026-08-26 08:00:00+00:00,18.0,73.0,0.0,0.0,0.0,passenger
100007782,2026-08-26 08:15:00+00:00,18.0,73.0,0.0,0.0,0.0,passenger
100007782,2026-08-26 08:30:00+00:00,18.0,73.0,0.0,0.0,0.0,passenger
100007782,2026-08-26 08:45:00+00:00,18.0,73.0,0.0,0.0,0.0,passenger
100007782,2026-08-26 09:00:00+00:00,18.0,73.0,0.0,0.0,0.0,passenger
100007782,2026-08-26 09:15:00+00:00,18.0,73.0,0.0,0.0,0.0,passenger
100007782,2026-08-26 09:30:00+00:00,18.0,73.0,0.0,0.0,0.0,passenger
100007782,2026-08-26 09:45:00+00:00,18.0,73.0,0.0,0.0,0.0,passenger
100007782,2026-08-26 10:00:00+00:00,18.0,73.0,0.0,0.0,0.0,passenger
100008563,2026-08-24 10:00:00+00:00,21.242743711945064,71.25855323955484,8.53782785794577,308.36753570084517,308.36753570084517,passenger
100008563,2026-08-24 10:15:00+00:00,21.287429772752596,71.20210779091728,8.53782785794577,308.36753570084517,308.36753570084517,passenger
100008563,2026-08-24 10:30:00+00:00,21.331901294456763,71.14545036847242,8.53783446082738,308.12906356811794,308.12906356811794,passenger
100008563,2026-08-24 10:45:00+00:00,21.377223635915122,71.08955810308464,8.537824603831373,309.0381652011236,309.0381652011236,passenger
100008563,2026-08-24 11:00:00+00:00,21.42284798037194,71.0339325577913,8.537822789811907,309.358771495678,309.358771495678,passenger
100008563,2026-08-24 11:15:00+00:00,21.469057145241738,70.97884944431641,8.537815109250596,309.99325119688046,309.99325119688046,passenger
100008563,2026-08-24 11:30:00+00:00,21.51496720107989,70.92346081557537,8.537824534052683,309.65436768310974,309.65436768310974,passenger
100008563,2026-08-24 11:45:00+00:00,21.562313791274406,70.86946992871384,8.537796914968267,311.2487121870766,311.2487121870766,passenger
100008563,2026-08-24 12:00:00+00:00,21.608400706466526,70.81421566810825,8.537828250524244,309.83107952547164,309.83107952547164,passenger
100008563,2026-08-24 12:15:00+00:00,21.654454708913917,70.75891204329778,8.537832445923643,309.78578491521,309.78578491521,passenger
100008563,2026-08-24 12:30:00+00:00,21.702813246215015,70.70591675143807,8.537780970765379,312.38064793506254,312.38064793506254,passenger
100008563,2026-08-24 12:45:00+00:00,21.749514946378937,70.65120941180098,8.537826099461086,310.4862009649171,310.4862009649171,passenger
100008563,2026-08-24 13:00:00+00:00,21.792252900371476,70.59284964103107,8.53789090706513,306.2160170223166,306.2160170223166,passenger
100008563,2026-08-24 13:15:00+00:00,21.83568051396394,70.53506587118251,8.53788738376073,306.92683305147364,306.92683305147364,passenger
100008563,2026-08-24 13:30:00+00:00,21.878625285923203,70.4768473039579,8.537895841052302,306.4142425565909,306.4142425565909,passenger
100008563,2026-08-24 13:45:00+00:00,21.923449256661666,70.42027980061695,8.537875352294316,308.39323114539513,308.39323114539513,passenger
100008563,2026-08-24 14:00:00+00:00,21.968033687641483,70.36347494796385,8.537882573005872,308.12730875449284,308.12730875449284,passenger
100008563,2026-08-24 14:15:00+00:00,22.0,70.30565093664215,7.721938556580475,298.934727414517,298.934727414517,passenger
100008563,2026-08-24 14:30:00+00:00,22.0,70.24769003403937,6.647091983460503,270.0,270.0,passenger
100008563,2026-08-24 14:45:00+00:00,22.0,70.19155337657592,6.4378832807473065,270.0,270.0,passenger
100008563,2026-08-24 15:00:00+00:00,22.0,70.13640999760173,6.323971778566866,270.0,270.0,passenger
100008563,2026-08-24 15:15:00+00:00,22.0,70.07722171894301,6.787850342556794,270.0,270.0,passenger
100008563,2026-08-24 15:30:00+00:00,22.0,70.0183274538195,6.754132182121646,270.0,270.0,passenger
100008563,2026-08-24 15:45:00+00:00,22.0,69.95980989595895,6.710930511419965,270.0,270.0,passenger
100008563,2026-08-24 16:00:00+00:00,22.0,69.90126303582342,6.714290964906279,270.0,270.0,passenger
100008563,2026-08-24 16:15:00+00:00,22.0,69.84174912133015,6.825195022299768,270.0,270.0,passenger
100008563,2026-08-24 16:30:00+00:00,22.0,69.78415107667283,6.605478584909064,270.0,270.0,passenger
100008563,2026-08-24 16:45:00+00:00,22.0,69.7286547821384,6.364444961106938,270.0,270.0,passenger
100008563,2026-08-24 17:00:00+00:00,22.0,69.66951033655793,6.782823462539884,270.0,270.0,passenger
100008563,2026-08-24 17:15:00+00:00,22.0,69.60912982934654,6.924577903706109,270.0,270.0,passenger
100008563,2026-08-24 17:30:00+00:00,22.0,69.54853012574877,6.949715858384111,270.0,270.0,passenger
100008563,2026-08-24 17:45:00+00:00,22.0,69.48939486235973,6.7817704273328765,270.0,270.0,passenger
100008563,2026-08-24 18:00:00+00:00,22.0,69.4303146555157,6.775456413876769,270.0,270.0,passenger
100008563,2026-08-24 18:15:00+00:00,22.0,69.37017066415399,6.897453712436447,270.0,270.0,passenger
100008563,2026-08-24 18:30:00+00:00,22.0,69.31113149078635,6.7707505987542405,270.0,270.0,passenger
100008563,2026-08-24 18:45:00+00:00,22.0,69.2517594237399,6.808927625067482,270.0,270.0,passenger
100008563,2026-08-24 19:00:00+00:00,22.0,69.19220382456072,6.829975519654186,270.0,270.0,passenger
100008563,2026-08-24 19:15:00+00:00,22.0,69.13260591120964,6.834828207936081,270.0,270.0,passenger
100008563,2026-08-24 19:30:00+00:00,22.0,69.07391415797957,6.730907644147816,270.0,270.0,passenger
100008563,2026-08-24 19:45:00+00:00,22.0,69.01473260843707,6.787078631757109,270.0,270.0,passenger
100008563,2026-08-24 20:00:00+00:00,22.0,68.95665082514977,6.660954863314769,270.0,270.0,passenger
100008563,2026-08-24 20:15:00+00:00,22.0,68.89845046233438,6.674553841161763,270.0,270.0,passenger
100008563,2026-08-24 20:30:00+00:00,22.0,68.83856206434777,6.868141665895285,270.0,270.0,passenger
100008563,2026-08-24 20:45:00+00:00,22.0,68.77861695484839,6.874645474928125,270.0,270.0,passenger
100008563,2026-08-24 21:00:00+00:00,22.0,68.71714567903662,7.049669800032647,270.0,270.0,passenger
100008563,2026-08-24 21:15:00+00:00,22.0,68.6557345345634,7.042773797375068,270.0,270.0,passenger
100008563,2026-08-24 21:30:00+00:00,22.0,68.5955671681473,6.90013441838862,270.0,270.0,passenger
100008563,2026-08-24 21:45:00+00:00,22.0,68.53379968765846,7.083639245745249,270.0,270.0,passenger
100008563,2026-08-24 22:00:00+00:00,22.0,68.47256549183068,7.022480912519712,270.0,270.0,passenger
100008563,2026-08-24 22:15:00+00:00,22.0,68.41013213396843,7.1600036215914455,270.0,270.0,passenger
100008563,2026-08-24 22:30:00+00:00,22.0,68.34798574719606,7.127093105271773,270.0,270.0,passenger
100008563,2026-08-24 22:45:00+00:00,22.0,68.2870976590457,6.982788473916206,270.0,270.0,passenger
100008563,2026-08-24 23:00:00+00:00,22.0,68.22319727000084,7.328246191591888,270.0,270.0,passenger
100008563,2026-08-24 23:15:00+00:00,22.0,68.15786021187462,7.493006764749652,270.0,270.0,passenger
100008563,2026-08-24 23:30:00+00:00,22.0,68.09206920119485,7.545067106188682,270.0,270.0,passenger
100008563,2026-08-24 23:45:00+00:00,22.0,68.02666510369761,7.500694996741554,270.0,270.0,passenger
100008563,2026-08-25 00:00:00+00:00,22.0,68.0,3.0580165088389166,270.0,270.0,passenger
100008563,2026-08-25 00:15:00+00:00,22.0,68.0,0.0,0.0,0.0,passenger
100008563,2026-08-25 00:30:00+00:00,22.0,68.0,0.0,0.0,0.0,passenger
100008563,2026-08-25 00:45:00+00:00,22.0,68.0,0.0,0.0,0.0,passenger
100008563,2026-08-25 01:00:00+00:00,22.0,68.0,0.0,0.0,0.0,passenger
100008563,2026-08-25 01:15:00+00:00,22.0,68.0,0.0,0.0,0.0,passenger
100008563,2026-08-25 01:30:00+00:00,22.0,68.0,0.0,0.0,0.0,passenger
100008563,2026-08-25 01:45:00+00:00,22.0,68.0,0.0,0.0,0.0,passenger
100008563,2026-08-25 02:00:00+00:00,22.0,68.0,0.0,0.0,0.0,passenger
100008563,2026-08-25 02:15:00+00:00,22.0,68.0,0.0,0.0,0.0,passenger
100008563,2026-08-25 02:30:00+00:00,22.0,68.0,0.0,0.0,0.0,passenger
100008563,2026-08-25 02:45:00+00:00,22.0,68.0,0.0,0.0,0.0,passenger
100008563,2026-08-25 03:00:00+00:00,22.0,68.0,0.0,0.0,0.0,passenger
100008563,2026-08-25 03:15:00+00:00,22.0,68.0,0.0,0.0,0.0,passenger
100008563,2026-08-25 03:30:00+00:00,22.0,68.0,0.0,0.0,0.0,passenger
100008563,2026-08-25 03:45:00+00:00,22.0,68.0,0.0,0.0,0.0,passenger
100008563,2026-08-25 04:00:00+00:00,22.0,68.0,0.0,0.0,0.0,passenger
100008563,2026-08-25 04:15:00+00:00,22.0,68.0,0.0,0.0,0.0,passenger
100008563,2026-08-25 04:30:00+00:00,22.0,68.0,0.0,0.0,0.0,passenger
100008563,2026-08-25 04:45:00+00:00,22.0,68.0,0.0,0.0,0.0,passenger
100008563,2026-08-25 05:00:00+00:00,22.0,68.0,0.0,0.0,0.0,passenger
100008563,2026-08-25 05:15:00+00:00,22.0,68.0,0.0,0.0,0.0,passenger
100008563,2026-08-25 05:30:00+00:00,22.0,68.0,0.0,0.0,0.0,passenger
100008563,2026-08-25 05:45:00+00:00,22.0,68.0,0.0,0.0,0.0,passenger
100008563,2026-08-25 06:00:00+00:00,22.0,68.0,0.0,0.0,0.0,passenger
100008563,2026-08-25 06:15:00+00:00,22.0,68.0,0.0,0.0,0.0,passenger
100008563,2026-08-25 06:30:00+00:00,22.0,68.0,0.0,0.0,0.0,passenger
100008563,2026-08-25 06:45:00+00:00,22.0,68.0,0.0,0.0,0.0,passenger
100008563,2026-08-25 07:00:00+00:00,22.0,68.0,0.0,0.0,0.0,passenger
100008563,2026-08-25 07:15:00+00:00,22.0,68.0,0.0,0.0,0.0,passenger
100008563,2026-08-25 07:30:00+00:00,22.0,68.0,0.0,0.0,0.0,passenger
100008563,2026-08-25 07:45:00+00:00,22.0,68.0,0.0,0.0,0.0,passenger
100008563,2026-08-25 08:00:00+00:00,22.0,68.0,0.0,0.0,0.0,passenger
100008563,2026-08-25 08:15:00+00:00,22.0,68.0,0.0,0.0,0.0,passenger
100008563,2026-08-25 08:30:00+00:00,22.0,68.0,0.0,0.0,0.0,passenger
100008563,2026-08-25 08:45:00+00:00,22.0,68.0,0.0,0.0,0.0,passenger
100008563,2026-08-25 09:00:00+00:00,22.0,68.0,0.0,0.0,0.0,passenger
100008563,2026-08-25 09:15:00+00:00,22.0,68.0,0.0,0.0,0.0,passenger
100008563,2026-08-25 09:30:00+00:00,22.0,68.0,0.0,0.0,0.0,passenger
100008563,2026-08-25 09:45:00+00:00,22.0,68.0,0.0,0.0,0.0,passenger
100008563,2026-08-25 10:00:00+00:00,22.0,68.0,0.0,0.0,0.0,passenger
100008563,2026-08-25 10:15:00+00:00,22.0,68.0,0.0,0.0,0.0,passenger
100008563,2026-08-25 10:30:00+00:00,22.0,68.0,0.0,0.0,0.0,passenger
100008563,2026-08-25 10:45:00+00:00,22.0,68.0,0.0,0.0,0.0,passenger
100008563,2026-08-25 11:00:00+00:00,22.0,68.0,0.0,0.0,0.0,passenger
100008563,2026-08-25 11:15:00+00:00,22.0,68.0,0.0,0.0,0.0,passenger
100008563,2026-08-25 11:30:00+00:00,22.0,68.0,0.0,0.0,0.0,passenger
100008563,2026-08-25 11:45:00+00:00,22.0,68.0,0.0,0.0,0.0,passenger
100008563,2026-08-25 12:00:00+00:00,22.0,68.0,0.0,0.0,0.0,passenger
100008563,2026-08-25 12:15:00+00:00,22.0,68.0,0.0,0.0,0.0,passenger
100008563,2026-08-25 12:30:00+00:00,22.0,68.0,0.0,0.0,0.0,passenger
100008563,2026-08-25 12:45:00+00:00,22.0,68.0,0.0,0.0,0.0,passenger
100008563,2026-08-25 13:00:00+00:00,22.0,68.0,0.0,0.0,0.0,passenger
100008563,2026-08-25 13:15:00+00:00,22.0,68.0,0.0,0.0,0.0,passenger
100008563,2026-08-25 13:30:00+00:00,22.0,68.0,0.0,0.0,0.0,passenger
100008563,2026-08-25 13:45:00+00:00,22.0,68.0,0.0,0.0,0.0,passenger
100008563,2026-08-25 14:00:00+00:00,22.0,68.0,0.0,0.0,0.0,passenger
100008563,2026-08-25 14:15:00+00:00,22.0,68.0,0.0,0.0,0.0,passenger
100008563,2026-08-25 14:30:00+00:00,22.0,68.0,0.0,0.0,0.0,passenger
100008563,2026-08-25 14:45:00+00:00,22.0,68.0,0.0,0.0,0.0,passenger
100008563,2026-08-25 15:00:00+00:00,22.0,68.0,0.0,0.0,0.0,passenger
100008563,2026-08-25 15:15:00+00:00,22.0,68.0,0.0,0.0,0.0,passenger
100008563,2026-08-25 15:30:00+00:00,22.0,68.0,0.0,0.0,0.0,passenger
100008563,2026-08-25 15:45:00+00:00,22.0,68.0,0.0,0.0,0.0,passenger
100008563,2026-08-25 16:00:00+00:00,22.0,68.0,0.0,0.0,0.0,passenger
100008563,2026-08-25 16:15:00+00:00,22.0,68.0,0.0,0.0,0.0,passenger
100008563,2026-08-25 16:30:00+00:00,22.0,68.0,0.0,0.0,0.0,passenger
100008563,2026-08-25 16:45:00+00:00,22.0,68.0,0.0,0.0,0.0,passenger
100008563,2026-08-25 17:00:00+00:00,22.0,68.0,0.0,0.0,0.0,passenger
100008563,2026-08-25 17:15:00+00:00,22.0,68.0,0.0,0.0,0.0,passenger
100008563,2026-08-25 17:30:00+00:00,22.0,68.0,0.0,0.0,0.0,passenger
100008563,2026-08-25 17:45:00+00:00,22.0,68.0,0.0,0.0,0.0,passenger
100008563,2026-08-25 18:00:00+00:00,22.0,68.0,0.0,0.0,0.0,passenger
100008563,2026-08-25 18:15:00+00:00,22.0,68.0,0.0,0.0,0.0,passenger
100008563,2026-08-25 18:30:00+00:00,22.0,68.0,0.0,0.0,0.0,passenger
100008563,2026-08-25 18:45:00+00:00,22.0,68.0,0.0,0.0,0.0,passenger
100008563,2026-08-25 19:00:00+00:00,22.0,68.0,0.0,0.0,0.0,passenger
100008563,2026-08-25 19:15:00+00:00,22.0,68.0,0.0,0.0,0.0,passenger
100008563,2026-08-25 19:30:00+00:00,22.0,68.0,0.0,0.0,0.0,passenger
100008563,2026-08-25 19:45:00+00:00,22.0,68.0,0.0,0.0,0.0,passenger
100008563,2026-08-25 20:00:00+00:00,22.0,68.0,0.0,0.0,0.0,passenger
100008563,2026-08-25 20:15:00+00:00,22.0,68.0,0.0,0.0,0.0,passenger
100008563,2026-08-25 20:30:00+00:00,22.0,68.0,0.0,0.0,0.0,passenger
100008563,2026-08-25 20:45:00+00:00,22.0,68.0,0.0,0.0,0.0,passenger
100008563,2026-08-25 21:00:00+00:00,22.0,68.0,0.0,0.0,0.0,passenger
100008563,2026-08-25 21:15:00+00:00,22.0,68.0,0.0,0.0,0.0,passenger
100008563,2026-08-25 21:30:00+00:00,22.0,68.0,0.0,0.0,0.0,passenger
100008563,2026-08-25 21:45:00+00:00,22.0,68.0,0.0,0.0,0.0,passenger
100008563,2026-08-25 22:00:00+00:00,22.0,68.0,0.0,0.0,0.0,passenger
100008563,2026-08-25 22:15:00+00:00,22.0,68.0,0.0,0.0,0.0,passenger
100008563,2026-08-25 22:30:00+00:00,22.0,68.0,0.0,0.0,0.0,passenger
100008563,2026-08-25 22:45:00+00:00,22.0,68.0,0.0,0.0,0.0,passenger
100008563,2026-08-25 23:00:00+00:00,22.0,68.0,0.0,0.0,0.0,passenger
100008563,2026-08-25 23:15:00+00:00,22.0,68.0,0.0,0.0,0.0,passenger
100008563,2026-08-25 23:30:00+00:00,22.0,68.0,0.0,0.0,0.0,passenger
100008563,2026-08-25 23:45:00+00:00,22.0,68.0,0.0,0.0,0.0,passenger
100008563,2026-08-26 00:00:00+00:00,22.0,68.0,0.0,0.0,0.0,passenger
100008563,2026-08-26 00:15:00+00:00,22.0,68.0,0.0,0.0,0.0,passenger
100008563,2026-08-26 00:30:00+00:00,22.0,68.0,0.0,0.0,0.0,passenger
100008563,2026-08-26 00:45:00+00:00,22.0,68.0,0.0,0.0,0.0,passenger
100008563,2026-08-26 01:00:00+00:00,22.0,68.0,0.0,0.0,0.0,passenger
100008563,2026-08-26 01:15:00+00:00,22.0,68.0,0.0,0.0,0.0,passenger
100008563,2026-08-26 01:30:00+00:00,22.0,68.0,0.0,0.0,0.0,passenger
100008563,2026-08-26 01:45:00+00:00,22.0,68.0,0.0,0.0,0.0,passenger
100008563,2026-08-26 02:00:00+00:00,22.0,68.0,0.0,0.0,0.0,passenger
100008563,2026-08-26 02:15:00+00:00,22.0,68.0,0.0,0.0,0.0,passenger
100008563,2026-08-26 02:30:00+00:00,22.0,68.0,0.0,0.0,0.0,passenger
100008563,2026-08-26 02:45:00+00:00,22.0,68.0,0.0,0.0,0.0,passenger
100008563,2026-08-26 03:00:00+00:00,22.0,68.0,0.0,0.0,0.0,passenger
100008563,2026-08-26 03:15:00+00:00,22.0,68.0,0.0,0.0,0.0,passenger
100008563,2026-08-26 03:30:00+00:00,22.0,68.0,0.0,0.0,0.0,passenger
100008563,2026-08-26 03:45:00+00:00,22.0,68.0,0.0,0.0,0.0,passenger
100008563,2026-08-26 04:00:00+00:00,22.0,68.0,0.0,0.0,0.0,passenger
100008563,2026-08-26 04:15:00+00:00,22.0,68.0,0.0,0.0,0.0,passenger
100008563,2026-08-26 04:30:00+00:00,22.0,68.0,0.0,0.0,0.0,passenger
100008563,2026-08-26 04:45:00+00:00,22.0,68.0,0.0,0.0,0.0,passenger
100008563,2026-08-26 05:00:00+00:00,22.0,68.0,0.0,0.0,0.0,passenger
100008563,2026-08-26 05:15:00+00:00,22.0,68.0,0.0,0.0,0.0,passenger
100008563,2026-08-26 05:30:00+00:00,22.0,68.0,0.0,0.0,0.0,passenger
100008563,2026-08-26 05:45:00+00:00,22.0,68.0,0.0,0.0,0.0,passenger
100008563,2026-08-26 06:00:00+00:00,22.0,68.0,0.0,0.0,0.0,passenger
100008563,2026-08-26 06:15:00+00:00,22.0,68.0,0.0,0.0,0.0,passenger
100008563,2026-08-26 06:30:00+00:00,22.0,68.0,0.0,0.0,0.0,passenger
100008563,2026-08-26 06:45:00+00:00,22.0,68.0,0.0,0.0,0.0,passenger
100008563,2026-08-26 07:00:00+00:00,22.0,68.0,0.0,0.0,0.0,passenger
100008563,2026-08-26 07:15:00+00:00,22.0,68.0,0.0,0.0,0.0,passenger
100008563,2026-08-26 07:30:00+00:00,22.0,68.0,0.0,0.0,0.0,passenger
100008563,2026-08-26 07:45:00+00:00,22.0,68.0,0.0,0.0,0.0,passenger
100008563,2026-08-26 08:00:00+00:00,22.0,68.0,0.0,0.0,0.0,passenger
100008563,2026-08-26 08:15:00+00:00,22.0,68.0,0.0,0.0,0.0,passenger
100008563,2026-08-26 08:30:00+00:00,22.0,68.0,0.0,0.0,0.0,passenger
100008563,2026-08-26 08:45:00+00:00,22.0,68.0,0.0,0.0,0.0,passenger
100008563,2026-08-26 09:00:00+00:00,22.0,68.0,0.0,0.0,0.0,passenger
100008563,2026-08-26 09:15:00+00:00,22.0,68.0,0.0,0.0,0.0,passenger
100008563,2026-08-26 09:30:00+00:00,22.0,68.0,0.0,0.0,0.0,passenger
100008563,2026-08-26 09:45:00+00:00,22.0,68.0,0.0,0.0,0.0,passenger
100008563,2026-08-26 10:00:00+00:00,22.0,68.0,0.0,0.0,0.0,passenger
100009671,2026-08-24 10:00:00+00:00,20.24067273384737,72.81697217106775,11.444682197576023,15.555820779141063,15.555820779141063,fishing
100009671,2026-08-24 10:15:00+00:00,20.330197524580754,72.8418935463558,11.444682197576023,15.555820779141063,15.555820779141063,fishing
100009671,2026-08-24 10:30:00+00:00,20.419040087649183,72.86946785122805,11.444774717911262,17.242915295147615,17.242915295147615,fishing
100009671,2026-08-24 10:45:00+00:00,20.508928575899656,72.89288017160234,11.44463688161891,14.598879578361064,14.598879578361064,fishing
100009671,2026-08-24 11:00:00+00:00,20.59858764630858,72.91728899202046,11.444670046090861,15.229150527159721,15.229150527159721,fishing
100009671,2026-08-24 11:15:00+00:00,20.68922775803311,72.93714832269382,11.444535505866614,12.358273208073113,12.358273208073113,fishing
100009671,2026-08-24 11:30:00+00:00,20.779553382394653,72.95859523317955,11.444581294214238,13.35696075044253,13.35696075044253,fishing
100009671,2026-08-24 11:45:00+00:00,20.86990388378785,72.97993472802038,11.444579307310658,13.288913431668481,13.288913431668481,fishing
100009671,2026-08-24 12:00:00+00:00,20.961234396290802,72.99580135652987,11.444439224002975,9.855492061391004,9.855492061391004,fishing
100009671,2026-08-24 12:15:00+00:00,21.051887200272493,73.0,11.223227061829459,2.651796151801977,2.651796151801977,fishing
100009671,2026-08-24 12:30:00+00:00,21.142984954735397,73.0,11.267780029789431,0.0,0.0,fishing
100009671,2026-08-24 12:45:00+00:00,21.234504011683494,73.0,11.31989046606915,0.0,0.0,fishing
100009671,2026-08-24 13:00:00+00:00,21.325925585381516,73.0,11.307832871181894,0.0,0.0,fishing
100009671,2026-08-24 13:15:00+00:00,21.416702724959986,73.0,11.228123530972617,0.0,0.0,fishing
100009671,2026-08-24 13:30:00+00:00,21.50805727943299,73.0,11.29954333770527,0.0,0.0,fishing
100009671,2026-08-24 13:45:00+00:00,21.599380042251134,73.0,11.295611063239834,0.0,0.0,fishing
100009671,2026-08-24 14:00:00+00:00,21.690470086145265,73.0,11.266826318105112,0.0,0.0,fishing
100009671,2026-08-24 14:15:00+00:00,21.78114085286695,73.0,11.214966390509034,0.0,0.0,fishing
100009671,2026-08-24 14:30:00+00:00,21.871696400470316,73.0,11.200715065785163,0.0,0.0,fishing
100009671,2026-08-24 14:45:00+00:00,21.962487758875774,73.0,11.229882241883933,0.0,0.0,fishing
100009671,2026-08-24 15:00:00+00:00,22.0,73.0,4.639847424387587,0.0,0.0,fishing
100009671,2026-08-24 15:15:00+00:00,22.0,73.0,0.0,0.0,0.0,fishing
100009671,2026-08-24 15:30:00+00:00,22.0,73.0,0.0,0.0,0.0,fishing
100009671,2026-08-24 15:45:00+00:00,22.0,73.0,0.0,0.0,0.0,fishing
100009671,2026-08-24 16:00:00+00:00,22.0,73.0,0.0,0.0,0.0,fishing
100009671,2026-08-24 16:15:00+00:00,22.0,73.0,0.0,0.0,0.0,fishing
100009671,2026-08-24 16:30:00+00:00,22.0,72.99929015509939,0.0814066747837858,270.0,270.0,fishing
100009671,2026-08-24 16:45:00+00:00,22.0,72.99506201320133,0.4848932099641701,270.0,270.0,fishing
100009671,2026-08-24 17:00:00+00:00,22.0,72.99299090217264,0.23751986075962744,270.0,270.0,fishing
100009671,2026-08-24 17:15:00+00:00,22.0,72.9980891093958,0.5846743380688377,90.0,90.0,fishing
100009671,2026-08-24 17:30:00+00:00,22.0,73.0,0.21914540743874572,90.0,90.0,fishing
100009671,2026-08-24 17:45:00+00:00,22.0,73.0,0.0,0.0,0.0,fishing
100009671,2026-08-24 18:00:00+00:00,22.0,73.0,0.0,0.0,0.0,fishing
100009671,2026-08-24 18:15:00+00:00,22.0,73.0,0.0,0.0,0.0,fishing
100009671,2026-08-24 18:30:00+00:00,22.0,73.0,0.0,0.0,0.0,fishing
100009671,2026-08-24 18:45:00+00:00,22.0,73.0,0.0,0.0,0.0,fishing
100009671,2026-08-24 19:00:00+00:00,22.0,73.0,0.0,0.0,0.0,fishing
100009671,2026-08-24 19:15:00+00:00,22.0,72.99674781657565,0.37296800770848904,270.0,270.0,fishing
100009671,2026-08-24 19:30:00+00:00,22.0,72.99392301902166,0.32395439568403034,270.0,270.0,fishing
100009671,2026-08-24 19:45:00+00:00,22.0,72.99676050563129,0.32540960628664406,90.0,90.0,fishing
100009671,2026-08-24 20:00:00+00:00,22.0,73.0,0.37151279710587537,90.0,90.0,fishing
100009671,2026-08-24 20:15:00+00:00,22.0,73.0,0.0,0.0,0.0,fishing
100009671,2026-08-24 20:30:00+00:00,22.0,73.0,0.0,0.0,0.0,fishing
100009671,2026-08-24 20:45:00+00:00,22.0,72.99661917164609,0.3877213093583095,270.0,270.0,fishing
100009671,2026-08-24 21:00:00+00:00,22.0,72.99631589918926,0.03477999523977137,270.0,270.0,fishing
100009671,2026-08-24 21:15:00+00:00,22.0,72.99574131697948,0.06589443278061911,270.0,270.0,fishing
100009671,2026-08-24 21:30:00+00:00,22.0,72.99453767275718,0.13803673686421747,270.0,270.0,fishing
100009671,2026-08-24 21:45:00+00:00,22.0,73.0,0.6264324742429175,90.0,90.0,fishing
100009671,2026-08-24 22:00:00+00:00,22.0,73.0,0.0,0.0,0.0,fishing
100009671,2026-08-24 22:15:00+00:00,22.0,73.0,0.0,0.0,0.0,fishing
100009671,2026-08-24 22:30:00+00:00,22.0,73.0,0.0,0.0,0.0,fishing
100009671,2026-08-24 22:45:00+00:00,22.0,73.0,0.0,0.0,0.0,fishing
100009671,2026-08-24 23:00:00+00:00,22.0,73.0,0.0,0.0,0.0,fishing
100009671,2026-08-24 23:15:00+00:00,22.0,73.0,0.0,0.0,0.0,fishing
100009671,2026-08-24 23:30:00+00:00,22.0,73.0,0.0,0.0,0.0,fishing
100009671,2026-08-24 23:45:00+00:00,22.0,73.0,0.0,0.0,0.0,fishing
100009671,2026-08-25 00:00:00+00:00,22.0,73.0,0.0,0.0,0.0,fishing
100009671,2026-08-25 00:15:00+00:00,22.0,73.0,0.0,0.0,0.0,fishing
100009671,2026-08-25 00:30:00+00:00,22.0,73.0,0.0,0.0,0.0,fishing
100009671,2026-08-25 00:45:00+00:00,22.0,73.0,0.0,0.0,0.0,fishing
100009671,2026-08-25 01:00:00+00:00,22.0,73.0,0.0,0.0,0.0,fishing
100009671,2026-08-25 01:15:00+00:00,22.0,73.0,0.0,0.0,0.0,fishing
100009671,2026-08-25 01:30:00+00:00,22.0,73.0,0.0,0.0,0.0,fishing
100009671,2026-08-25 01:45:00+00:00,22.0,73.0,0.0,0.0,0.0,fishing
100009671,2026-08-25 02:00:00+00:00,22.0,73.0,0.0,0.0,0.0,fishing
100009671,2026-08-25 02:15:00+00:00,22.0,73.0,0.0,0.0,0.0,fishing
100009671,2026-08-25 02:30:00+00:00,22.0,73.0,0.0,0.0,0.0,fishing
100009671,2026-08-25 02:45:00+00:00,22.0,73.0,0.0,0.0,0.0,fishing
100009671,2026-08-25 03:00:00+00:00,22.0,73.0,0.0,0.0,0.0,fishing
100009671,2026-08-25 03:15:00+00:00,22.0,73.0,0.0,0.0,0.0,fishing
100009671,2026-08-25 03:30:00+00:00,22.0,73.0,0.0,0.0,0.0,fishing
100009671,2026-08-25 03:45:00+00:00,22.0,73.0,0.0,0.0,0.0,fishing
100009671,2026-08-25 04:00:00+00:00,22.0,73.0,0.0,0.0,0.0,fishing
100009671,2026-08-25 04:15:00+00:00,22.0,73.0,0.0,0.0,0.0,fishing
100009671,2026-08-25 04:30:00+00:00,22.0,73.0,0.0,0.0,0.0,fishing
100009671,2026-08-25 04:45:00+00:00,22.0,73.0,0.0,0.0,0.0,fishing
100009671,2026-08-25 05:00:00+00:00,22.0,73.0,0.0,0.0,0.0,fishing
100009671,2026-08-25 05:15:00+00:00,22.0,73.0,0.0,0.0,0.0,fishing
100009671,2026-08-25 05:30:00+00:00,22.0,73.0,0.0,0.0,0.0,fishing
100009671,2026-08-25 05:45:00+00:00,22.0,73.0,0.0,0.0,0.0,fishing
100009671,2026-08-25 06:00:00+00:00,22.0,73.0,0.0,0.0,0.0,fishing
100009671,2026-08-25 06:15:00+00:00,22.0,73.0,0.0,0.0,0.0,fishing
100009671,2026-08-25 06:30:00+00:00,22.0,73.0,0.0,0.0,0.0,fishing
100009671,2026-08-25 06:45:00+00:00,22.0,73.0,0.0,0.0,0.0,fishing
100009671,2026-08-25 07:00:00+00:00,22.0,73.0,0.0,0.0,0.0,fishing
100009671,2026-08-25 07:15:00+00:00,22.0,73.0,0.0,0.0,0.0,fishing
100009671,2026-08-25 07:30:00+00:00,22.0,73.0,0.0,0.0,0.0,fishing
100009671,2026-08-25 07:45:00+00:00,22.0,73.0,0.0,0.0,0.0,fishing
100009671,2026-08-25 08:00:00+00:00,22.0,73.0,0.0,0.0,0.0,fishing
100009671,2026-08-25 08:15:00+00:00,22.0,73.0,0.0,0.0,0.0,fishing
100009671,2026-08-25 08:30:00+00:00,22.0,73.0,0.0,0.0,0.0,fishing
100009671,2026-08-25 08:45:00+00:00,22.0,73.0,0.0,0.0,0.0,fishing
100009671,2026-08-25 09:00:00+00:00,22.0,73.0,0.0,0.0,0.0,fishing
100009671,2026-08-25 09:15:00+00:00,22.0,73.0,0.0,0.0,0.0,fishing
100009671,2026-08-25 09:30:00+00:00,22.0,73.0,0.0,0.0,0.0,fishing
100009671,2026-08-25 09:45:00+00:00,22.0,73.0,0.0,0.0,0.0,fishing
100009671,2026-08-25 10:00:00+00:00,22.0,73.0,0.0,0.0,0.0,fishing
100009671,2026-08-25 10:15:00+00:00,22.0,73.0,0.0,0.0,0.0,fishing
100009671,2026-08-25 10:30:00+00:00,22.0,73.0,0.0,0.0,0.0,fishing
100009671,2026-08-25 10:45:00+00:00,22.0,73.0,0.0,0.0,0.0,fishing
100009671,2026-08-25 11:00:00+00:00,22.0,73.0,0.0,0.0,0.0,fishing
100009671,2026-08-25 11:15:00+00:00,22.0,73.0,0.0,0.0,0.0,fishing
100009671,2026-08-25 11:30:00+00:00,22.0,73.0,0.0,0.0,0.0,fishing
100009671,2026-08-25 11:45:00+00:00,22.0,73.0,0.0,0.0,0.0,fishing
100009671,2026-08-25 12:00:00+00:00,22.0,73.0,0.0,0.0,0.0,fishing
100009671,2026-08-25 12:15:00+00:00,22.0,73.0,0.0,0.0,0.0,fishing
100009671,2026-08-25 12:30:00+00:00,22.0,73.0,0.0,0.0,0.0,fishing
100009671,2026-08-25 12:45:00+00:00,22.0,73.0,0.0,0.0,0.0,fishing
100009671,2026-08-25 13:00:00+00:00,22.0,73.0,0.0,0.0,0.0,fishing
100009671,2026-08-25 13:15:00+00:00,22.0,73.0,0.0,0.0,0.0,fishing
100009671,2026-08-25 13:30:00+00:00,22.0,73.0,0.0,0.0,0.0,fishing
100009671,2026-08-25 13:45:00+00:00,22.0,73.0,0.0,0.0,0.0,fishing
100009671,2026-08-25 14:00:00+00:00,22.0,73.0,0.0,0.0,0.0,fishing
100009671,2026-08-25 14:15:00+00:00,22.0,73.0,0.0,0.0,0.0,fishing
100009671,2026-08-25 14:30:00+00:00,22.0,73.0,0.0,0.0,0.0,fishing
100009671,2026-08-25 14:45:00+00:00,22.0,73.0,0.0,0.0,0.0,fishing
100009671,2026-08-25 15:00:00+00:00,22.0,73.0,0.0,0.0,0.0,fishing
100009671,2026-08-25 15:15:00+00:00,22.0,73.0,0.0,0.0,0.0,fishing
100009671,2026-08-25 15:30:00+00:00,22.0,73.0,0.0,0.0,0.0,fishing
100009671,2026-08-25 15:45:00+00:00,22.0,73.0,0.0,0.0,0.0,fishing
100009671,2026-08-25 16:00:00+00:00,22.0,73.0,0.0,0.0,0.0,fishing
100009671,2026-08-25 16:15:00+00:00,22.0,73.0,0.0,0.0,0.0,fishing
100009671,2026-08-25 16:30:00+00:00,22.0,73.0,0.0,0.0,0.0,fishing
100009671,2026-08-25 16:45:00+00:00,22.0,73.0,0.0,0.0,0.0,fishing
100009671,2026-08-25 17:00:00+00:00,22.0,73.0,0.0,0.0,0.0,fishing
100009671,2026-08-25 17:15:00+00:00,22.0,73.0,0.0,0.0,0.0,fishing
100009671,2026-08-25 17:30:00+00:00,22.0,73.0,0.0,0.0,0.0,fishing
100009671,2026-08-25 17:45:00+00:00,22.0,73.0,0.0,0.0,0.0,fishing
100009671,2026-08-25 18:00:00+00:00,22.0,73.0,0.0,0.0,0.0,fishing
100009671,2026-08-25 18:15:00+00:00,22.0,73.0,0.0,0.0,0.0,fishing
100009671,2026-08-25 18:30:00+00:00,22.0,73.0,0.0,0.0,0.0,fishing
100009671,2026-08-25 18:45:00+00:00,22.0,73.0,0.0,0.0,0.0,fishing
100009671,2026-08-25 19:00:00+00:00,22.0,73.0,0.0,0.0,0.0,fishing
100009671,2026-08-25 19:15:00+00:00,22.0,73.0,0.0,0.0,0.0,fishing
100009671,2026-08-25 19:30:00+00:00,22.0,73.0,0.0,0.0,0.0,fishing
100009671,2026-08-25 19:45:00+00:00,22.0,73.0,0.0,0.0,0.0,fishing
100009671,2026-08-25 20:00:00+00:00,22.0,73.0,0.0,0.0,0.0,fishing
100009671,2026-08-25 20:15:00+00:00,22.0,73.0,0.0,0.0,0.0,fishing
100009671,2026-08-25 20:30:00+00:00,22.0,73.0,0.0,0.0,0.0,fishing
100009671,2026-08-25 20:45:00+00:00,22.0,73.0,0.0,0.0,0.0,fishing
100009671,2026-08-25 21:00:00+00:00,22.0,73.0,0.0,0.0,0.0,fishing
100009671,2026-08-25 21:15:00+00:00,22.0,73.0,0.0,0.0,0.0,fishing
100009671,2026-08-25 21:30:00+00:00,22.0,73.0,0.0,0.0,0.0,fishing
100009671,2026-08-25 21:45:00+00:00,22.0,73.0,0.0,0.0,0.0,fishing
100009671,2026-08-25 22:00:00+00:00,22.0,73.0,0.0,0.0,0.0,fishing
100009671,2026-08-25 22:15:00+00:00,22.0,73.0,0.0,0.0,0.0,fishing
100009671,2026-08-25 22:30:00+00:00,22.0,73.0,0.0,0.0,0.0,fishing
100009671,2026-08-25 22:45:00+00:00,22.0,73.0,0.0,0.0,0.0,fishing
100009671,2026-08-25 23:00:00+00:00,22.0,73.0,0.0,0.0,0.0,fishing
100009671,2026-08-25 23:15:00+00:00,22.0,73.0,0.0,0.0,0.0,fishing
100009671,2026-08-25 23:30:00+00:00,22.0,73.0,0.0,0.0,0.0,fishing
100009671,2026-08-25 23:45:00+00:00,22.0,73.0,0.0,0.0,0.0,fishing
100009671,2026-08-26 00:00:00+00:00,22.0,73.0,0.0,0.0,0.0,fishing
100009671,2026-08-26 00:15:00+00:00,22.0,73.0,0.0,0.0,0.0,fishing
100009671,2026-08-26 00:30:00+00:00,22.0,73.0,0.0,0.0,0.0,fishing
100009671,2026-08-26 00:45:00+00:00,22.0,73.0,0.0,0.0,0.0,fishing
100009671,2026-08-26 01:00:00+00:00,22.0,73.0,0.0,0.0,0.0,fishing
100009671,2026-08-26 01:15:00+00:00,22.0,73.0,0.0,0.0,0.0,fishing
100009671,2026-08-26 01:30:00+00:00,22.0,73.0,0.0,0.0,0.0,fishing
100009671,2026-08-26 01:45:00+00:00,22.0,73.0,0.0,0.0,0.0,fishing
100009671,2026-08-26 02:00:00+00:00,22.0,73.0,0.0,0.0,0.0,fishing
100009671,2026-08-26 02:15:00+00:00,22.0,73.0,0.0,0.0,0.0,fishing
100009671,2026-08-26 02:30:00+00:00,22.0,73.0,0.0,0.0,0.0,fishing
100009671,2026-08-26 02:45:00+00:00,22.0,73.0,0.0,0.0,0.0,fishing
100009671,2026-08-26 03:00:00+00:00,22.0,73.0,0.0,0.0,0.0,fishing
100009671,2026-08-26 03:15:00+00:00,22.0,73.0,0.0,0.0,0.0,fishing
100009671,2026-08-26 03:30:00+00:00,22.0,73.0,0.0,0.0,0.0,fishing
100009671,2026-08-26 03:45:00+00:00,22.0,73.0,0.0,0.0,0.0,fishing
100009671,2026-08-26 04:00:00+00:00,22.0,73.0,0.0,0.0,0.0,fishing
100009671,2026-08-26 04:15:00+00:00,22.0,73.0,0.0,0.0,0.0,fishing
100009671,2026-08-26 04:30:00+00:00,22.0,73.0,0.0,0.0,0.0,fishing
100009671,2026-08-26 04:45:00+00:00,22.0,73.0,0.0,0.0,0.0,fishing
100009671,2026-08-26 05:00:00+00:00,22.0,73.0,0.0,0.0,0.0,fishing
100009671,2026-08-26 05:15:00+00:00,22.0,73.0,0.0,0.0,0.0,fishing
100009671,2026-08-26 05:30:00+00:00,22.0,73.0,0.0,0.0,0.0,fishing
100009671,2026-08-26 05:45:00+00:00,22.0,73.0,0.0,0.0,0.0,fishing
100009671,2026-08-26 06:00:00+00:00,22.0,73.0,0.0,0.0,0.0,fishing
100009671,2026-08-26 06:15:00+00:00,22.0,73.0,0.0,0.0,0.0,fishing
100009671,2026-08-26 06:30:00+00:00,22.0,73.0,0.0,0.0,0.0,fishing
100009671,2026-08-26 06:45:00+00:00,22.0,73.0,0.0,0.0,0.0,fishing
100009671,2026-08-26 07:00:00+00:00,22.0,73.0,0.0,0.0,0.0,fishing
100009671,2026-08-26 07:15:00+00:00,22.0,73.0,0.0,0.0,0.0,fishing
100009671,2026-08-26 07:30:00+00:00,22.0,73.0,0.0,0.0,0.0,fishing
100009671,2026-08-26 07:45:00+00:00,22.0,73.0,0.0,0.0,0.0,fishing
100009671,2026-08-26 08:00:00+00:00,22.0,73.0,0.0,0.0,0.0,fishing
100009671,2026-08-26 08:15:00+00:00,22.0,73.0,0.0,0.0,0.0,fishing
100009671,2026-08-26 08:30:00+00:00,22.0,73.0,0.0,0.0,0.0,fishing
100009671,2026-08-26 08:45:00+00:00,22.0,73.0,0.0,0.0,0.0,fishing
100009671,2026-08-26 09:00:00+00:00,22.0,73.0,0.0,0.0,0.0,fishing
100009671,2026-08-26 09:15:00+00:00,22.0,73.0,0.0,0.0,0.0,fishing
100009671,2026-08-26 09:30:00+00:00,22.0,73.0,0.0,0.0,0.0,fishing
100009671,2026-08-26 09:45:00+00:00,22.0,73.0,0.0,0.0,0.0,fishing
100009671,2026-08-26 10:00:00+00:00,22.0,73.0,0.0,0.0,0.0,fishing
100010131,2026-08-24 10:00:00+00:00,19.53804531057925,68.52112401404173,7.39626443641764,238.07054441676894,238.07054441676894,passenger
100010131,2026-08-24 10:15:00+00:00,19.50506360346211,68.46819735527576,7.39626443641764,238.07054441676894,238.07054441676894,passenger
100010131,2026-08-24 10:30:00+00:00,19.473048340620124,68.41461757298818,7.3962713587269535,239.14062451994607,239.14062451994607,passenger
100010131,2026-08-24 10:45:00+00:00,19.441109999190722,68.36099672913059,7.39627370874896,239.22057850345095,239.22057850345095,passenger
100010131,2026-08-24 11:00:00+00:00,19.412217572302367,68.30547676058642,7.396306434166203,242.50766487605284,242.50766487605284,passenger
100010131,2026-08-24 11:15:00+00:00,19.38219395560614,68.2506457848114,7.396294104203319,241.29635467317843,241.29635467317843,passenger
100010131,2026-08-24 11:30:00+00:00,19.35252239073847,68.19560988916177,7.396299837234049,241.66951084587623,241.66951084587623,passenger
100010131,2026-08-24 11:45:00+00:00,19.32151516305408,68.14141773139508,7.396287777325548,240.22302472941402,240.22302472941402,passenger
100010131,2026-08-24 12:00:00+00:00,19.288185282806673,68.0888072865717,7.396275807170511,237.64483731328193,237.64483731328193,passenger
100010131,2026-08-24 12:15:00+00:00,19.25380266075732,68.03697373512894,7.396275951373839,236.44258759757912,236.44258759757912,passenger
100010131,2026-08-24 12:30:00+00:00,19.21935680375295,68.0,6.065706312317306,227.0271231677572,227.0271231677572,passenger
100010131,2026-08-24 12:45:00+00:00,19.18418220398628,68.0,4.350707162251185,180.0,180.0,passenger
100010131,2026-08-24 13:00:00+00:00,19.147848929912474,68.0,4.49402229988435,180.0,180.0,passenger
100010131,2026-08-24 13:15:00+00:00,19.10922840317578,68.0,4.776930040365214,180.0,180.0,passenger
100010131,2026-08-24 13:30:00+00:00,19.070475571312738,68.0,4.79329471443772,180.0,180.0,passenger
100010131,2026-08-24 13:45:00+00:00,19.029384698646318,68.0,5.08248438358426,180.0,180.0,passenger
100010131,2026-08-24 14:00:00+00:00,18.989461035724982,68.0,4.938113507114524,180.0,180.0,passenger
100010131,2026-08-24 14:15:00+00:00,18.94966567875842,68.0,4.922243486130634,180.0,180.0,passenger
100010131,2026-08-24 14:30:00+00:00,18.907651405745405,68.0,5.196698746454457,180.0,180.0,passenger
100010131,2026-08-24 14:45:00+00:00,18.86518019723447,68.0,5.253216590485939,180.0,180.0,passenger
100010131,2026-08-24 15:00:00+00:00,18.82161824619425,68.0,5.388129321996699,180.0,180.0,passenger
100010131,2026-08-24 15:15:00+00:00,18.778515522982982,68.0,5.331327942087274,180.0,180.0,passenger
100010131,2026-08-24 15:30:00+00:00,18.737399180049678,68.0,5.085634772594851,180.0,180.0,passenger
100010131,2026-08-24 15:45:00+00:00,18.69353015494674,68.0,5.426110971621327,180.0,180.0,passenger
100010131,2026-08-24 16:00:00+00:00,18.64982469078073,68.0,5.405880301066893,180.0,180.0,passenger
100010131,2026-08-24 16:15:00+00:00,18.605891719239587,68.0,5.434020435511092,180.0,180.0,passenger
100010131,2026-08-24 16:30:00+00:00,18.5629216518168,68.0,5.314919895005039,180.0,180.0,passenger
100010131,2026-08-24 16:45:00+00:00,18.5202623347647,68.0,5.2764835269333705,180.0,180.0,passenger
100010131,2026-08-24 17:00:00+00:00,18.476517609747095,68.0,5.410736432177359,180.0,180.0,passenger
100010131,2026-08-24 17:15:00+00:00,18.43232141953155,68.0,5.466577660882633,180.0,180.0,passenger
100010131,2026-08-24 17:30:00+00:00,18.38702286306459,68.0,5.602928117668918,180.0,180.0,passenger
100010131,2026-08-24 17:45:00+00:00,18.343222557088048,68.0,5.417611179231942,180.0,180.0,passenger
100010131,2026-08-24 18:00:00+00:00,18.299452556897105,68.0,5.413862690284155,180.0,180.0,passenger
100010131,2026-08-24 18:15:00+00:00,18.258481551464723,68.0,5.067658138592011,180.0,180.0,passenger
100010131,2026-08-24 18:30:00+00:00,18.217418385790893,68.0,5.079057336456347,180.0,180.0,passenger
100010131,2026-08-24 18:45:00+00:00,18.17529269572197,68.0,5.210479798302605,180.0,180.0,passenger
100010131,2026-08-24 19:00:00+00:00,18.130983743601334,68.0,5.480525055632625,180.0,180.0,passenger
100010131,2026-08-24 19:15:00+00:00,18.084235979597082,68.0,5.782178987725892,180.0,180.0,passenger
100010131,2026-08-24 19:30:00+00:00,18.035498081464898,68.0,6.0283364667497725,180.0,180.0,passenger
100010131,2026-08-24 19:45:00+00:00,18.0,68.0,4.3907182540804355,180.0,180.0,passenger
100010131,2026-08-24 20:00:00+00:00,18.0,68.0,0.0,0.0,0.0,passenger
100010131,2026-08-24 20:15:00+00:00,18.0,68.0,0.0,0.0,0.0,passenger
100010131,2026-08-24 20:30:00+00:00,18.0,68.0,0.0,0.0,0.0,passenger
100010131,2026-08-24 20:45:00+00:00,18.0,68.0,0.0,0.0,0.0,passenger
100010131,2026-08-24 21:00:00+00:00,18.0,68.0,0.0,0.0,0.0,passenger
100010131,2026-08-24 21:15:00+00:00,18.0,68.0,0.0,0.0,0.0,passenger
100010131,2026-08-24 21:30:00+00:00,18.0,68.0,0.0,0.0,0.0,passenger
100010131,2026-08-24 21:45:00+00:00,18.0,68.0,0.0,0.0,0.0,passenger
100010131,2026-08-24 22:00:00+00:00,18.0,68.0,0.0,0.0,0.0,passenger
100010131,2026-08-24 22:15:00+00:00,18.0,68.0,0.0,0.0,0.0,passenger
100010131,2026-08-24 22:30:00+00:00,18.0,68.0,0.0,0.0,0.0,passenger
100010131,2026-08-24 22:45:00+00:00,18.0,68.0,0.0,0.0,0.0,passenger
100010131,2026-08-24 23:00:00+00:00,18.0,68.0,0.0,0.0,0.0,passenger
100010131,2026-08-24 23:15:00+00:00,18.0,68.0,0.0,0.0,0.0,passenger
100010131,2026-08-24 23:30:00+00:00,18.0,68.0,0.0,0.0,0.0,passenger
100010131,2026-08-24 23:45:00+00:00,18.0,68.0,0.0,0.0,0.0,passenger
100010131,2026-08-25 00:00:00+00:00,18.0,68.0,0.0,0.0,0.0,passenger
100010131,2026-08-25 00:15:00+00:00,18.0,68.0,0.0,0.0,0.0,passenger
100010131,2026-08-25 00:30:00+00:00,18.0,68.0,0.0,0.0,0.0,passenger
100010131,2026-08-25 00:45:00+00:00,18.0,68.0,0.0,0.0,0.0,passenger
100010131,2026-08-25 01:00:00+00:00,18.0,68.0,0.0,0.0,0.0,passenger
100010131,2026-08-25 01:15:00+00:00,18.0,68.0,0.0,0.0,0.0,passenger
100010131,2026-08-25 01:30:00+00:00,18.0,68.0,0.0,0.0,0.0,passenger
100010131,2026-08-25 01:45:00+00:00,18.0,68.0,0.0,0.0,0.0,passenger
100010131,2026-08-25 02:00:00+00:00,18.0,68.0,0.0,0.0,0.0,passenger
100010131,2026-08-25 02:15:00+00:00,18.0,68.0,0.0,0.0,0.0,passenger
100010131,2026-08-25 02:30:00+00:00,18.0,68.0,0.0,0.0,0.0,passenger
100010131,2026-08-25 02:45:00+00:00,18.0,68.0,0.0,0.0,0.0,passenger
100010131,2026-08-25 03:00:00+00:00,18.0,68.0,0.0,0.0,0.0,passenger
100010131,2026-08-25 03:15:00+00:00,18.0,68.0,0.0,0.0,0.0,passenger
100010131,2026-08-25 03:30:00+00:00,18.0,68.0,0.0,0.0,0.0,passenger
100010131,2026-08-25 03:45:00+00:00,18.0,68.0,0.0,0.0,0.0,passenger
100010131,2026-08-25 04:00:00+00:00,18.0,68.0,0.0,0.0,0.0,passenger
100010131,2026-08-25 04:15:00+00:00,18.0,68.0,0.0,0.0,0.0,passenger
100010131,2026-08-25 04:30:00+00:00,18.0,68.0,0.0,0.0,0.0,passenger
100010131,2026-08-25 04:45:00+00:00,18.0,68.0,0.0,0.0,0.0,passenger
100010131,2026-08-25 05:00:00+00:00,18.0,68.0,0.0,0.0,0.0,passenger
100010131,2026-08-25 05:15:00+00:00,18.0,68.0,0.0,0.0,0.0,passenger
100010131,2026-08-25 05:30:00+00:00,18.0,68.0,0.0,0.0,0.0,passenger
100010131,2026-08-25 05:45:00+00:00,18.0,68.0,0.0,0.0,0.0,passenger
100010131,2026-08-25 06:00:00+00:00,18.0,68.0,0.0,0.0,0.0,passenger
100010131,2026-08-25 06:15:00+00:00,18.0,68.0,0.0,0.0,0.0,passenger
100010131,2026-08-25 06:30:00+00:00,18.0,68.0,0.0,0.0,0.0,passenger
100010131,2026-08-25 06:45:00+00:00,18.0,68.0,0.0,0.0,0.0,passenger
100010131,2026-08-25 07:00:00+00:00,18.0,68.0,0.0,0.0,0.0,passenger
100010131,2026-08-25 07:15:00+00:00,18.0,68.0,0.0,0.0,0.0,passenger
100010131,2026-08-25 07:30:00+00:00,18.0,68.0,0.0,0.0,0.0,passenger
100010131,2026-08-25 07:45:00+00:00,18.0,68.0,0.0,0.0,0.0,passenger
100010131,2026-08-25 08:00:00+00:00,18.0,68.0,0.0,0.0,0.0,passenger
100010131,2026-08-25 08:15:00+00:00,18.0,68.0,0.0,0.0,0.0,passenger
100010131,2026-08-25 08:30:00+00:00,18.0,68.0,0.0,0.0,0.0,passenger
100010131,2026-08-25 08:45:00+00:00,18.0,68.0,0.0,0.0,0.0,passenger
100010131,2026-08-25 09:00:00+00:00,18.0,68.0,0.0,0.0,0.0,passenger
100010131,2026-08-25 09:15:00+00:00,18.0,68.0,0.0,0.0,0.0,passenger
100010131,2026-08-25 09:30:00+00:00,18.0,68.0,0.0,0.0,0.0,passenger
100010131,2026-08-25 09:45:00+00:00,18.0,68.0,0.0,0.0,0.0,passenger
100010131,2026-08-25 10:00:00+00:00,18.0,68.0,0.0,0.0,0.0,passenger
100010131,2026-08-25 10:15:00+00:00,18.0,68.0,0.0,0.0,0.0,passenger
100010131,2026-08-25 10:30:00+00:00,18.0,68.0,0.0,0.0,0.0,passenger
100010131,2026-08-25 10:45:00+00:00,18.0,68.0,0.0,0.0,0.0,passenger
100010131,2026-08-25 11:00:00+00:00,18.0,68.0,0.0,0.0,0.0,passenger
100010131,2026-08-25 11:15:00+00:00,18.0,68.0,0.0,0.0,0.0,passenger
100010131,2026-08-25 11:30:00+00:00,18.0,68.0,0.0,0.0,0.0,passenger
100010131,2026-08-25 11:45:00+00:00,18.0,68.0,0.0,0.0,0.0,passenger
100010131,2026-08-25 12:00:00+00:00,18.0,68.0,0.0,0.0,0.0,passenger
100010131,2026-08-25 12:15:00+00:00,18.0,68.0,0.0,0.0,0.0,passenger
100010131,2026-08-25 12:30:00+00:00,18.0,68.0,0.0,0.0,0.0,passenger
100010131,2026-08-25 12:45:00+00:00,18.0,68.0,0.0,0.0,0.0,passenger
100010131,2026-08-25 13:00:00+00:00,18.0,68.0,0.0,0.0,0.0,passenger
100010131,2026-08-25 13:15:00+00:00,18.0,68.0,0.0,0.0,0.0,passenger
100010131,2026-08-25 13:30:00+00:00,18.0,68.0,0.0,0.0,0.0,passenger
100010131,2026-08-25 13:45:00+00:00,18.0,68.0,0.0,0.0,0.0,passenger
100010131,2026-08-25 14:00:00+00:00,18.0,68.0,0.0,0.0,0.0,passenger
100010131,2026-08-25 14:15:00+00:00,18.0,68.0,0.0,0.0,0.0,passenger
100010131,2026-08-25 14:30:00+00:00,18.0,68.0,0.0,0.0,0.0,passenger
100010131,2026-08-25 14:45:00+00:00,18.0,68.0,0.0,0.0,0.0,passenger
100010131,2026-08-25 15:00:00+00:00,18.0,68.0,0.0,0.0,0.0,passenger
100010131,2026-08-25 15:15:00+00:00,18.0,68.0,0.0,0.0,0.0,passenger
100010131,2026-08-25 15:30:00+00:00,18.0,68.0,0.0,0.0,0.0,passenger
100010131,2026-08-25 15:45:00+00:00,18.0,68.0,0.0,0.0,0.0,passenger
100010131,2026-08-25 16:00:00+00:00,18.0,68.0,0.0,0.0,0.0,passenger
100010131,2026-08-25 16:15:00+00:00,18.0,68.0,0.0,0.0,0.0,passenger
100010131,2026-08-25 16:30:00+00:00,18.0,68.0,0.0,0.0,0.0,passenger
100010131,2026-08-25 16:45:00+00:00,18.0,68.0,0.0,0.0,0.0,passenger
100010131,2026-08-25 17:00:00+00:00,18.0,68.0,0.0,0.0,0.0,passenger
100010131,2026-08-25 17:15:00+00:00,18.0,68.0,0.0,0.0,0.0,passenger
100010131,2026-08-25 17:30:00+00:00,18.0,68.0,0.0,0.0,0.0,passenger
100010131,2026-08-25 17:45:00+00:00,18.0,68.0,0.0,0.0,0.0,passenger
100010131,2026-08-25 18:00:00+00:00,18.0,68.0,0.0,0.0,0.0,passenger
100010131,2026-08-25 18:15:00+00:00,18.0,68.0,0.0,0.0,0.0,passenger
100010131,2026-08-25 18:30:00+00:00,18.0,68.0,0.0,0.0,0.0,passenger
100010131,2026-08-25 18:45:00+00:00,18.0,68.0,0.0,0.0,0.0,passenger
100010131,2026-08-25 19:00:00+00:00,18.0,68.0,0.0,0.0,0.0,passenger
100010131,2026-08-25 19:15:00+00:00,18.0,68.0,0.0,0.0,0.0,passenger
100010131,2026-08-25 19:30:00+00:00,18.0,68.0,0.0,0.0,0.0,passenger
100010131,2026-08-25 19:45:00+00:00,18.0,68.0,0.0,0.0,0.0,passenger
100010131,2026-08-25 20:00:00+00:00,18.0,68.0,0.0,0.0,0.0,passenger
100010131,2026-08-25 20:15:00+00:00,18.0,68.0,0.0,0.0,0.0,passenger
100010131,2026-08-25 20:30:00+00:00,18.0,68.0,0.0,0.0,0.0,passenger
100010131,2026-08-25 20:45:00+00:00,18.0,68.0,0.0,0.0,0.0,passenger
100010131,2026-08-25 21:00:00+00:00,18.0,68.0,0.0,0.0,0.0,passenger
100010131,2026-08-25 21:15:00+00:00,18.0,68.0,0.0,0.0,0.0,passenger
100010131,2026-08-25 21:30:00+00:00,18.0,68.0,0.0,0.0,0.0,passenger
100010131,2026-08-25 21:45:00+00:00,18.0,68.0,0.0,0.0,0.0,passenger
100010131,2026-08-25 22:00:00+00:00,18.0,68.0,0.0,0.0,0.0,passenger
100010131,2026-08-25 22:15:00+00:00,18.0,68.0,0.0,0.0,0.0,passenger
100010131,2026-08-25 22:30:00+00:00,18.0,68.0,0.0,0.0,0.0,passenger
100010131,2026-08-25 22:45:00+00:00,18.0,68.0,0.0,0.0,0.0,passenger
100010131,2026-08-25 23:00:00+00:00,18.0,68.0,0.0,0.0,0.0,passenger
100010131,2026-08-25 23:15:00+00:00,18.0,68.0,0.0,0.0,0.0,passenger
100010131,2026-08-25 23:30:00+00:00,18.0,68.0,0.0,0.0,0.0,passenger
100010131,2026-08-25 23:45:00+00:00,18.0,68.0,0.0,0.0,0.0,passenger
100010131,2026-08-26 00:00:00+00:00,18.0,68.0,0.0,0.0,0.0,passenger
100010131,2026-08-26 00:15:00+00:00,18.0,68.0,0.0,0.0,0.0,passenger
100010131,2026-08-26 00:30:00+00:00,18.0,68.0,0.0,0.0,0.0,passenger
100010131,2026-08-26 00:45:00+00:00,18.0,68.0,0.0,0.0,0.0,passenger
100010131,2026-08-26 01:00:00+00:00,18.0,68.0,0.0,0.0,0.0,passenger
100010131,2026-08-26 01:15:00+00:00,18.0,68.0,0.0,0.0,0.0,passenger
100010131,2026-08-26 01:30:00+00:00,18.0,68.0,0.0,0.0,0.0,passenger
100010131,2026-08-26 01:45:00+00:00,18.0,68.0,0.0,0.0,0.0,passenger
100010131,2026-08-26 02:00:00+00:00,18.0,68.0,0.0,0.0,0.0,passenger
100010131,2026-08-26 02:15:00+00:00,18.0,68.0,0.0,0.0,0.0,passenger
100010131,2026-08-26 02:30:00+00:00,18.0,68.0,0.0,0.0,0.0,passenger
100010131,2026-08-26 02:45:00+00:00,18.0,68.0,0.0,0.0,0.0,passenger
100010131,2026-08-26 03:00:00+00:00,18.0,68.0,0.0,0.0,0.0,passenger
100010131,2026-08-26 03:15:00+00:00,18.0,68.0,0.0,0.0,0.0,passenger
100010131,2026-08-26 03:30:00+00:00,18.0,68.0,0.0,0.0,0.0,passenger
100010131,2026-08-26 03:45:00+00:00,18.0,68.0,0.0,0.0,0.0,passenger
100010131,2026-08-26 04:00:00+00:00,18.0,68.0,0.0,0.0,0.0,passenger
100010131,2026-08-26 04:15:00+00:00,18.0,68.0,0.0,0.0,0.0,passenger
100010131,2026-08-26 04:30:00+00:00,18.0,68.0,0.0,0.0,0.0,passenger
100010131,2026-08-26 04:45:00+00:00,18.0,68.0,0.0,0.0,0.0,passenger
100010131,2026-08-26 05:00:00+00:00,18.0,68.0,0.0,0.0,0.0,passenger
100010131,2026-08-26 05:15:00+00:00,18.0,68.0,0.0,0.0,0.0,passenger
100010131,2026-08-26 05:30:00+00:00,18.0,68.0,0.0,0.0,0.0,passenger
100010131,2026-08-26 05:45:00+00:00,18.0,68.0,0.0,0.0,0.0,passenger
100010131,2026-08-26 06:00:00+00:00,18.0,68.0,0.0,0.0,0.0,passenger
100010131,2026-08-26 06:15:00+00:00,18.0,68.0,0.0,0.0,0.0,passenger
100010131,2026-08-26 06:30:00+00:00,18.0,68.0,0.0,0.0,0.0,passenger
100010131,2026-08-26 06:45:00+00:00,18.0,68.0,0.0,0.0,0.0,passenger
100010131,2026-08-26 07:00:00+00:00,18.0,68.0,0.0,0.0,0.0,passenger
100010131,2026-08-26 07:15:00+00:00,18.0,68.0,0.0,0.0,0.0,passenger
100010131,2026-08-26 07:30:00+00:00,18.0,68.0,0.0,0.0,0.0,passenger
100010131,2026-08-26 07:45:00+00:00,18.0,68.0,0.0,0.0,0.0,passenger
100010131,2026-08-26 08:00:00+00:00,18.0,68.0,0.0,0.0,0.0,passenger
100010131,2026-08-26 08:15:00+00:00,18.0,68.0,0.0,0.0,0.0,passenger
100010131,2026-08-26 08:30:00+00:00,18.0,68.0,0.0,0.0,0.0,passenger
100010131,2026-08-26 08:45:00+00:00,18.0,68.0,0.0,0.0,0.0,passenger
100010131,2026-08-26 09:00:00+00:00,18.0,68.0,0.0,0.0,0.0,passenger
100010131,2026-08-26 09:15:00+00:00,18.0,68.0,0.0,0.0,0.0,passenger
100010131,2026-08-26 09:30:00+00:00,18.0,68.0,0.0,0.0,0.0,passenger
100010131,2026-08-26 09:45:00+00:00,18.0,68.0,0.0,0.0,0.0,passenger
100010131,2026-08-26 10:00:00+00:00,18.0,68.0,0.0,0.0,0.0,passenger
100011973,2026-08-24 10:00:00+00:00,21.31007568842521,70.03792104286909,9.890795169103306,210.11100307314987,210.11100307314987,fishing
100011973,2026-08-24 10:15:00+00:00,21.239722330460314,69.99712057508108,9.890795169103306,210.11100307314987,210.11100307314987,fishing
100011973,2026-08-24 10:30:00+00:00,21.169190212171156,69.9566962353149,9.890814943293694,209.81847903213256,209.81847903213256,fishing
100011973,2026-08-24 10:45:00+00:00,21.100021643759302,69.91366770586052,9.890701497795513,211.88500447346792,211.88500447346792,fishing
100011973,2026-08-24 11:00:00+00:00,21.034348266359853,69.8647717532004,9.890442342599668,216.66887524440156,216.66887524440156,fishing
100011973,2026-08-24 11:15:00+00:00,20.96898268367956,69.81542625756384,9.890426511819536,217.0497230027915,217.0497230027915,fishing
100011973,2026-08-24 11:30:00+00:00,20.906914880794858,69.76143985181976,9.890234218734186,221.0166570846446,221.0166570846446,fishing
100011973,2026-08-24 11:45:00+00:00,20.844424298533898,69.70803747974026,9.89026232984863,220.51609825950703,220.51609825950703,fishing
100011973,2026-08-24 12:00:00+00:00,20.783626309564738,69.65246544863734,9.89018057606709,222.4286823603712,222.4286823603712,fishing
100011973,2026-08-24 12:15:00+00:00,20.724869791836664,69.59445804401727,9.890095535337188,224.63241701941195,224.63241701941195,fishing
100011973,2026-08-24 12:30:00+00:00,20.665342927790125,69.5373779537702,9.890133231341396,223.79793410525696,223.79793410525696,fishing
100011973,2026-08-24 12:45:00+00:00,20.604443705501012,69.48199834147424,9.890201248072517,222.28228146397996,222.28228146397996,fishing
100011973,2026-08-24 13:00:00+00:00,20.545665130844604,69.42408473995407,9.890113089479804,224.575306553644,224.575306553644,fishing
100011973,2026-08-24 13:15:00+00:00,20.485890505266877,69.36736789744589,9.890160303224182,223.49638908020242,223.49638908020242,fishing
100011973,2026-08-24 13:30:00+00:00,20.424486626190063,69.31269229541662,9.890241543467,221.68269514269184,221.68269514269184,fishing
100011973,2026-08-24 13:45:00+00:00,20.361877063893587,69.25961803619838,9.890309078549809,220.28801539718833,220.28801539718833,fishing
100011973,2026-08-24 14:00:00+00:00,20.298348204061607,69.20782285840161,9.890365225485166,219.19041423725355,219.19041423725355,fishing
100011973,2026-08-24 14:15:00+00:00,20.23630010442719,69.15404725236515,9.89029009480897,220.91469241881862,220.91469241881862,fishing
100011973,2026-08-24 14:30:00+00:00,20.17516910511726,69.09911306553657,9.89024988704142,221.94383456108662,221.94383456108662,fishing
100011973,2026-08-24 14:45:00+00:00,20.11534516455938,69.04259089172099,9.890195896505675,223.37444903372443,223.37444903372443,fishing
100011973,2026-08-24 15:00:00+00:00,20.056308335566168,68.98515940131703,9.890168609794202,224.21031485531057,224.21031485531057,fishing
100011973,2026-08-24 15:15:00+00:00,19.996165972700897,68.92906439783243,9.890220382458741,223.00577931506032,223.00577931506032,fishing
100011973,2026-08-24 15:30:00+00:00,19.937323987193132,68.87145029799716,9.890171830729507,224.39590911315466,224.39590911315466,fishing
100011973,2026-08-24 15:45:00+00:00,19.880767004339315,68.81132393017536,9.890096859090432,226.75215176022806,226.75215176022806,fishing
100011973,2026-08-24 16:00:00+00:00,19.82537535987432,68.75000450746582,9.890068122499237,227.90756555867756,227.90756555867756,fishing
100011973,2026-08-24 16:15:00+00:00,19.770895923268284,68.68778977371169,9.890049941435787,228.79241268820454,228.79241268820454,fishing
100011973,2026-08-24 16:30:00+00:00,19.71486858136774,68.62716850690128,9.890096881399643,227.25529098249592,227.25529098249592,fishing
100011973,2026-08-24 16:45:00+00:00,19.659264715837487,68.5661300493294,9.890090223084396,227.66759232160499,227.66759232160499,fishing
100011973,2026-08-24 17:00:00+00:00,19.602038092877294,68.50682809291763,9.890144997255861,226.02031003049476,226.02031003049476,fishing
100011973,2026-08-24 17:15:00+00:00,19.544764634253987,68.44759816327256,9.89015196764418,225.96209215943904,225.96209215943904,fishing
100011973,2026-08-24 17:30:00+00:00,19.484390903269386,68.39196392939812,9.890275800006098,222.66048609277368,222.66048609277368,fishing
100011973,2026-08-24 17:45:00+00:00,19.42112792846368,68.34008778651398,9.890420913492347,219.352025315585,219.352025315585,fishing
100011973,2026-08-24 18:00:00+00:00,19.357540094714672,68.28868022070921,9.890443503125582,218.9537968050709,218.9537968050709,fishing
100011973,2026-08-24 18:15:00+00:00,19.29303545097031,68.23859205223702,9.890499859107072,217.82951236402766,217.82951236402766,fishing
100011973,2026-08-24 18:30:00+00:00,19.228707477142674,68.18826922604518,9.890494682212212,218.03554841208003,218.03554841208003,fishing
100011973,2026-08-24 18:45:00+00:00,19.164156688778988,68.138287063969,9.890512316486882,217.75088874235263,217.75088874235263,fishing
100011973,2026-08-24 19:00:00+00:00,19.099655691221443,68.08825245504093,9.890514374189008,217.80139018179014,217.80139018179014,fishing
100011973,2026-08-24 19:15:00+00:00,19.036173613860083,68.03679884199045,9.890463256095424,219.0255235247839,219.0255235247839,fishing
100011973,2026-08-24 19:30:00+00:00,18.9719133108111,68.0,9.038164214772445,209.79773021847868,209.79773021847868,fishing
100011973,2026-08-24 19:45:00+00:00,18.907290226354718,68.0,7.993157512982768,180.0,180.0,fishing
100011973,2026-08-24 20:00:00+00:00,18.845142319502603,68.0,7.68700554530823,180.0,180.0,fishing
100011973,2026-08-24 20:15:00+00:00,18.78299983170613,68.0,7.6863352683368795,180.0,180.0,fishing
100011973,2026-08-24 20:30:00+00:00,18.720543653910983,68.0,7.725135235728806,180.0,180.0,fishing
100011973,2026-08-24 20:45:00+00:00,18.65823160348143,68.0,7.707308282019975,180.0,180.0,fishing
100011973,2026-08-24 21:00:00+00:00,18.595638177273962,68.0,7.742111339350278,180.0,180.0,fishing
100011973,2026-08-24 21:15:00+00:00,18.531831134237002,68.0,7.892222256527035,180.0,180.0,fishing
100011973,2026-08-24 21:30:00+00:00,18.4663835233883,68.0,8.095142266308573,180.0,180.0,fishing
100011973,2026-08-24 21:45:00+00:00,18.39973449136635,68.0,8.24374471631491,180.0,180.0,fishing
100011973,2026-08-24 22:00:00+00:00,18.334463013856578,68.0,8.07335652931972,180.0,180.0,fishing
100011973,2026-08-24 22:15:00+00:00,18.268191320873218,68.0,8.197072069897372,180.0,180.0,fishing
100011973,2026-08-24 22:30:00+00:00,18.201678516529913,68.0,8.226894866107374,180.0,180.0,fishing
100011973,2026-08-24 22:45:00+00:00,18.136271672452853,68.0,8.090099869620367,180.0,180.0,fishing
100011973,2026-08-24 23:00:00+00:00,18.070420725863862,68.0,8.145030415873912,180.0,180.0,fishing
100011973,2026-08-24 23:15:00+00:00,18.005589099747983,68.0,8.018951799132946,180.0,180.0,fishing
100011973,2026-08-24 23:30:00+00:00,18.0,68.0,0.691309537717165,180.0,180.0,fishing
100011973,2026-08-24 23:45:00+00:00,18.0,68.0,0.0,0.0,0.0,fishing
100011973,2026-08-25 00:00:00+00:00,18.0,68.0,0.0,0.0,0.0,fishing
100011973,2026-08-25 00:15:00+00:00,18.0,68.0,0.0,0.0,0.0,fishing
100011973,2026-08-25 00:30:00+00:00,18.0,68.0,0.0,0.0,0.0,fishing
100011973,2026-08-25 00:45:00+00:00,18.0,68.0,0.0,0.0,0.0,fishing
100011973,2026-08-25 01:00:00+00:00,18.0,68.0,0.0,0.0,0.0,fishing
100011973,2026-08-25 01:15:00+00:00,18.0,68.0,0.0,0.0,0.0,fishing
100011973,2026-08-25 01:30:00+00:00,18.0,68.0,0.0,0.0,0.0,fishing
100011973,2026-08-25 01:45:00+00:00,18.0,68.0,0.0,0.0,0.0,fishing
100011973,2026-08-25 02:00:00+00:00,18.0,68.0,0.0,0.0,0.0,fishing
100011973,2026-08-25 02:15:00+00:00,18.0,68.0,0.0,0.0,0.0,fishing
100011973,2026-08-25 02:30:00+00:00,18.0,68.0,0.0,0.0,0.0,fishing
100011973,2026-08-25 02:45:00+00:00,18.0,68.0,0.0,0.0,0.0,fishing
100011973,2026-08-25 03:00:00+00:00,18.0,68.0,0.0,0.0,0.0,fishing
100011973,2026-08-25 03:15:00+00:00,18.0,68.0,0.0,0.0,0.0,fishing
100011973,2026-08-25 03:30:00+00:00,18.0,68.0,0.0,0.0,0.0,fishing
100011973,2026-08-25 03:45:00+00:00,18.0,68.0,0.0,0.0,0.0,fishing
100011973,2026-08-25 04:00:00+00:00,18.0,68.0,0.0,0.0,0.0,fishing
100011973,2026-08-25 04:15:00+00:00,18.0,68.0,0.0,0.0,0.0,fishing
100011973,2026-08-25 04:30:00+00:00,18.0,68.0,0.0,0.0,0.0,fishing
100011973,2026-08-25 04:45:00+00:00,18.0,68.0,0.0,0.0,0.0,fishing
100011973,2026-08-25 05:00:00+00:00,18.0,68.0,0.0,0.0,0.0,fishing
100011973,2026-08-25 05:15:00+00:00,18.0,68.0,0.0,0.0,0.0,fishing
100011973,2026-08-25 05:30:00+00:00,18.0,68.0,0.0,0.0,0.0,fishing
100011973,2026-08-25 05:45:00+00:00,18.0,68.0,0.0,0.0,0.0,fishing
100011973,2026-08-25 06:00:00+00:00,18.0,68.0,0.0,0.0,0.0,fishing
100011973,2026-08-25 06:15:00+00:00,18.0,68.0,0.0,0.0,0.0,fishing
100011973,2026-08-25 06:30:00+00:00,18.0,68.0,0.0,0.0,0.0,fishing
100011973,2026-08-25 06:45:00+00:00,18.0,68.0,0.0,0.0,0.0,fishing
100011973,2026-08-25 07:00:00+00:00,18.0,68.0,0.0,0.0,0.0,fishing
100011973,2026-08-25 07:15:00+00:00,18.0,68.0,0.0,0.0,0.0,fishing
100011973,2026-08-25 07:30:00+00:00,18.0,68.0,0.0,0.0,0.0,fishing
100011973,2026-08-25 07:45:00+00:00,18.0,68.0,0.0,0.0,0.0,fishing
100011973,2026-08-25 08:00:00+00:00,18.0,68.0,0.0,0.0,0.0,fishing
100011973,2026-08-25 08:15:00+00:00,18.0,68.0,0.0,0.0,0.0,fishing
100011973,2026-08-25 08:30:00+00:00,18.0,68.0,0.0,0.0,0.0,fishing
100011973,2026-08-25 08:45:00+00:00,18.0,68.0,0.0,0.0,0.0,fishing
100011973,2026-08-25 09:00:00+00:00,18.0,68.0,0.0,0.0,0.0,fishing
100011973,2026-08-25 09:15:00+00:00,18.0,68.0,0.0,0.0,0.0,fishing
100011973,2026-08-25 09:30:00+00:00,18.0,68.0,0.0,0.0,0.0,fishing
100011973,2026-08-25 09:45:00+00:00,18.0,68.0,0.0,0.0,0.0,fishing
100011973,2026-08-25 10:00:00+00:00,18.0,68.0,0.0,0.0,0.0,fishing
100011973,2026-08-25 10:15:00+00:00,18.0,68.0,0.0,0.0,0.0,fishing
100011973,2026-08-25 10:30:00+00:00,18.0,68.0,0.0,0.0,0.0,fishing
100011973,2026-08-25 10:45:00+00:00,18.0,68.0,0.0,0.0,0.0,fishing
100011973,2026-08-25 11:00:00+00:00,18.0,68.0,0.0,0.0,0.0,fishing
100011973,2026-08-25 11:15:00+00:00,18.0,68.0,0.0,0.0,0.0,fishing
100011973,2026-08-25 11:30:00+00:00,18.0,68.0,0.0,0.0,0.0,fishing
100011973,2026-08-25 11:45:00+00:00,18.0,68.0,0.0,0.0,0.0,fishing
100011973,2026-08-25 12:00:00+00:00,18.0,68.0,0.0,0.0,0.0,fishing
100011973,2026-08-25 12:15:00+00:00,18.0,68.0,0.0,0.0,0.0,fishing
100011973,2026-08-25 12:30:00+00:00,18.0,68.0,0.0,0.0,0.0,fishing
100011973,2026-08-25 12:45:00+00:00,18.0,68.0,0.0,0.0,0.0,fishing
100011973,2026-08-25 13:00:00+00:00,18.0,68.0,0.0,0.0,0.0,fishing
100011973,2026-08-25 13:15:00+00:00,18.0,68.0,0.0,0.0,0.0,fishing
100011973,2026-08-25 13:30:00+00:00,18.0,68.0,0.0,0.0,0.0,fishing
100011973,2026-08-25 13:45:00+00:00,18.0,68.0,0.0,0.0,0.0,fishing
100011973,2026-08-25 14:00:00+00:00,18.0,68.0,0.0,0.0,0.0,fishing
100011973,2026-08-25 14:15:00+00:00,18.0,68.0,0.0,0.0,0.0,fishing
100011973,2026-08-25 14:30:00+00:00,18.0,68.0,0.0,0.0,0.0,fishing
100011973,2026-08-25 14:45:00+00:00,18.0,68.0,0.0,0.0,0.0,fishing
100011973,2026-08-25 15:00:00+00:00,18.0,68.0,0.0,0.0,0.0,fishing
100011973,2026-08-25 15:15:00+00:00,18.0,68.0,0.0,0.0,0.0,fishing
100011973,2026-08-25 15:30:00+00:00,18.0,68.0,0.0,0.0,0.0,fishing
100011973,2026-08-25 15:45:00+00:00,18.0,68.0,0.0,0.0,0.0,fishing
100011973,2026-08-25 16:00:00+00:00,18.0,68.0,0.0,0.0,0.0,fishing
100011973,2026-08-25 16:15:00+00:00,18.0,68.0,0.0,0.0,0.0,fishing
100011973,2026-08-25 16:30:00+00:00,18.0,68.0,0.0,0.0,0.0,fishing
100011973,2026-08-25 16:45:00+00:00,18.0,68.0,0.0,0.0,0.0,fishing
100011973,2026-08-25 17:00:00+00:00,18.0,68.0,0.0,0.0,0.0,fishing
100011973,2026-08-25 17:15:00+00:00,18.0,68.0,0.0,0.0,0.0,fishing
100011973,2026-08-25 17:30:00+00:00,18.0,68.0,0.0,0.0,0.0,fishing
100011973,2026-08-25 17:45:00+00:00,18.0,68.0,0.0,0.0,0.0,fishing
100011973,2026-08-25 18:00:00+00:00,18.0,68.0,0.0,0.0,0.0,fishing
100011973,2026-08-25 18:15:00+00:00,18.0,68.0,0.0,0.0,0.0,fishing
100011973,2026-08-25 18:30:00+00:00,18.0,68.0,0.0,0.0,0.0,fishing
100011973,2026-08-25 18:45:00+00:00,18.0,68.0,0.0,0.0,0.0,fishing
100011973,2026-08-25 19:00:00+00:00,18.0,68.0,0.0,0.0,0.0,fishing
100011973,2026-08-25 19:15:00+00:00,18.0,68.0,0.0,0.0,0.0,fishing
100011973,2026-08-25 19:30:00+00:00,18.0,68.0,0.0,0.0,0.0,fishing
100011973,2026-08-25 19:45:00+00:00,18.0,68.0,0.0,0.0,0.0,fishing
100011973,2026-08-25 20:00:00+00:00,18.0,68.0,0.0,0.0,0.0,fishing
100011973,2026-08-25 20:15:00+00:00,18.0,68.0,0.0,0.0,0.0,fishing
100011973,2026-08-25 20:30:00+00:00,18.0,68.0,0.0,0.0,0.0,fishing
100011973,2026-08-25 20:45:00+00:00,18.0,68.0,0.0,0.0,0.0,fishing
100011973,2026-08-25 21:00:00+00:00,18.0,68.0,0.0,0.0,0.0,fishing
100011973,2026-08-25 21:15:00+00:00,18.0,68.0,0.0,0.0,0.0,fishing
100011973,2026-08-25 21:30:00+00:00,18.0,68.0,0.0,0.0,0.0,fishing
100011973,2026-08-25 21:45:00+00:00,18.0,68.0,0.0,0.0,0.0,fishing
100011973,2026-08-25 22:00:00+00:00,18.0,68.0,0.0,0.0,0.0,fishing
100011973,2026-08-25 22:15:00+00:00,18.0,68.0,0.0,0.0,0.0,fishing
100011973,2026-08-25 22:30:00+00:00,18.0,68.0,0.0,0.0,0.0,fishing
100011973,2026-08-25 22:45:00+00:00,18.0,68.0,0.0,0.0,0.0,fishing
100011973,2026-08-25 23:00:00+00:00,18.0,68.0,0.0,0.0,0.0,fishing
100011973,2026-08-25 23:15:00+00:00,18.0,68.0,0.0,0.0,0.0,fishing
100011973,2026-08-25 23:30:00+00:00,18.0,68.0,0.0,0.0,0.0,fishing
100011973,2026-08-25 23:45:00+00:00,18.0,68.0,0.0,0.0,0.0,fishing
100011973,2026-08-26 00:00:00+00:00,18.0,68.0,0.0,0.0,0.0,fishing
100011973,2026-08-26 00:15:00+00:00,18.0,68.0,0.0,0.0,0.0,fishing
100011973,2026-08-26 00:30:00+00:00,18.0,68.0,0.0,0.0,0.0,fishing
100011973,2026-08-26 00:45:00+00:00,18.0,68.0,0.0,0.0,0.0,fishing
100011973,2026-08-26 01:00:00+00:00,18.0,68.0,0.0,0.0,0.0,fishing
100011973,2026-08-26 01:15:00+00:00,18.0,68.0,0.0,0.0,0.0,fishing
100011973,2026-08-26 01:30:00+00:00,18.0,68.0,0.0,0.0,0.0,fishing
100011973,2026-08-26 01:45:00+00:00,18.0,68.0,0.0,0.0,0.0,fishing
100011973,2026-08-26 02:00:00+00:00,18.0,68.0,0.0,0.0,0.0,fishing
100011973,2026-08-26 02:15:00+00:00,18.0,68.0,0.0,0.0,0.0,fishing
100011973,2026-08-26 02:30:00+00:00,18.0,68.0,0.0,0.0,0.0,fishing
100011973,2026-08-26 02:45:00+00:00,18.0,68.0,0.0,0.0,0.0,fishing
100011973,2026-08-26 03:00:00+00:00,18.0,68.0,0.0,0.0,0.0,fishing
100011973,2026-08-26 03:15:00+00:00,18.0,68.0,0.0,0.0,0.0,fishing
100011973,2026-08-26 03:30:00+00:00,18.0,68.0,0.0,0.0,0.0,fishing
100011973,2026-08-26 03:45:00+00:00,18.0,68.0,0.0,0.0,0.0,fishing
100011973,2026-08-26 04:00:00+00:00,18.0,68.0,0.0,0.0,0.0,fishing
100011973,2026-08-26 04:15:00+00:00,18.0,68.0,0.0,0.0,0.0,fishing
100011973,2026-08-26 04:30:00+00:00,18.0,68.0,0.0,0.0,0.0,fishing
100011973,2026-08-26 04:45:00+00:00,18.0,68.0,0.0,0.0,0.0,fishing
100011973,2026-08-26 05:00:00+00:00,18.0,68.0,0.0,0.0,0.0,fishing
100011973,2026-08-26 05:15:00+00:00,18.0,68.0,0.0,0.0,0.0,fishing
100011973,2026-08-26 05:30:00+00:00,18.0,68.0,0.0,0.0,0.0,fishing
100011973,2026-08-26 05:45:00+00:00,18.0,68.0,0.0,0.0,0.0,fishing
100011973,2026-08-26 06:00:00+00:00,18.0,68.0,0.0,0.0,0.0,fishing
100011973,2026-08-26 06:15:00+00:00,18.0,68.0,0.0,0.0,0.0,fishing
100011973,2026-08-26 06:30:00+00:00,18.0,68.0,0.0,0.0,0.0,fishing
100011973,2026-08-26 06:45:00+00:00,18.0,68.0,0.0,0.0,0.0,fishing
100011973,2026-08-26 07:00:00+00:00,18.0,68.0,0.0,0.0,0.0,fishing
100011973,2026-08-26 07:15:00+00:00,18.0,68.0,0.0,0.0,0.0,fishing
100011973,2026-08-26 07:30:00+00:00,18.0,68.0,0.0,0.0,0.0,fishing
100011973,2026-08-26 07:45:00+00:00,18.0,68.0,0.0,0.0,0.0,fishing
100011973,2026-08-26 08:00:00+00:00,18.0,68.0,0.0,0.0,0.0,fishing
100011973,2026-08-26 08:15:00+00:00,18.0,68.0,0.0,0.0,0.0,fishing
100011973,2026-08-26 08:30:00+00:00,18.0,68.0,0.0,0.0,0.0,fishing
100011973,2026-08-26 08:45:00+00:00,18.0,68.0,0.0,0.0,0.0,fishing
100011973,2026-08-26 09:00:00+00:00,18.0,68.0,0.0,0.0,0.0,fishing
100011973,2026-08-26 09:15:00+00:00,18.0,68.0,0.0,0.0,0.0,fishing
100011973,2026-08-26 09:30:00+00:00,18.0,68.0,0.0,0.0,0.0,fishing
100011973,2026-08-26 09:45:00+00:00,18.0,68.0,0.0,0.0,0.0,fishing
100011973,2026-08-26 10:00:00+00:00,18.0,68.0,0.0,0.0,0.0,fishing
100012411,2026-08-24 10:00:00+00:00,19.38076883397684,69.29952489621417,11.268152181478701,108.67826276927764,108.67826276927764,fishing
100012411,2026-08-24 10:15:00+00:00,19.350035346039142,69.39043663315792,11.268152181478701,108.67826276927764,108.67826276927764,fishing
100012411,2026-08-24 10:30:00+00:00,19.319529375217364,69.4814174107117,11.268165776813921,108.53636817826285,108.53636817826285,fishing
100012411,2026-08-24 10:45:00+00:00,19.28998386617792,69.57273693007153,11.26821351606697,107.92846425019704,107.92846425019704,fishing
100012411,2026-08-24 11:00:00+00:00,19.259982180516204,69.6638726565425,11.26819522728978,108.22143400137868,108.22143400137868,fishing
100012411,2026-08-24 11:15:00+00:00,19.232500978266888,69.75588058146711,11.26831955247553,106.62999069301645,106.62999069301645,fishing
100012411,2026-08-24 11:30:00+00:00,19.198762065746084,69.84550443388133,11.268039318649215,110.62885418931639,110.62885418931639,fishing
100012411,2026-08-24 11:45:00+00:00,19.169823556082946,69.93697493517135,11.26825447818989,107.55580155726985,107.55580155726985,fishing
100012411,2026-08-24 12:00:00+00:00,19.140328497771982,70.02822964670086,11.268231113039965,107.9117055032022,107.9117055032022,fishing
100012411,2026-08-24 12:15:00+00:00,19.10482242458195,70.11703417680025,11.267981460040605,111.79265503265431,111.79265503265431,fishing
100012411,2026-08-24 12:30:00+00:00,19.06929643478622,70.20581073611905,11.267984833920845,111.80995824718774,111.80995824718774,fishing
100012411,2026-08-24 12:45:00+00:00,19.034327815047902,70.29481592794242,11.268009769872608,111.44901581490721,111.44901581490721,fishing
100012411,2026-08-24 13:00:00+00:00,19.000411705132237,70.38425747577686,11.268054466061306,110.7666573818046,110.7666573818046,fishing
100012411,2026-08-24 13:15:00+00:00,18.967028779484345,70.47390514986228,11.268079550178992,110.42428214568706,110.42428214568706,fishing
100012411,2026-08-24 13:30:00+00:00,18.92962293654265,70.5617392629579,11.26793497420523,113.06766082256019,113.06766082256019,fishing
100012411,2026-08-24 13:45:00+00:00,18.898736941031615,70.65234511270049,11.268192694461312,108.82337168045571,108.82337168045571,fishing
100012411,2026-08-24 14:00:00+00:00,18.863308962090063,70.74105583446295,11.268012251943304,111.77005012139327,111.77005012139327,fishing
100012411,2026-08-24 14:15:00+00:00,18.832095612203968,70.8315003151738,11.26818534284559,109.04009754857212,109.04009754857212,fishing
100012411,2026-08-24 14:30:00+00:00,18.8016803876849,70.92223142340282,11.26822372581931,108.5323763187747,108.5323763187747,fishing
100012411,2026-08-24 14:45:00+00:00,18.7725554534171,71.01341797317302,11.268285475554382,107.71345363703534,107.71345363703534,fishing
100012411,2026-08-24 15:00:00+00:00,18.74166307532565,71.10393677640889,11.268208868167237,108.84381526629888,108.84381526629888,fishing
100012411,2026-08-24 15:15:00+00:00,18.71559812497103,71.19611943360802,11.268439154920364,105.78842535956076,105.78842535956076,fishing
100012411,2026-08-24 15:30:00+00:00,18.688128094010626,71.28783124942836,11.268372290506058,106.67430090586883,106.67430090586883,fishing
100012411,2026-08-24 15:45:00+00:00,18.654592880054384,71.37724909933836,11.26810811271362,110.5580227454595,110.5580227454595,fishing
100012411,2026-08-24 16:00:00+00:00,18.625125408002955,71.46823352978639,11.26828453463682,107.9457796086756,107.9457796086756,fishing
100012411,2026-08-24 16:15:00+00:00,18.595087641588414,71.55899402537102,11.268261851298764,108.31229185741097,108.31229185741097,fishing
100012411,2026-08-24 16:30:00+00:00,18.56704548347141,71.65044750707735,11.268356530121881,107.0469830056507,107.0469830056507,fishing
100012411,2026-08-24 16:45:00+00:00,18.537717662943475,71.74143549562667,11.268299692424524,107.8654955524387,107.8654955524387,fishing
100012411,2026-08-24 17:00:00+00:00,18.50833218950447,71.83238715894278,11.268300023693422,107.90506920719776,107.90506920719776,fishing
100012411,2026-08-24 17:15:00+00:00,18.480885183670612,71.92399517621713,11.268393169831322,106.67892982962702,106.67892982962702,fishing
100012411,2026-08-24 17:30:00+00:00,18.45196260308329,72.01508174039702,11.268326773071314,107.61612696389147,107.61612696389147,fishing
100012411,2026-08-24 17:45:00+00:00,18.41765894631459,72.1040508321466,11.268104876999264,111.08505540579975,111.08505540579975,fishing
100012411,2026-08-24 18:00:00+00:00,18.383918551516675,72.19324140588692,11.268130130358188,110.72140606632486,110.72140606632486,fishing
100012411,2026-08-24 18:15:00+00:00,18.34806254158822,72.28149229469928,11.268056332466326,112.11172549270896,112.11172549270896,fishing
100012411,2026-08-24 18:30:00+00:00,18.316023214762588,72.37134141748619,11.268205256647695,109.62574197517048,109.62574197517048,fishing
100012411,2026-08-24 18:45:00+00:00,18.286848937720706,72.46225169643843,11.26833174945602,107.79210340326847,107.79210340326847,fishing
100012411,2026-08-24 19:00:00+00:00,18.25625528220944,72.55262702930503,11.268272316715136,108.70187307836268,108.70187307836268,fishing
100012411,2026-08-24 19:15:00+00:00,18.22125839281645,72.64119510939598,11.268101434306677,111.56101333567702,111.56101333567702,fishing
100012411,2026-08-24 19:30:00+00:00,18.185219938093294,72.72928079725227,11.268068819610816,112.25091845944175,112.25091845944175,fishing
100012411,2026-08-24 19:45:00+00:00,18.150098120096654,72.8177579427925,11.268105021101663,111.65105881583492,111.65105881583492,fishing
100012411,2026-08-24 20:00:00+00:00,18.114978381670007,72.90621824410309,11.268109087356967,111.65363647625622,111.65363647625622,fishing
100012411,2026-08-24 20:15:00+00:00,18.083560618160973,72.99619048587306,11.268255534871546,109.24889324051144,109.24889324051144,fishing
100012411,2026-08-24 20:30:00+00:00,18.05034520740069,73.0,4.132722566818509,173.45726824154215,173.45726824154215,fishing
100012411,2026-08-24 20:45:00+00:00,18.01453276782387,73.0,4.4296008596572545,180.0,180.0,fishing
100012411,2026-08-24 21:00:00+00:00,18.0,73.0,1.7975419046145973,180.0,180.0,fishing
100012411,2026-08-24 21:15:00+00:00,18.0,73.0,0.0,0.0,0.0,fishing
100012411,2026-08-24 21:30:00+00:00,18.0,73.0,0.0,0.0,0.0,fishing
100012411,2026-08-24 21:45:00+00:00,18.0,73.0,0.0,0.0,0.0,fishing
100012411,2026-08-24 22:00:00+00:00,18.0,73.0,0.0,0.0,0.0,fishing
100012411,2026-08-24 22:15:00+00:00,18.0,73.0,0.0,0.0,0.0,fishing
100012411,2026-08-24 22:30:00+00:00,18.0,73.0,0.0,0.0,0.0,fishing
100012411,2026-08-24 22:45:00+00:00,18.0,73.0,0.0,0.0,0.0,fishing
100012411,2026-08-24 23:00:00+00:00,18.0,73.0,0.0,0.0,0.0,fishing
100012411,2026-08-24 23:15:00+00:00,18.0,73.0,0.0,0.0,0.0,fishing
100012411,2026-08-24 23:30:00+00:00,18.0,73.0,0.0,0.0,0.0,fishing
100012411,2026-08-24 23:45:00+00:00,18.0,73.0,0.0,0.0,0.0,fishing
100012411,2026-08-25 00:00:00+00:00,18.0,73.0,0.0,0.0,0.0,fishing
100012411,2026-08-25 00:15:00+00:00,18.0,73.0,0.0,0.0,0.0,fishing
100012411,2026-08-25 00:30:00+00:00,18.0,73.0,0.0,0.0,0.0,fishing
100012411,2026-08-25 00:45:00+00:00,18.0,73.0,0.0,0.0,0.0,fishing
100012411,2026-08-25 01:00:00+00:00,18.0,73.0,0.0,0.0,0.0,fishing
100012411,2026-08-25 01:15:00+00:00,18.0,73.0,0.0,0.0,0.0,fishing
100012411,2026-08-25 01:30:00+00:00,18.0,73.0,0.0,0.0,0.0,fishing
100012411,2026-08-25 01:45:00+00:00,18.0,73.0,0.0,0.0,0.0,fishing
100012411,2026-08-25 02:00:00+00:00,18.0,73.0,0.0,0.0,0.0,fishing
100012411,2026-08-25 02:15:00+00:00,18.0,73.0,0.0,0.0,0.0,fishing
100012411,2026-08-25 02:30:00+00:00,18.0,73.0,0.0,0.0,0.0,fishing
100012411,2026-08-25 02:45:00+00:00,18.0,73.0,0.0,0.0,0.0,fishing
100012411,2026-08-25 03:00:00+00:00,18.0,73.0,0.0,0.0,0.0,fishing
100012411,2026-08-25 03:15:00+00:00,18.0,73.0,0.0,0.0,0.0,fishing
100012411,2026-08-25 03:30:00+00:00,18.0,73.0,0.0,0.0,0.0,fishing
100012411,2026-08-25 03:45:00+00:00,18.0,73.0,0.0,0.0,0.0,fishing
100012411,2026-08-25 04:00:00+00:00,18.0,73.0,0.0,0.0,0.0,fishing
100012411,2026-08-25 04:15:00+00:00,18.0,73.0,0.0,0.0,0.0,fishing
100012411,2026-08-25 04:30:00+00:00,18.0,73.0,0.0,0.0,0.0,fishing
100012411,2026-08-25 04:45:00+00:00,18.0,73.0,0.0,0.0,0.0,fishing
100012411,2026-08-25 05:00:00+00:00,18.0,73.0,0.0,0.0,0.0,fishing
100012411,2026-08-25 05:15:00+00:00,18.0,73.0,0.0,0.0,0.0,fishing
100012411,2026-08-25 05:30:00+00:00,18.0,73.0,0.0,0.0,0.0,fishing
100012411,2026-08-25 05:45:00+00:00,18.0,73.0,0.0,0.0,0.0,fishing
100012411,2026-08-25 06:00:00+00:00,18.0,73.0,0.0,0.0,0.0,fishing
100012411,2026-08-25 06:15:00+00:00,18.0,73.0,0.0,0.0,0.0,fishing
100012411,2026-08-25 06:30:00+00:00,18.0,73.0,0.0,0.0,0.0,fishing
100012411,2026-08-25 06:45:00+00:00,18.0,73.0,0.0,0.0,0.0,fishing
100012411,2026-08-25 07:00:00+00:00,18.0,73.0,0.0,0.0,0.0,fishing
100012411,2026-08-25 07:15:00+00:00,18.0,73.0,0.0,0.0,0.0,fishing
100012411,2026-08-25 07:30:00+00:00,18.0,73.0,0.0,0.0,0.0,fishing
100012411,2026-08-25 07:45:00+00:00,18.0,73.0,0.0,0.0,0.0,fishing
100012411,2026-08-25 08:00:00+00:00,18.0,73.0,0.0,0.0,0.0,fishing
100012411,2026-08-25 08:15:00+00:00,18.0,73.0,0.0,0.0,0.0,fishing
100012411,2026-08-25 08:30:00+00:00,18.0,73.0,0.0,0.0,0.0,fishing
100012411,2026-08-25 08:45:00+00:00,18.0,73.0,0.0,0.0,0.0,fishing
100012411,2026-08-25 09:00:00+00:00,18.0,73.0,0.0,0.0,0.0,fishing
100012411,2026-08-25 09:15:00+00:00,18.0,73.0,0.0,0.0,0.0,fishing
100012411,2026-08-25 09:30:00+00:00,18.0,73.0,0.0,0.0,0.0,fishing
100012411,2026-08-25 09:45:00+00:00,18.0,73.0,0.0,0.0,0.0,fishing
100012411,2026-08-25 10:00:00+00:00,18.0,73.0,0.0,0.0,0.0,fishing
100012411,2026-08-25 10:15:00+00:00,18.0,73.0,0.0,0.0,0.0,fishing
100012411,2026-08-25 10:30:00+00:00,18.0,73.0,0.0,0.0,0.0,fishing
100012411,2026-08-25 10:45:00+00:00,18.0,73.0,0.0,0.0,0.0,fishing
100012411,2026-08-25 11:00:00+00:00,18.0,73.0,0.0,0.0,0.0,fishing
100012411,2026-08-25 11:15:00+00:00,18.0,73.0,0.0,0.0,0.0,fishing
100012411,2026-08-25 11:30:00+00:00,18.0,73.0,0.0,0.0,0.0,fishing
100012411,2026-08-25 11:45:00+00:00,18.0,73.0,0.0,0.0,0.0,fishing
100012411,2026-08-25 12:00:00+00:00,18.0,73.0,0.0,0.0,0.0,fishing
100012411,2026-08-25 12:15:00+00:00,18.0,73.0,0.0,0.0,0.0,fishing
100012411,2026-08-25 12:30:00+00:00,18.0,73.0,0.0,0.0,0.0,fishing
100012411,2026-08-25 12:45:00+00:00,18.0,73.0,0.0,0.0,0.0,fishing
100012411,2026-08-25 13:00:00+00:00,18.0,73.0,0.0,0.0,0.0,fishing
100012411,2026-08-25 13:15:00+00:00,18.0,73.0,0.0,0.0,0.0,fishing
100012411,2026-08-25 13:30:00+00:00,18.0,73.0,0.0,0.0,0.0,fishing
100012411,2026-08-25 13:45:00+00:00,18.0,73.0,0.0,0.0,0.0,fishing
100012411,2026-08-25 14:00:00+00:00,18.0,73.0,0.0,0.0,0.0,fishing
100012411,2026-08-25 14:15:00+00:00,18.0,73.0,0.0,0.0,0.0,fishing
100012411,2026-08-25 14:30:00+00:00,18.0,73.0,0.0,0.0,0.0,fishing
100012411,2026-08-25 14:45:00+00:00,18.0,73.0,0.0,0.0,0.0,fishing
100012411,2026-08-25 15:00:00+00:00,18.0,73.0,0.0,0.0,0.0,fishing
100012411,2026-08-25 15:15:00+00:00,18.0,73.0,0.0,0.0,0.0,fishing
100012411,2026-08-25 15:30:00+00:00,18.0,73.0,0.0,0.0,0.0,fishing
100012411,2026-08-25 15:45:00+00:00,18.0,73.0,0.0,0.0,0.0,fishing
100012411,2026-08-25 16:00:00+00:00,18.0,73.0,0.0,0.0,0.0,fishing
100012411,2026-08-25 16:15:00+00:00,18.0,73.0,0.0,0.0,0.0,fishing
100012411,2026-08-25 16:30:00+00:00,18.0,73.0,0.0,0.0,0.0,fishing
100012411,2026-08-25 16:45:00+00:00,18.0,73.0,0.0,0.0,0.0,fishing
100012411,2026-08-25 17:00:00+00:00,18.0,73.0,0.0,0.0,0.0,fishing
100012411,2026-08-25 17:15:00+00:00,18.0,73.0,0.0,0.0,0.0,fishing
100012411,2026-08-25 17:30:00+00:00,18.0,73.0,0.0,0.0,0.0,fishing
100012411,2026-08-25 17:45:00+00:00,18.0,73.0,0.0,0.0,0.0,fishing
100012411,2026-08-25 18:00:00+00:00,18.0,73.0,0.0,0.0,0.0,fishing
100012411,2026-08-25 18:15:00+00:00,18.0,73.0,0.0,0.0,0.0,fishing
100012411,2026-08-25 18:30:00+00:00,18.0,73.0,0.0,0.0,0.0,fishing
100012411,2026-08-25 18:45:00+00:00,18.0,73.0,0.0,0.0,0.0,fishing
100012411,2026-08-25 19:00:00+00:00,18.0,73.0,0.0,0.0,0.0,fishing
100012411,2026-08-25 19:15:00+00:00,18.0,73.0,0.0,0.0,0.0,fishing
100012411,2026-08-25 19:30:00+00:00,18.0,73.0,0.0,0.0,0.0,fishing
100012411,2026-08-25 19:45:00+00:00,18.0,73.0,0.0,0.0,0.0,fishing
100012411,2026-08-25 20:00:00+00:00,18.0,73.0,0.0,0.0,0.0,fishing
100012411,2026-08-25 20:15:00+00:00,18.0,73.0,0.0,0.0,0.0,fishing
100012411,2026-08-25 20:30:00+00:00,18.0,73.0,0.0,0.0,0.0,fishing
100012411,2026-08-25 20:45:00+00:00,18.0,73.0,0.0,0.0,0.0,fishing
100012411,2026-08-25 21:00:00+00:00,18.0,73.0,0.0,0.0,0.0,fishing
100012411,2026-08-25 21:15:00+00:00,18.0,73.0,0.0,0.0,0.0,fishing
100012411,2026-08-25 21:30:00+00:00,18.0,73.0,0.0,0.0,0.0,fishing
100012411,2026-08-25 21:45:00+00:00,18.0,73.0,0.0,0.0,0.0,fishing
100012411,2026-08-25 22:00:00+00:00,18.0,73.0,0.0,0.0,0.0,fishing
100012411,2026-08-25 22:15:00+00:00,18.0,73.0,0.0,0.0,0.0,fishing
100012411,2026-08-25 22:30:00+00:00,18.0,73.0,0.0,0.0,0.0,fishing
100012411,2026-08-25 22:45:00+00:00,18.0,73.0,0.0,0.0,0.0,fishing
100012411,2026-08-25 23:00:00+00:00,18.0,73.0,0.0,0.0,0.0,fishing
100012411,2026-08-25 23:15:00+00:00,18.0,73.0,0.0,0.0,0.0,fishing
100012411,2026-08-25 23:30:00+00:00,18.0,73.0,0.0,0.0,0.0,fishing
100012411,2026-08-25 23:45:00+00:00,18.0,73.0,0.0,0.0,0.0,fishing
100012411,2026-08-26 00:00:00+00:00,18.0,73.0,0.0,0.0,0.0,fishing
100012411,2026-08-26 00:15:00+00:00,18.0,73.0,0.0,0.0,0.0,fishing
100012411,2026-08-26 00:30:00+00:00,18.0,73.0,0.0,0.0,0.0,fishing
100012411,2026-08-26 00:45:00+00:00,18.0,73.0,0.0,0.0,0.0,fishing
100012411,2026-08-26 01:00:00+00:00,18.0,73.0,0.0,0.0,0.0,fishing
100012411,2026-08-26 01:15:00+00:00,18.0,73.0,0.0,0.0,0.0,fishing
100012411,2026-08-26 01:30:00+00:00,18.0,73.0,0.0,0.0,0.0,fishing
100012411,2026-08-26 01:45:00+00:00,18.0,73.0,0.0,0.0,0.0,fishing
100012411,2026-08-26 02:00:00+00:00,18.0,73.0,0.0,0.0,0.0,fishing
100012411,2026-08-26 02:15:00+00:00,18.0,73.0,0.0,0.0,0.0,fishing
100012411,2026-08-26 02:30:00+00:00,18.0,73.0,0.0,0.0,0.0,fishing
100012411,2026-08-26 02:45:00+00:00,18.0,73.0,0.0,0.0,0.0,fishing
100012411,2026-08-26 03:00:00+00:00,18.0,73.0,0.0,0.0,0.0,fishing
100012411,2026-08-26 03:15:00+00:00,18.0,73.0,0.0,0.0,0.0,fishing
100012411,2026-08-26 03:30:00+00:00,18.0,73.0,0.0,0.0,0.0,fishing
100012411,2026-08-26 03:45:00+00:00,18.0,73.0,0.0,0.0,0.0,fishing
100012411,2026-08-26 04:00:00+00:00,18.0,73.0,0.0,0.0,0.0,fishing
100012411,2026-08-26 04:15:00+00:00,18.0,73.0,0.0,0.0,0.0,fishing
100012411,2026-08-26 04:30:00+00:00,18.0,73.0,0.0,0.0,0.0,fishing
100012411,2026-08-26 04:45:00+00:00,18.0,73.0,0.0,0.0,0.0,fishing
100012411,2026-08-26 05:00:00+00:00,18.0,73.0,0.0,0.0,0.0,fishing
100012411,2026-08-26 05:15:00+00:00,18.0,73.0,0.0,0.0,0.0,fishing
100012411,2026-08-26 05:30:00+00:00,18.0,73.0,0.0,0.0,0.0,fishing
100012411,2026-08-26 05:45:00+00:00,18.0,73.0,0.0,0.0,0.0,fishing
100012411,2026-08-26 06:00:00+00:00,18.0,73.0,0.0,0.0,0.0,fishing
100012411,2026-08-26 06:15:00+00:00,18.0,73.0,0.0,0.0,0.0,fishing
100012411,2026-08-26 06:30:00+00:00,18.0,73.0,0.0,0.0,0.0,fishing
100012411,2026-08-26 06:45:00+00:00,18.0,73.0,0.0,0.0,0.0,fishing
100012411,2026-08-26 07:00:00+00:00,18.0,73.0,0.0,0.0,0.0,fishing
100012411,2026-08-26 07:15:00+00:00,18.0,73.0,0.0,0.0,0.0,fishing
100012411,2026-08-26 07:30:00+00:00,18.0,73.0,0.0,0.0,0.0,fishing
100012411,2026-08-26 07:45:00+00:00,18.0,73.0,0.0,0.0,0.0,fishing
100012411,2026-08-26 08:00:00+00:00,18.0,73.0,0.0,0.0,0.0,fishing
100012411,2026-08-26 08:15:00+00:00,18.0,73.0,0.0,0.0,0.0,fishing
100012411,2026-08-26 08:30:00+00:00,18.0,73.0,0.0,0.0,0.0,fishing
100012411,2026-08-26 08:45:00+00:00,18.0,73.0,0.0,0.0,0.0,fishing
100012411,2026-08-26 09:00:00+00:00,18.0,73.0,0.0,0.0,0.0,fishing
100012411,2026-08-26 09:15:00+00:00,18.0,73.0,0.0,0.0,0.0,fishing
100012411,2026-08-26 09:30:00+00:00,18.0,73.0,0.0,0.0,0.0,fishing
100012411,2026-08-26 09:45:00+00:00,18.0,73.0,0.0,0.0,0.0,fishing
100012411,2026-08-26 10:00:00+00:00,18.0,73.0,0.0,0.0,0.0,fishing
100013400,2026-08-24 10:00:00+00:00,21.51193798793934,70.15270104753596,8.459244218999146,87.35143995989628,87.35143995989628,tanker
100013400,2026-08-24 10:15:00+00:00,21.515334390138058,70.22612240809524,8.459244218999146,87.35143995989628,87.35143995989628,tanker
100013400,2026-08-24 10:30:00+00:00,21.51577779158675,70.29963315749376,8.459072850379679,89.65440804569246,89.65440804569246,tanker
100013400,2026-08-24 10:45:00+00:00,21.518991301817373,70.37306587727778,8.459233685396253,87.49426174507833,87.49426174507833,tanker
100013400,2026-08-24 11:00:00+00:00,21.521811910683542,70.4465186729799,8.459210973932372,87.8009057777616,87.8009057777616,tanker
100013400,2026-08-24 11:15:00+00:00,21.524729161873214,70.5199685817418,8.45921659543703,87.72554688383492,87.72554688383492,tanker
100013400,2026-08-24 11:30:00+00:00,21.525973943996856,70.593473856307,8.459119506426214,89.02981186193053,89.02981186193053,tanker
100013400,2026-08-24 11:45:00+00:00,21.52517734700057,70.66698591910117,8.459000663007487,90.62084857590457,90.62084857590457,tanker
100013400,2026-08-24 12:00:00+00:00,21.523750985446814,70.74048625628619,8.458964025152154,91.11175327055949,91.11175327055949,tanker
100013400,2026-08-24 12:15:00+00:00,21.523184831728592,70.8139997789872,8.459014081725515,90.44124640104019,90.44124640104019,tanker
100013400,2026-08-24 12:30:00+00:00,21.52148878637856,70.88749235224809,8.458948357230074,91.3220246634431,91.3220246634431,tanker
100013400,2026-08-24 12:45:00+00:00,21.516608173311198,70.96081763042402,8.458764381194658,93.80805450460171,93.80805450460171,tanker
100013400,2026-08-24 13:00:00+00:00,21.51179254428031,71.0341454433529,8.458768176110228,93.75736800668885,93.75736800668885,tanker
100013400,2026-08-24 13:15:00+00:00,21.50761353939006,71.10751624434013,8.458804799820337,93.25989245963045,93.25989245963045,tanker
100013400,2026-08-24 13:30:00+00:00,21.50251001816563,71.18081687730312,8.458751824268393,93.9827637387036,93.9827637387036,tanker
100013400,2026-08-24 13:45:00+00:00,21.497314308286033,71.25410741010155,8.458746632124468,94.05502639518298,94.05502639518298,tanker
100013400,2026-08-24 14:00:00+00:00,21.495307323887985,71.32757769965909,8.458930449000986,91.56475694000972,91.56475694000972,tanker
100013400,2026-08-24 14:15:00+00:00,21.492729319510076,71.40102610404693,8.458897377485874,92.01022960971495,92.01022960971495,tanker
100013400,2026-08-24 14:30:00+00:00,21.493365755148478,71.47452388696978,8.459084040741647,89.50387395119112,89.50387395119112,tanker
100013400,2026-08-24 14:45:00+00:00,21.493108221219817,71.5480242013951,8.459032072534495,90.20075488009651,90.20075488009651,tanker
100013400,2026-08-24 15:00:00+00:00,21.49475350783905,71.62150459495702,8.459142643475511,88.71731456760688,88.71731456760688,tanker
100013400,2026-08-24 15:15:00+00:00,21.496310789177915,71.69498799026964,8.459137542787772,88.78595301726577,88.78595301726577,tanker
100013400,2026-08-24 15:30:00+00:00,21.496935750665486,71.76848769041706,8.459083380503793,89.51283076525574,89.51283076525574,tanker
100013400,2026-08-24 15:45:00+00:00,21.49170774250364,71.84177274601731,8.458744873062205,94.08045284555277,94.08045284555277,tanker
100013400,2026-08-24 16:00:00+00:00,21.484713747178425,71.91488400016095,8.458644806388635,95.46442130521694,95.46442130521694,tanker
100013400,2026-08-24 16:15:00+00:00,21.474487877755767,71.98754925667998,8.458466269819143,98.01038683623511,98.01038683623511,tanker
100013400,2026-08-24 16:30:00+00:00,21.459868869586998,72.05933481682116,8.45823711088569,101.51078390281995,101.51078390281995,tanker
100013400,2026-08-24 16:45:00+00:00,21.44411106847025,72.1308339294097,8.458181462825985,102.42881590925747,102.42881590925747,tanker
100013400,2026-08-24 17:00:00+00:00,21.427690399391082,72.2021526327474,8.458150138200983,102.96601529670257,102.96601529670257,tanker
100013400,2026-08-24 17:15:00+00:00,21.413752579064518,72.2740717189456,8.458273328860278,100.96788210597582,100.96788210597582,tanker
100013400,2026-08-24 17:30:00+00:00,21.40008745500285,72.34604442966159,8.458287730518103,100.75052094723218,100.75052094723218,tanker
100013400,2026-08-24 17:45:00+00:00,21.388117885915452,72.41835871295442,8.458375945315387,99.39847083380761,99.39847083380761,tanker
100013400,2026-08-24 18:00:00+00:00,21.37709210915106,72.4908404054742,8.45842626666101,98.64941583652626,98.64941583652626,tanker
100013400,2026-08-24 18:15:00+00:00,21.361685636963866,72.56238748878418,8.458202259058568,102.15213387586266,102.15213387586266,tanker
100013400,2026-08-24 18:30:00+00:00,21.346012692061556,72.6338601661901,8.458189937015172,102.36838243182085,102.36838243182085,tanker
100013400,2026-08-24 18:45:00+00:00,21.332382098054325,72.70580716165247,8.45829212384154,100.72773052725348,100.72773052725348,tanker
100013400,2026-08-24 19:00:00+00:00,21.31555290155996,72.77696136487555,8.458135916971974,103.30690577588406,103.30690577588406,tanker
100013400,2026-08-24 19:15:00+00:00,21.296523112343326,72.84746460763901,8.458036223854302,105.1049649284704,105.1049649284704,tanker
100013400,2026-08-24 19:30:00+00:00,21.275195048898713,72.91719586985069,8.457939660813015,107.0068205668238,107.0068205668238,tanker
100013400,2026-08-24 19:45:00+00:00,21.25846583238938,72.98834960679845,8.45814330505619,103.23072321514137,103.23072321514137,tanker
100013400,2026-08-24 20:00:00+00:00,21.237268140460017,73.0,2.945848599414994,151.20651067431973,151.20651067431973,tanker
100013400,2026-08-24 20:15:00+00:00,21.217342047697397,73.0,2.4646362737054703,180.0,180.0,tanker
100013400,2026-08-24 20:30:00+00:00,21.195646923328724,73.0,2.6834458274674127,180.0,180.0,tanker
100013400,2026-08-24 20:45:00+00:00,21.168329570151585,73.0,3.3788530618656973,180.0,180.0,tanker
100013400,2026-08-24 21:00:00+00:00,21.136376913821973,73.0,3.9521885584581726,180.0,180.0,tanker
100013400,2026-08-24 21:15:00+00:00,21.10650577307164,73.0,3.6947282092524274,180.0,180.0,tanker
100013400,2026-08-24 21:30:00+00:00,21.079773381050803,73.0,3.3064998663994305,180.0,180.0,tanker
100013400,2026-08-24 21:45:00+00:00,21.04993267557965,73.0,3.6909637033873546,180.0,180.0,tanker
100013400,2026-08-24 22:00:00+00:00,21.01978720048415,73.0,3.728660319590276,180.0,180.0,tanker
100013400,2026-08-24 22:15:00+00:00,20.990719577761787,73.0,3.5953419571703846,180.0,180.0,tanker
100013400,2026-08-24 22:30:00+00:00,20.960316508433316,73.0,3.760521864050508,180.0,180.0,tanker
100013400,2026-08-24 22:45:00+00:00,20.930262227469516,73.0,3.717380618766855,180.0,180.0,tanker
100013400,2026-08-24 23:00:00+00:00,20.89871319545755,73.0,3.902264715080118,180.0,180.0,tanker
100013400,2026-08-24 23:15:00+00:00,20.86702237837502,73.0,3.919801952919247,180.0,180.0,tanker
100013400,2026-08-24 23:30:00+00:00,20.833813601871412,73.0,4.10755666709052,180.0,180.0,tanker
100013400,2026-08-24 23:45:00+00:00,20.802487523287343,73.0,3.8746878533095117,180.0,180.0,tanker
100013400,2026-08-25 00:00:00+00:00,20.768178574157787,73.0,4.243635796780256,180.0,180.0,tanker
100013400,2026-08-25 00:15:00+00:00,20.732439266621416,73.0,4.420555238832022,180.0,180.0,tanker
100013400,2026-08-25 00:30:00+00:00,20.69539372861885,73.0,4.582121433828502,180.0,180.0,tanker
100013400,2026-08-25 00:45:00+00:00,20.66061862021841,73.0,4.30129451904092,180.0,180.0,tanker
100013400,2026-08-25 01:00:00+00:00,20.62241299215534,73.0,4.72561168442345,180.0,180.0,tanker
100013400,2026-08-25 01:15:00+00:00,20.58423452636256,73.0,4.722252013391267,180.0,180.0,tanker
100013400,2026-08-25 01:30:00+00:00,20.544626541737884,73.0,4.8990676093545025,180.0,180.0,tanker
100013400,2026-08-25 01:45:00+00:00,20.505649318617543,73.0,4.821049419729278,180.0,180.0,tanker
100013400,2026-08-25 02:00:00+00:00,20.466161961122516,73.0,4.884147373718196,180.0,180.0,tanker
100013400,2026-08-25 02:15:00+00:00,20.426097601086838,73.0,4.955516176857504,180.0,180.0,tanker
100013400,2026-08-25 02:30:00+00:00,20.39167414991011,73.0,4.257798427770437,180.0,180.0,tanker
100013400,2026-08-25 02:45:00+00:00,20.356056426234364,73.0,4.405516666204412,180.0,180.0,tanker
100013400,2026-08-25 03:00:00+00:00,20.316520383046875,73.0,4.890169252923658,180.0,180.0,tanker
100013400,2026-08-25 03:15:00+00:00,20.275939972817902,73.0,5.019345851876953,180.0,180.0,tanker
100013400,2026-08-25 03:30:00+00:00,20.23722219670444,73.0,4.78895870772283,180.0,180.0,tanker
100013400,2026-08-25 03:45:00+00:00,20.197235473175045,73.0,4.9459134036581025,180.0,180.0,tanker
100013400,2026-08-25 04:00:00+00:00,20.155224690162505,73.0,5.196267072173229,180.0,180.0,tanker
100013400,2026-08-25 04:15:00+00:00,20.112255325424382,73.0,5.314832980719899,180.0,180.0,tanker
100013400,2026-08-25 04:30:00+00:00,20.069423773938283,73.0,5.297787012702832,180.0,180.0,tanker
100013400,2026-08-25 04:45:00+00:00,20.0270444072699,73.0,5.241856775026905,180.0,180.0,tanker
100013400,2026-08-25 05:00:00+00:00,19.98512810084239,73.0,5.18458136834486,180.0,180.0,tanker
100013400,2026-08-25 05:15:00+00:00,19.94190813783586,73.0,5.345829202096821,180.0,180.0,tanker
100013400,2026-08-25 05:30:00+00:00,19.9013425882321,73.0,5.0175077576560465,180.0,180.0,tanker
100013400,2026-08-25 05:45:00+00:00,19.8614951584654,73.0,4.9286843129214315,180.0,180.0,tanker
100013400,2026-08-25 06:00:00+00:00,19.818615365524696,73.0,5.3037539446211195,180.0,180.0,tanker
100013400,2026-08-25 06:15:00+00:00,19.77276780560406,73.0,5.670833744850035,180.0,180.0,tanker
100013400,2026-08-25 06:30:00+00:00,19.7295984427291,73.0,5.339570528045393,180.0,180.0,tanker
100013400,2026-08-25 06:45:00+00:00,19.688557066135775,73.0,5.076362269298638,180.0,180.0,tanker
100013400,2026-08-25 07:00:00+00:00,19.648034290938952,73.0,5.012217038789306,180.0,180.0,tanker
100013400,2026-08-25 07:15:00+00:00,19.605814966008307,73.0,5.222061390310481,180.0,180.0,tanker
100013400,2026-08-25 07:30:00+00:00,19.567111278402948,73.0,4.787216115809547,180.0,180.0,tanker
100013400,2026-08-25 07:45:00+00:00,19.528515534795897,73.0,4.773864642596517,180.0,180.0,tanker
100013400,2026-08-25 08:00:00+00:00,19.490859529005892,73.0,4.657629516159292,180.0,180.0,tanker
100013400,2026-08-25 08:15:00+00:00,19.450602426330178,73.0,4.979356299844943,180.0,180.0,tanker
100013400,2026-08-25 08:30:00+00:00,19.41364858552788,73.0,4.570779509013074,180.0,180.0,tanker
100013400,2026-08-25 08:45:00+00:00,19.376509047670588,73.0,4.593748171415363,180.0,180.0,tanker
100013400,2026-08-25 09:00:00+00:00,19.340162005852473,73.0,4.495725216880555,180.0,180.0,tanker
100013400,2026-08-25 09:15:00+00:00,19.300891887196354,73.0,4.857277343110276,180.0,180.0,tanker
100013400,2026-08-25 09:30:00+00:00,19.260462310295956,73.0,5.000689445058028,180.0,180.0,tanker
100013400,2026-08-25 09:45:00+00:00,19.221169060072672,73.0,4.860138460951152,180.0,180.0,tanker
100013400,2026-08-25 10:00:00+00:00,19.180226062705223,73.0,5.064193852160401,180.0,180.0,tanker
100013400,2026-08-25 10:15:00+00:00,19.140030322361124,73.0,4.9717664612279595,180.0,180.0,tanker
100013400,2026-08-25 10:30:00+00:00,19.097929325580928,73.0,5.2074255128571005,180.0,180.0,tanker
100013400,2026-08-25 10:45:00+00:00,19.056275775027885,73.0,5.152081386183092,180.0,180.0,tanker
100013400,2026-08-25 11:00:00+00:00,19.01265401120955,73.0,5.395527498063576,180.0,180.0,tanker
100013400,2026-08-25 11:15:00+00:00,18.968235558595318,73.0,5.4940690500179725,180.0,180.0,tanker
100013400,2026-08-25 11:30:00+00:00,18.918198824073084,73.0,6.188988096683392,180.0,180.0,tanker
100013400,2026-08-25 11:45:00+00:00,18.86824825589558,73.0,6.178330277244173,180.0,180.0,tanker
100013400,2026-08-25 12:00:00+00:00,18.817677876719,73.0,6.2549940110410285,180.0,180.0,tanker
100013400,2026-08-25 12:15:00+00:00,18.767885045476792,73.0,6.158819970980607,180.0,180.0,tanker
100013400,2026-08-25 12:30:00+00:00,18.71808782001438,73.0,6.159363487195357,180.0,180.0,tanker
100013400,2026-08-25 12:45:00+00:00,18.67292633676307,73.0,5.585973683928628,180.0,180.0,tanker
100013400,2026-08-25 13:00:00+00:00,18.626936194881758,73.0,5.688469549141809,180.0,180.0,tanker
100013400,2026-08-25 13:15:00+00:00,18.57862476956314,73.0,5.975586518298132,180.0,180.0,tanker
100013400,2026-08-25 13:30:00+00:00,18.529647812311854,73.0,6.057905423570386,180.0,180.0,tanker
100013400,2026-08-25 13:45:00+00:00,18.482910723412804,73.0,5.7808585958247365,180.0,180.0,tanker
100013400,2026-08-25 14:00:00+00:00,18.43758912077379,73.0,5.6057786730833445,180.0,180.0,tanker
100013400,2026-08-25 14:15:00+00:00,18.39676994019417,73.0,5.048879091248285,180.0,180.0,tanker
100013400,2026-08-25 14:30:00+00:00,18.35409992491203,73.0,5.2778067791195005,180.0,180.0,tanker
100013400,2026-08-25 14:45:00+00:00,18.31333360770025,73.0,5.042340480017059,180.0,180.0,tanker
100013400,2026-08-25 15:00:00+00:00,18.27262233867711,73.0,5.035531630729011,180.0,180.0,tanker
100013400,2026-08-25 15:15:00+00:00,18.232206552913993,73.0,4.9989836346112195,180.0,180.0,tanker
100013400,2026-08-25 15:30:00+00:00,18.188981487358348,73.0,5.346460330727221,180.0,180.0,tanker
100013400,2026-08-25 15:45:00+00:00,18.145598846079732,73.0,5.365950696817179,180.0,180.0,tanker
100013400,2026-08-25 16:00:00+00:00,18.100740911507405,73.0,5.548428085101658,180.0,180.0,tanker
100013400,2026-08-25 16:15:00+00:00,18.054906482244828,73.0,5.669209628344493,180.0,180.0,tanker
100013400,2026-08-25 16:30:00+00:00,18.006715969140693,73.0,5.960631020835915,180.0,180.0,tanker
100013400,2026-08-25 16:45:00+00:00,18.0,73.0,0.8306907608243627,180.0,180.0,tanker
100013400,2026-08-25 17:00:00+00:00,18.0,73.0,0.0,0.0,0.0,tanker
100013400,2026-08-25 17:15:00+00:00,18.0,73.0,0.0,0.0,0.0,tanker
100013400,2026-08-25 17:30:00+00:00,18.0,73.0,0.0,0.0,0.0,tanker
100013400,2026-08-25 17:45:00+00:00,18.0,73.0,0.0,0.0,0.0,tanker
100013400,2026-08-25 18:00:00+00:00,18.0,73.0,0.0,0.0,0.0,tanker
100013400,2026-08-25 18:15:00+00:00,18.0,73.0,0.0,0.0,0.0,tanker
100013400,2026-08-25 18:30:00+00:00,18.0,73.0,0.0,0.0,0.0,tanker
100013400,2026-08-25 18:45:00+00:00,18.0,73.0,0.0,0.0,0.0,tanker
100013400,2026-08-25 19:00:00+00:00,18.0,73.0,0.0,0.0,0.0,tanker
100013400,2026-08-25 19:15:00+00:00,18.0,73.0,0.0,0.0,0.0,tanker
100013400,2026-08-25 19:30:00+00:00,18.0,73.0,0.0,0.0,0.0,tanker
100013400,2026-08-25 19:45:00+00:00,18.0,73.0,0.0,0.0,0.0,tanker
100013400,2026-08-25 20:00:00+00:00,18.0,73.0,0.0,0.0,0.0,tanker
100013400,2026-08-25 20:15:00+00:00,18.0,73.0,0.0,0.0,0.0,tanker
100013400,2026-08-25 20:30:00+00:00,18.0,73.0,0.0,0.0,0.0,tanker
100013400,2026-08-25 20:45:00+00:00,18.0,73.0,0.0,0.0,0.0,tanker
100013400,2026-08-25 21:00:00+00:00,18.0,73.0,0.0,0.0,0.0,tanker
100013400,2026-08-25 21:15:00+00:00,18.0,73.0,0.0,0.0,0.0,tanker
100013400,2026-08-25 21:30:00+00:00,18.0,73.0,0.0,0.0,0.0,tanker
100013400,2026-08-25 21:45:00+00:00,18.0,73.0,0.0,0.0,0.0,tanker
100013400,2026-08-25 22:00:00+00:00,18.0,73.0,0.0,0.0,0.0,tanker
100013400,2026-08-25 22:15:00+00:00,18.0,73.0,0.0,0.0,0.0,tanker
100013400,2026-08-25 22:30:00+00:00,18.0,73.0,0.0,0.0,0.0,tanker
100013400,2026-08-25 22:45:00+00:00,18.0,73.0,0.0,0.0,0.0,tanker
100013400,2026-08-25 23:00:00+00:00,18.0,73.0,0.0,0.0,0.0,tanker
100013400,2026-08-25 23:15:00+00:00,18.0,73.0,0.0,0.0,0.0,tanker
100013400,2026-08-25 23:30:00+00:00,18.0,73.0,0.0,0.0,0.0,tanker
100013400,2026-08-25 23:45:00+00:00,18.0,73.0,0.0,0.0,0.0,tanker
100013400,2026-08-26 00:00:00+00:00,18.0,73.0,0.0,0.0,0.0,tanker
100013400,2026-08-26 00:15:00+00:00,18.0,73.0,0.0,0.0,0.0,tanker
100013400,2026-08-26 00:30:00+00:00,18.0,73.0,0.0,0.0,0.0,tanker
100013400,2026-08-26 00:45:00+00:00,18.0,73.0,0.0,0.0,0.0,tanker
100013400,2026-08-26 01:00:00+00:00,18.0,73.0,0.0,0.0,0.0,tanker
100013400,2026-08-26 01:15:00+00:00,18.0,73.0,0.0,0.0,0.0,tanker
100013400,2026-08-26 01:30:00+00:00,18.0,73.0,0.0,0.0,0.0,tanker
100013400,2026-08-26 01:45:00+00:00,18.0,73.0,0.0,0.0,0.0,tanker
100013400,2026-08-26 02:00:00+00:00,18.0,73.0,0.0,0.0,0.0,tanker
100013400,2026-08-26 02:15:00+00:00,18.0,73.0,0.0,0.0,0.0,tanker
100013400,2026-08-26 02:30:00+00:00,18.0,73.0,0.0,0.0,0.0,tanker
100013400,2026-08-26 02:45:00+00:00,18.0,73.0,0.0,0.0,0.0,tanker
100013400,2026-08-26 03:00:00+00:00,18.0,73.0,0.0,0.0,0.0,tanker
100013400,2026-08-26 03:15:00+00:00,18.0,73.0,0.0,0.0,0.0,tanker
100013400,2026-08-26 03:30:00+00:00,18.0,73.0,0.0,0.0,0.0,tanker
100013400,2026-08-26 03:45:00+00:00,18.0,73.0,0.0,0.0,0.0,tanker
100013400,2026-08-26 04:00:00+00:00,18.0,73.0,0.0,0.0,0.0,tanker
100013400,2026-08-26 04:15:00+00:00,18.0,73.0,0.0,0.0,0.0,tanker
100013400,2026-08-26 04:30:00+00:00,18.0,73.0,0.0,0.0,0.0,tanker
100013400,2026-08-26 04:45:00+00:00,18.0,73.0,0.0,0.0,0.0,tanker
100013400,2026-08-26 05:00:00+00:00,18.0,73.0,0.0,0.0,0.0,tanker
100013400,2026-08-26 05:15:00+00:00,18.0,73.0,0.0,0.0,0.0,tanker
100013400,2026-08-26 05:30:00+00:00,18.0,73.0,0.0,0.0,0.0,tanker
100013400,2026-08-26 05:45:00+00:00,18.0,73.0,0.0,0.0,0.0,tanker
100013400,2026-08-26 06:00:00+00:00,18.0,73.0,0.0,0.0,0.0,tanker
100013400,2026-08-26 06:15:00+00:00,18.0,73.0,0.0,0.0,0.0,tanker
100013400,2026-08-26 06:30:00+00:00,18.0,73.0,0.0,0.0,0.0,tanker
100013400,2026-08-26 06:45:00+00:00,18.0,73.0,0.0,0.0,0.0,tanker
100013400,2026-08-26 07:00:00+00:00,18.0,73.0,0.0,0.0,0.0,tanker
100013400,2026-08-26 07:15:00+00:00,18.0,73.0,0.0,0.0,0.0,tanker
100013400,2026-08-26 07:30:00+00:00,18.0,73.0,0.0,0.0,0.0,tanker
100013400,2026-08-26 07:45:00+00:00,18.0,73.0,0.0,0.0,0.0,tanker
100013400,2026-08-26 08:00:00+00:00,18.0,73.0,0.0,0.0,0.0,tanker
100013400,2026-08-26 08:15:00+00:00,18.0,73.0,0.0,0.0,0.0,tanker
100013400,2026-08-26 08:30:00+00:00,18.0,73.0,0.0,0.0,0.0,tanker
100013400,2026-08-26 08:45:00+00:00,18.0,73.0,0.0,0.0,0.0,tanker
100013400,2026-08-26 09:00:00+00:00,18.0,73.0,0.0,0.0,0.0,tanker
100013400,2026-08-26 09:15:00+00:00,18.0,73.0,0.0,0.0,0.0,tanker
100013400,2026-08-26 09:30:00+00:00,18.0,73.0,0.0,0.0,0.0,tanker
100013400,2026-08-26 09:45:00+00:00,18.0,73.0,0.0,0.0,0.0,tanker
100013400,2026-08-26 10:00:00+00:00,18.0,73.0,0.0,0.0,0.0,tanker
100014102,2026-08-24 10:00:00+00:00,20.445346408866587,71.88244651325509,10.725765017364449,247.0397136205603,247.0397136205603,other
100014102,2026-08-24 10:15:00+00:00,20.40962085485895,71.79811992114107,10.725765017364449,247.0397136205603,247.0397136205603,other
100014102,2026-08-24 10:30:00+00:00,20.373280220706704,71.71411288503509,10.725748359553684,246.60715620587715,246.60715620587715,other
100014102,2026-08-24 10:45:00+00:00,20.33894679693603,71.62916940570705,10.725822247783208,247.99186477246116,247.99186477246116,other
100014102,2026-08-24 11:00:00+00:00,20.302017147311517,71.54549375718321,10.72573729076776,246.18607702929467,246.18607702929467,other
100014102,2026-08-24 11:15:00+00:00,20.266048495761943,71.46136307272761,10.725772635270632,246.85168917708052,246.85168917708052,other
100014102,2026-08-24 11:30:00+00:00,20.231676690207383,71.37649599942438,10.725832378572992,247.95168084060072,247.95168084060072,other
100014102,2026-08-24 11:45:00+00:00,20.200249032209676,71.29035971369295,10.725951187073532,249.95501253917388,249.95501253917388,other
100014102,2026-08-24 12:00:00+00:00,20.171149960642108,71.20331575067864,10.726055937955138,251.5150556521817,251.5150556521817,other
100014102,2026-08-24 12:15:00+00:00,20.145105172372574,71.11519530144615,10.726204764145137,253.53448317365286,253.53448317365286,other
100014102,2026-08-24 12:30:00+00:00,20.118773550300418,71.02718644798365,10.72619276507077,253.34319155146653,253.34319155146653,other
100014102,2026-08-24 12:45:00+00:00,20.091447533069957,70.93953738299513,10.726146565446552,252.68428568925495,252.68428568925495,other
100014102,2026-08-24 13:00:00+00:00,20.063332907462176,70.85218722178388,10.726111673388214,252.1586485436332,252.1586485436332,other
100014102,2026-08-24 13:15:00+00:00,20.035982137534415,70.76457789158832,10.726150433677653,252.66215043480167,252.66215043480167,other
100014102,2026-08-24 13:30:00+00:00,20.003492683156626,70.67899768112476,10.725928122613883,249.21136179753688,249.21136179753688,other
100014102,2026-08-24 13:45:00+00:00,19.97477534825516,70.59191907583447,10.726092070108573,251.74815014323335,251.74815014323335,other
100014102,2026-08-24 14:00:00+00:00,19.94618338276534,70.50480956711179,10.72610051239298,251.82860555454266,251.82860555454266,other
100014102,2026-08-24 14:15:00+00:00,19.91640826194906,70.41816613445036,10.726050235054071,251.03465423463734,251.03465423463734,other
100014102,2026-08-24 14:30:00+00:00,19.879565154728994,70.33467260079587,10.725787298746473,246.18961935148087,246.18961935148087,other
100014102,2026-08-24 14:45:00+00:00,19.842621179533257,70.25124891383427,10.725788296503062,246.1139596974723,246.1139596974723,other
100014102,2026-08-24 15:00:00+00:00,19.805134439534704,70.16811894446755,10.725776059863946,245.72741812862307,245.72741812862307,other
100014102,2026-08-24 15:15:00+00:00,19.765217410001725,70.08629764207616,10.725714569750117,243.99427896130294,243.99427896130294,other
100014102,2026-08-24 15:30:00+00:00,19.723502521391392,70.00551644992863,10.725678795702434,242.6884602578082,242.6884602578082,other
100014102,2026-08-24 15:45:00+00:00,19.68171694746413,69.92479757983538,10.72568228744917,242.63084448598283,242.63084448598283,other
100014102,2026-08-24 16:00:00+00:00,19.638379694864774,69.84502845288328,10.725658539023657,241.48549544126922,241.48549544126922,other
100014102,2026-08-24 16:15:00+00:00,19.596550728782606,69.76437772822275,10.725691475011905,242.58678577536318,242.58678577536318,other
100014102,2026-08-24 16:30:00+00:00,19.552750370256927,69.68493654032896,10.725661278376558,241.12960065772876,241.12960065772876,other
100014102,2026-08-24 16:45:00+00:00,19.50935465661026,69.60526706867046,10.725673008702573,241.42300734430557,241.42300734430557,other
100014102,2026-08-24 17:00:00+00:00,19.469088159918982,69.52378957332989,10.725740553975992,243.70123752592343,243.70123752592343,other
100014102,2026-08-24 17:15:00+00:00,19.42872356505223,69.44238695474971,10.725742953792283,243.62486131646494,243.62486131646494,other
100014102,2026-08-24 17:30:00+00:00,19.389315967257005,69.36047863145008,10.725770649266895,244.30693868165758,244.30693868165758,other
100014102,2026-08-24 17:45:00+00:00,19.35069968759967,69.27816732401855,10.725795590236743,244.86641835364816,244.86641835364816,other
100014102,2026-08-24 18:00:00+00:00,19.31210508819217,69.19586404598876,10.725800554088904,244.87663999846865,244.87663999846865,other
100014102,2026-08-24 18:15:00+00:00,19.27332892007161,69.11367612088068,10.725800150972178,244.74211572719582,244.74211572719582,other
100014102,2026-08-24 18:30:00+00:00,19.233013221629452,69.03234377668372,10.72576679014848,243.63280618076976,243.63280618076976,other
100014102,2026-08-24 18:45:00+00:00,19.193102881745723,68.95080727924942,10.725780907310194,243.9192583818576,243.9192583818576,other
100014102,2026-08-24 19:00:00+00:00,19.152433093677043,68.86971263378747,10.725768126632795,243.36577032115173,243.36577032115173,other
100014102,2026-08-24 19:15:00+00:00,19.115954839829445,68.78643207956442,10.725883104185634,246.34578978936725,246.34578978936725,other
100014102,2026-08-24 19:30:00+00:00,19.0817189084299,68.70210936834643,10.725959833888567,247.9023163440482,247.9023163440482,other
100014102,2026-08-24 19:45:00+00:00,19.043487499149162,68.61975038707452,10.725840695993151,245.09905961859266,245.09905961859266,other
100014102,2026-08-24 20:00:00+00:00,19.00150623045464,68.53948132914071,10.725758592091859,242.39012377029619,242.39012377029619,other
100014102,2026-08-24 20:15:00+00:00,18.959179778469867,68.45943564025488,10.725757072133,242.13106956798902,242.13106956798902,other
100014102,2026-08-24 20:30:00+00:00,18.915812778105686,68.38003572976574,10.725744229218261,241.35731699599538,241.35731699599538,other
100014102,2026-08-24 20:45:00+00:00,18.87196635098259,68.3009513060588,10.725741988900007,240.99489312677125,240.99489312677125,other
100014102,2026-08-24 21:00:00+00:00,18.829832047451088,68.22085427446939,10.725775854017488,242.25380050848764,242.25380050848764,other
100014102,2026-08-24 21:15:00+00:00,18.78853581165046,68.14029126643275,10.725797094336283,242.8605267917465,242.8605267917465,other
100014102,2026-08-24 21:30:00+00:00,18.74805559602252,68.05928693641472,10.72581914455744,243.4473703139784,243.4473703139784,other
100014102,2026-08-24 21:45:00+00:00,18.711497571896,68.0,8.286534483886959,238.34082662053004,238.34082662053004,other
100014102,2026-08-24 22:00:00+00:00,18.671170869426806,68.0,4.987965020967446,180.0,180.0,other
100014102,2026-08-24 22:15:00+00:00,18.63112302701458,68.0,4.953473130365407,180.0,180.0,other
100014102,2026-08-24 22:30:00+00:00,18.589528444885218,68.0,5.144787647378579,180.0,180.0,other
100014102,2026-08-24 22:45:00+00:00,18.551797940800423,68.0,4.666844127465985,180.0,180.0,other
100014102,2026-08-24 23:00:00+00:00,18.508162751519073,68.0,5.3971880786665105,180.0,180.0,other
100014102,2026-08-24 23:15:00+00:00,18.458991627894672,68.0,6.081921646520328,180.0,180.0,other
100014102,2026-08-24 23:30:00+00:00,18.410583026625613,68.0,5.987606103635246,180.0,180.0,other
100014102,2026-08-24 23:45:00+00:00,18.365040461943504,68.0,5.633109222680338,180.0,180.0,other
100014102,2026-08-25 00:00:00+00:00,18.321506584699275,68.0,5.3846569053640065,180.0,180.0,other
100014102,2026-08-25 00:15:00+00:00,18.275892602289712,68.0,5.641942802036163,180.0,180.0,other
100014102,2026-08-25 00:30:00+00:00,18.234218955611674,68.0,5.154567053554721,180.0,180.0,other
100014102,2026-08-25 00:45:00+00:00,18.189315074132683,68.0,5.554111206934732,180.0,180.0,other
100014102,2026-08-25 01:00:00+00:00,18.147843406592823,68.0,5.129584478374613,180.0,180.0,other
100014102,2026-08-25 01:15:00+00:00,18.103480128973082,68.0,5.487244516255092,180.0,180.0,other
100014102,2026-08-25 01:30:00+00:00,18.058204944149097,68.0,5.6000373051178665,180.0,180.0,other
100014102,2026-08-25 01:45:00+00:00,18.014591680383386,68.0,5.394476135998744,180.0,180.0,other
100014102,2026-08-25 02:00:00+00:00,18.0,68.0,1.80482873364285,180.0,180.0,other
100014102,2026-08-25 02:15:00+00:00,18.0,68.0,0.0,0.0,0.0,other
100014102,2026-08-25 02:30:00+00:00,18.0,68.0,0.0,0.0,0.0,other
100014102,2026-08-25 02:45:00+00:00,18.0,68.0,0.0,0.0,0.0,other
100014102,2026-08-25 03:00:00+00:00,18.0,68.0,0.0,0.0,0.0,other
100014102,2026-08-25 03:15:00+00:00,18.0,68.0,0.0,0.0,0.0,other
100014102,2026-08-25 03:30:00+00:00,18.0,68.0,0.0,0.0,0.0,other
100014102,2026-08-25 03:45:00+00:00,18.0,68.0,0.0,0.0,0.0,other
100014102,2026-08-25 04:00:00+00:00,18.0,68.0,0.0,0.0,0.0,other
100014102,2026-08-25 04:15:00+00:00,18.0,68.0,0.0,0.0,0.0,other
100014102,2026-08-25 04:30:00+00:00,18.0,68.0,0.0,0.0,0.0,other
100014102,2026-08-25 04:45:00+00:00,18.0,68.0,0.0,0.0,0.0,other
100014102,2026-08-25 05:00:00+00:00,18.0,68.0,0.0,0.0,0.0,other
100014102,2026-08-25 05:15:00+00:00,18.0,68.0,0.0,0.0,0.0,other
100014102,2026-08-25 05:30:00+00:00,18.0,68.0,0.0,0.0,0.0,other
100014102,2026-08-25 05:45:00+00:00,18.0,68.0,0.0,0.0,0.0,other
100014102,2026-08-25 06:00:00+00:00,18.0,68.0,0.0,0.0,0.0,other
100014102,2026-08-25 06:15:00+00:00,18.0,68.0,0.0,0.0,0.0,other
100014102,2026-08-25 06:30:00+00:00,18.0,68.0,0.0,0.0,0.0,other
100014102,2026-08-25 06:45:00+00:00,18.0,68.0,0.0,0.0,0.0,other
100014102,2026-08-25 07:00:00+00:00,18.0,68.0,0.0,0.0,0.0,other
100014102,2026-08-25 07:15:00+00:00,18.0,68.0,0.0,0.0,0.0,other
100014102,2026-08-25 07:30:00+00:00,18.0,68.0,0.0,0.0,0.0,other
100014102,2026-08-25 07:45:00+00:00,18.0,68.0,0.0,0.0,0.0,other
100014102,2026-08-25 08:00:00+00:00,18.0,68.0,0.0,0.0,0.0,other
100014102,2026-08-25 08:15:00+00:00,18.0,68.0,0.0,0.0,0.0,other
100014102,2026-08-25 08:30:00+00:00,18.0,68.0,0.0,0.0,0.0,other
100014102,2026-08-25 08:45:00+00:00,18.0,68.0,0.0,0.0,0.0,other
100014102,2026-08-25 09:00:00+00:00,18.0,68.0,0.0,0.0,0.0,other
100014102,2026-08-25 09:15:00+00:00,18.0,68.0,0.0,0.0,0.0,other
100014102,2026-08-25 09:30:00+00:00,18.0,68.0,0.0,0.0,0.0,other
100014102,2026-08-25 09:45:00+00:00,18.0,68.0,0.0,0.0,0.0,other
100014102,2026-08-25 10:00:00+00:00,18.0,68.0,0.0,0.0,0.0,other
100014102,2026-08-25 10:15:00+00:00,18.0,68.0,0.0,0.0,0.0,other
100014102,2026-08-25 10:30:00+00:00,18.0,68.0,0.0,0.0,0.0,other
100014102,2026-08-25 10:45:00+00:00,18.0,68.0,0.0,0.0,0.0,other
100014102,2026-08-25 11:00:00+00:00,18.0,68.0,0.0,0.0,0.0,other
100014102,2026-08-25 11:15:00+00:00,18.0,68.0,0.0,0.0,0.0,other
100014102,2026-08-25 11:30:00+00:00,18.0,68.0,0.0,0.0,0.0,other
100014102,2026-08-25 11:45:00+00:00,18.0,68.0,0.0,0.0,0.0,other
100014102,2026-08-25 12:00:00+00:00,18.0,68.0,0.0,0.0,0.0,other
100014102,2026-08-25 12:15:00+00:00,18.0,68.0,0.0,0.0,0.0,other
100014102,2026-08-25 12:30:00+00:00,18.0,68.0,0.0,0.0,0.0,other
100014102,2026-08-25 12:45:00+00:00,18.0,68.0,0.0,0.0,0.0,other
100014102,2026-08-25 13:00:00+00:00,18.0,68.0,0.0,0.0,0.0,other
100014102,2026-08-25 13:15:00+00:00,18.0,68.0,0.0,0.0,0.0,other
100014102,2026-08-25 13:30:00+00:00,18.0,68.0,0.0,0.0,0.0,other
100014102,2026-08-25 13:45:00+00:00,18.0,68.0,0.0,0.0,0.0,other
100014102,2026-08-25 14:00:00+00:00,18.0,68.0,0.0,0.0,0.0,other
100014102,2026-08-25 14:15:00+00:00,18.0,68.0,0.0,0.0,0.0,other
100014102,2026-08-25 14:30:00+00:00,18.0,68.0,0.0,0.0,0.0,other
100014102,2026-08-25 14:45:00+00:00,18.0,68.0,0.0,0.0,0.0,other
100014102,2026-08-25 15:00:00+00:00,18.0,68.0,0.0,0.0,0.0,other
100014102,2026-08-25 15:15:00+00:00,18.0,68.0,0.0,0.0,0.0,other
100014102,2026-08-25 15:30:00+00:00,18.0,68.0,0.0,0.0,0.0,other
100014102,2026-08-25 15:45:00+00:00,18.0,68.0,0.0,0.0,0.0,other
100014102,2026-08-25 16:00:00+00:00,18.0,68.0,0.0,0.0,0.0,other
100014102,2026-08-25 16:15:00+00:00,18.0,68.0,0.0,0.0,0.0,other
100014102,2026-08-25 16:30:00+00:00,18.001859287253154,68.0,0.22997317446791815,0.0,0.0,other
100014102,2026-08-25 16:45:00+00:00,18.003678701836122,68.0,0.22504136819557694,0.0,0.0,other
100014102,2026-08-25 17:00:00+00:00,18.00492137669787,68.0,0.15370507289957216,0.0,0.0,other
100014102,2026-08-25 17:15:00+00:00,18.00084261397011,68.0,0.5044976298378117,180.0,180.0,other
100014102,2026-08-25 17:30:00+00:00,18.0,68.0,0.10422198572525553,180.0,180.0,other
100014102,2026-08-25 17:45:00+00:00,18.0,68.0,0.0,0.0,0.0,other
100014102,2026-08-25 18:00:00+00:00,18.0,68.0,0.0,0.0,0.0,other
100014102,2026-08-25 18:15:00+00:00,18.0,68.0,0.0,0.0,0.0,other
100014102,2026-08-25 18:30:00+00:00,18.0,68.0,0.0,0.0,0.0,other
100014102,2026-08-25 18:45:00+00:00,18.0,68.0,0.0,0.0,0.0,other
100014102,2026-08-25 19:00:00+00:00,18.0,68.0,0.0,0.0,0.0,other
100014102,2026-08-25 19:15:00+00:00,18.0,68.0,0.0,0.0,0.0,other
100014102,2026-08-25 19:30:00+00:00,18.0,68.0,0.0,0.0,0.0,other
100014102,2026-08-25 19:45:00+00:00,18.0,68.0,0.0,0.0,0.0,other
100014102,2026-08-25 20:00:00+00:00,18.0,68.0,0.0,0.0,0.0,other
100014102,2026-08-25 20:15:00+00:00,18.0,68.0,0.0,0.0,0.0,other
100014102,2026-08-25 20:30:00+00:00,18.0,68.0,0.0,0.0,0.0,other
100014102,2026-08-25 20:45:00+00:00,18.0,68.0,0.0,0.0,0.0,other
100014102,2026-08-25 21:00:00+00:00,18.0,68.0,0.0,0.0,0.0,other
100014102,2026-08-25 21:15:00+00:00,18.0,68.0,0.0,0.0,0.0,other
100014102,2026-08-25 21:30:00+00:00,18.0,68.0,0.0,0.0,0.0,other
100014102,2026-08-25 21:45:00+00:00,18.0,68.0,0.0,0.0,0.0,other
100014102,2026-08-25 22:00:00+00:00,18.0,68.0,0.0,0.0,0.0,other
100014102,2026-08-25 22:15:00+00:00,18.0,68.0,0.0,0.0,0.0,other
100014102,2026-08-25 22:30:00+00:00,18.0,68.0,0.0,0.0,0.0,other
100014102,2026-08-25 22:45:00+00:00,18.0,68.0,0.0,0.0,0.0,other
100014102,2026-08-25 23:00:00+00:00,18.0,68.0,0.0,0.0,0.0,other
100014102,2026-08-25 23:15:00+00:00,18.0,68.0,0.0,0.0,0.0,other
100014102,2026-08-25 23:30:00+00:00,18.0,68.0,0.0,0.0,0.0,other
100014102,2026-08-25 23:45:00+00:00,18.0,68.0,0.0,0.0,0.0,other
100014102,2026-08-26 00:00:00+00:00,18.0,68.0,0.0,0.0,0.0,other
100014102,2026-08-26 00:15:00+00:00,18.0,68.0,0.0,0.0,0.0,other
100014102,2026-08-26 00:30:00+00:00,18.0,68.0,0.0,0.0,0.0,other
100014102,2026-08-26 00:45:00+00:00,18.0,68.0,0.0,0.0,0.0,other
100014102,2026-08-26 01:00:00+00:00,18.0,68.0,0.0,0.0,0.0,other
100014102,2026-08-26 01:15:00+00:00,18.0,68.0,0.0,0.0,0.0,other
100014102,2026-08-26 01:30:00+00:00,18.0,68.0,0.0,0.0,0.0,other
100014102,2026-08-26 01:45:00+00:00,18.0,68.0,0.0,0.0,0.0,other
100014102,2026-08-26 02:00:00+00:00,18.0,68.0,0.0,0.0,0.0,other
100014102,2026-08-26 02:15:00+00:00,18.0,68.0,0.0,0.0,0.0,other
100014102,2026-08-26 02:30:00+00:00,18.0,68.0,0.0,0.0,0.0,other
100014102,2026-08-26 02:45:00+00:00,18.0,68.0,0.0,0.0,0.0,other
100014102,2026-08-26 03:00:00+00:00,18.0,68.0,0.0,0.0,0.0,other
100014102,2026-08-26 03:15:00+00:00,18.0,68.0,0.0,0.0,0.0,other
100014102,2026-08-26 03:30:00+00:00,18.0,68.0,0.0,0.0,0.0,other
100014102,2026-08-26 03:45:00+00:00,18.0,68.0,0.0,0.0,0.0,other
100014102,2026-08-26 04:00:00+00:00,18.0,68.0,0.0,0.0,0.0,other
100014102,2026-08-26 04:15:00+00:00,18.0,68.0,0.0,0.0,0.0,other
100014102,2026-08-26 04:30:00+00:00,18.0,68.0,0.0,0.0,0.0,other
100014102,2026-08-26 04:45:00+00:00,18.0,68.0,0.0,0.0,0.0,other
100014102,2026-08-26 05:00:00+00:00,18.0,68.0,0.0,0.0,0.0,other
100014102,2026-08-26 05:15:00+00:00,18.0,68.0,0.0,0.0,0.0,other
100014102,2026-08-26 05:30:00+00:00,18.002116161926565,68.0,0.2617457174058567,0.0,0.0,other
100014102,2026-08-26 05:45:00+00:00,18.003690065909694,68.0,0.1946744348910032,0.0,0.0,other
100014102,2026-08-26 06:00:00+00:00,18.001425360553725,68.0,0.28011888914057737,180.0,180.0,other
100014102,2026-08-26 06:15:00+00:00,18.00492974134924,68.0,0.4334529668408747,0.0,0.0,other
100014102,2026-08-26 06:30:00+00:00,18.00703261564852,68.0,0.26010218555082315,0.0,0.0,other
100014102,2026-08-26 06:45:00+00:00,18.00987161945041,68.0,0.3511532258073463,0.0,0.0,other
100014102,2026-08-26 07:00:00+00:00,18.014881172351703,68.0,0.6196260321909325,0.0,0.0,other
100014102,2026-08-26 07:15:00+00:00,18.023464561735647,68.0,1.061669895800661,0.0,0.0,other
100014102,2026-08-26 07:30:00+00:00,18.0329505864081,68.0,1.1733158517081148,0.0,0.0,other
100014102,2026-08-26 07:45:00+00:00,18.04048634414782,68.0,0.9320895017618851,0.0,0.0,other
100014102,2026-08-26 08:00:00+00:00,18.04868237480771,68.0,1.013757925621342,0.0,0.0,other
100014102,2026-08-26 08:15:00+00:00,18.05561376246567,68.0,0.8573356378708701,0.0,0.0,other
100014102,2026-08-26 08:30:00+00:00,18.063296358251986,68.0,0.9502517365920262,0.0,0.0,other
100014102,2026-08-26 08:45:00+00:00,18.07587380567623,68.0,1.5556904969633423,0.0,0.0,other
100014102,2026-08-26 09:00:00+00:00,18.09071100803366,68.0,1.8351970738101635,0.0,0.0,other
100014102,2026-08-26 09:15:00+00:00,18.10616422534371,68.0,1.9113912788386158,0.0,0.0,other
100014102,2026-08-26 09:30:00+00:00,18.123812095223688,68.0,2.18284541670995,0.0,0.0,other
100014102,2026-08-26 09:45:00+00:00,18.14385382794482,68.0,2.478939651684983,0.0,0.0,other
100014102,2026-08-26 10:00:00+00:00,18.16070714603209,68.0,2.084568188305616,0.0,0.0,other
100015746,2026-08-24 10:00:00+00:00,20.733815109630036,72.88093487494042,6.386687281628115,284.58310887948005,284.58310887948005,other
100015746,2026-08-24 10:15:00+00:00,20.747653597072144,72.82774382337482,6.386687281628115,284.58310887948005,284.58310887948005,other
100015746,2026-08-24 10:30:00+00:00,20.76298972765009,72.77501917477922,6.386735802430479,286.2182409429324,286.2182409429324,other
100015746,2026-08-24 10:45:00+00:00,20.78106687014766,72.72329124698207,6.386815735300067,289.26277531931146,289.26277531931146,other
100015746,2026-08-24 11:00:00+00:00,20.80012301262239,72.67196040701725,6.386841749126697,290.36702003423744,290.36702003423744,other
100015746,2026-08-24 11:15:00+00:00,20.819442114682676,72.62073560550341,6.38684897747946,290.66364248830354,290.66364248830354,other
100015746,2026-08-24 11:30:00+00:00,20.838016594358564,72.56919017057369,6.386830857826829,289.8167080065526,289.8167080065526,other
100015746,2026-08-24 11:45:00+00:00,20.857143702882738,72.5178701162164,6.386845614911623,290.4405463546917,290.4405463546917,other
100015746,2026-08-24 12:00:00+00:00,20.874890262576184,72.46597908212775,6.386810079614563,288.88051599517235,288.88051599517235,other
100015746,2026-08-24 12:15:00+00:00,20.88932264180607,72.41291895043506,6.386710901203187,285.2163502488625,285.2163502488625,other
100015746,2026-08-24 12:30:00+00:00,20.9065623055752,72.36082156039281,6.386797048093667,288.3100114230742,288.3100114230742,other
100015746,2026-08-24 12:45:00+00:00,20.922083005605764,72.30810301933421,6.386746510790062,286.40479039262567,286.40479039262567,other
100015746,2026-08-24 13:00:00+00:00,20.937044367924834,72.25519417930214,6.386729378546588,285.78964198316675,285.78964198316675,other
100015746,2026-08-24 13:15:00+00:00,20.95313387196756,72.20266056217672,6.386764925967659,287.02828801629255,287.02828801629255,other
100015746,2026-08-24 13:30:00+00:00,20.97165871966657,72.15104872110801,6.386834377198493,289.74439785858846,289.74439785858846,other
100015746,2026-08-24 13:45:00+00:00,20.99061537373272,72.09961049686356,6.386846215628733,290.2304783046678,290.2304783046678,other
100015746,2026-08-24 14:00:00+00:00,21.007555039675655,72.04736520042819,6.386791886463228,287.96442173438953,287.96442173438953,other
100015746,2026-08-24 14:15:00+00:00,21.02398073889856,71.99492614795847,6.38677733257823,287.3923352072096,287.3923352072096,other
100015746,2026-08-24 14:30:00+00:00,21.039242669930655,71.9420796648042,6.38674207152509,286.10858406537875,286.10858406537875,other
100015746,2026-08-24 14:45:00+00:00,21.054438798963165,71.88920602212437,6.386740459367531,286.03489537666184,286.03489537666184,other
100015746,2026-08-24 15:00:00+00:00,21.071742222355,71.83707523370026,6.386804511947427,288.3622080946651,288.3622080946651,other
100015746,2026-08-24 15:15:00+00:00,21.084674898208178,71.78350386050143,6.386665878316309,283.572106713525,283.572106713525,other
100015746,2026-08-24 15:30:00+00:00,21.09688847345918,71.72973455533044,6.38664080470328,282.7974554572361,282.7974554572361,other
100015746,2026-08-24 15:45:00+00:00,21.108252726412587,71.67574761082432,6.386610289076555,281.8872153924357,281.8872153924357,other
100015746,2026-08-24 16:00:00+00:00,21.11739730127115,71.62127502328694,6.386526350510709,279.529659212665,279.529659212665,other
100015746,2026-08-24 16:15:00+00:00,21.12757841325024,71.56701041932735,6.386566482441512,280.6262838424272,280.6262838424272,other
100015746,2026-08-24 16:30:00+00:00,21.135248054463425,71.51227027644529,6.386468243655844,277.975791470133,277.975791470133,other
100015746,2026-08-24 16:45:00+00:00,21.14059385196201,71.4572115102782,6.386373029847207,275.5456123766437,275.5456123766437,other
100015746,2026-08-24 17:00:00+00:00,21.147462663427525,71.40234474192373,6.386435987181569,277.13577669847365,277.13577669847365,other
100015746,2026-08-24 17:15:00+00:00,21.15700119675242,71.34793530946978,6.386542452941965,279.9434945641374,279.9434945641374,other
100015746,2026-08-24 17:30:00+00:00,21.166404911814404,71.29349544204598,6.386537418046012,279.80032412350886,279.80032412350886,other
100015746,2026-08-24 17:45:00+00:00,21.173643430739087,71.238673646624,6.386451444978057,277.52166784433746,277.52166784433746,other
100015746,2026-08-24 18:00:00+00:00,21.179620854463625,71.18367509298771,6.386399777511801,276.20274784026407,276.20274784026407,other
100015746,2026-08-24 18:15:00+00:00,21.187398663591868,71.12893321182024,6.386473476583882,278.08654594494715,278.08654594494715,other
100015746,2026-08-24 18:30:00+00:00,21.19538386415494,71.07422273105126,6.386481946570417,278.3039012938065,278.3039012938065,other
100015746,2026-08-24 18:45:00+00:00,21.203189109149562,71.01947949168625,6.386474850055843,278.1144929554307,278.1144929554307,other
100015746,2026-08-24 19:00:00+00:00,21.21155158719657,70.9648279089086,6.386497315905351,278.6996012125364,278.6996012125364,other
100015746,2026-08-24 19:15:00+00:00,21.21984708151834,70.91016150895044,6.386494795624364,278.6286664788046,278.6286664788046,other
100015746,2026-08-24 19:30:00+00:00,21.230878740643455,70.85605052519179,6.3866008927571025,281.5230330896727,281.5230330896727,other
100015746,2026-08-24 19:45:00+00:00,21.240587812486964,70.8016450111615,6.386550791563006,280.1183454431843,280.1183454431843,other
100015746,2026-08-24 20:00:00+00:00,21.248763407972394,70.74694710386845,6.3864905207365075,278.5009615617468,278.5009615617468,other
100015746,2026-08-24 20:15:00+00:00,21.25446855472467,70.69188738480435,6.386389417619387,275.9157303178499,275.9157303178499,other
100015746,2026-08-24 20:30:00+00:00,21.259205511242715,70.63672029349716,6.386348793379686,274.9076999393713,274.9076999393713,other
100015746,2026-08-24 20:45:00+00:00,21.2619797871457,70.58139853504686,6.386265095306985,272.8708641645471,272.8708641645471,other
100015746,2026-08-24 21:00:00+00:00,21.2651464380565,70.52609985091587,6.386281963883132,273.27743420764153,273.27743420764153,other
100015746,2026-08-24 21:15:00+00:00,21.26835076947028,70.47080246253726,6.386283602404318,273.3164239412136,273.3164239412136,other
100015746,2026-08-24 21:30:00+00:00,21.269612270237623,70.4154143348526,6.386199826995675,271.3047232144662,271.3047232144662,other
100015746,2026-08-24 21:45:00+00:00,21.271934889917397,70.3600648823442,6.386245704002797,272.4028833354397,272.4028833354397,other
100015746,2026-08-24 22:00:00+00:00,21.276983890241855,70.30492300642727,6.386362156612905,275.23163194359097,275.23163194359097,other
100015746,2026-08-24 22:15:00+00:00,21.28267430372516,70.24985098005328,6.386389157539062,275.89925181577865,275.89925181577865,other
100015746,2026-08-24 22:30:00+00:00,21.283792189503103,70.19445396167744,6.386193641584878,271.15604498274405,271.15604498274405,other
100015746,2026-08-24 22:45:00+00:00,21.288484987373728,70.13927154662123,6.386347232027441,274.86082622778804,274.86082622778804,other
100015746,2026-08-24 23:00:00+00:00,21.294516610595878,70.08423692719951,6.38640355316964,276.25447720963024,276.25447720963024,other
100015746,2026-08-24 23:15:00+00:00,21.304033268264213,70.0297688164773,6.386544632484813,279.910667802859,279.910667802859,other
100015746,2026-08-24 23:30:00+00:00,21.315474639558797,69.97572478316228,6.386618166535943,281.9532890482527,281.9532890482527,other
100015746,2026-08-24 23:45:00+00:00,21.32917164491434,69.92228365336258,6.38669912086207,284.37551097106797,284.37551097106797,other
100015746,2026-08-25 00:00:00+00:00,21.343224982911185,69.86894414204012,6.386711670773379,284.76026253103737,284.76026253103737,other
100015746,2026-08-25 00:15:00+00:00,21.356822863079497,69.81546376249717,6.386696497908165,284.2656931878858,284.2656931878858,other
100015746,2026-08-25 00:30:00+00:00,21.371068912675213,69.76217308535728,6.386718990285609,284.9667466509819,284.9667466509819,other
100015746,2026-08-25 00:45:00+00:00,21.384082907366498,69.70851549552148,6.386676879444366,283.63314082525676,283.63314082525676,other
100015746,2026-08-25 01:00:00+00:00,21.397852094963177,69.65507069364968,6.386703564236937,284.44715455853526,284.44715455853526,other
100015746,2026-08-25 01:15:00+00:00,21.40700715556832,69.60049288722482,6.386532511325345,279.52233028416424,279.52233028416424,other
100015746,2026-08-25 01:30:00+00:00,21.416238354467396,69.54592643139537,6.386535705727622,279.6020147922384,279.6020147922384,other
100015746,2026-08-25 01:45:00+00:00,21.42784290612103,69.49188104048395,6.386626977031146,282.11846959967374,282.11846959967374,other
100015746,2026-08-25 02:00:00+00:00,21.43961301360229,69.43787262572252,6.38663339721146,282.2942969302809,282.2942969302809,other
100015746,2026-08-25 02:15:00+00:00,21.45439127223593,69.38471903164097,6.386739225629439,285.5374910522654,285.5374910522654,other
100015746,2026-08-25 02:30:00+00:00,21.468713463020357,69.33141626973608,6.386724444571265,285.0398668986254,285.0398668986254,other
100015746,2026-08-25 02:45:00+00:00,21.484762641713967,69.27867886505251,6.386780960803144,286.9261848497423,286.9261848497423,other
100015746,2026-08-25 03:00:00+00:00,21.499300065142734,69.22543223761512,6.386732583198106,285.27075768570216,285.27075768570216,other
100015746,2026-08-25 03:15:00+00:00,21.515492527611393,69.17273430951539,6.386786413015877,287.0805928606536,287.0805928606536,other
100015746,2026-08-25 03:30:00+00:00,21.532082497522506,69.12017343008291,6.386799143007235,287.51743736200683,287.51743736200683,other
100015746,2026-08-25 03:45:00+00:00,21.548296939328722,69.06747140699298,6.386788170771575,287.1011743961875,287.1011743961875,other
100015746,2026-08-25 04:00:00+00:00,21.56004780830303,69.01341341642744,6.386635702122786,282.2638951456403,282.2638951456403,other
100015746,2026-08-25 04:15:00+00:00,21.57135180050618,68.95924114378624,6.386619247660561,281.7866371050801,281.7866371050801,other
100015746,2026-08-25 04:30:00+00:00,21.583030838228176,68.90515658284555,6.3866336016044425,282.1853665035139,282.1853665035139,other
100015746,2026-08-25 04:45:00+00:00,21.596159617485753,68.8514530474452,6.3866867749029215,283.73752508837794,283.73752508837794,other
100015746,2026-08-25 05:00:00+00:00,21.61198832050925,68.79859241026323,6.386778162037396,286.6699165589067,286.6699165589067,other
100015746,2026-08-25 05:15:00+00:00,21.631265199387474,68.7470666320605,6.386878091873893,290.5118817427795,290.5118817427795,other
100015746,2026-08-25 05:30:00+00:00,21.652606847679255,68.69648397607304,6.3869277524744925,292.87567514046094,292.87567514046094,other
100015746,2026-08-25 05:45:00+00:00,21.673022012765117,68.64545333629209,6.3869076872946655,291.8042252403702,291.8042252403702,other
100015746,2026-08-25 06:00:00+00:00,21.692931465637212,68.59418477234908,6.386896308909278,291.2230067850435,291.2230067850435,other
100015746,2026-08-25 06:15:00+00:00,21.714062878127475,68.5434784228992,6.3869256124730125,292.62349161030784,292.62349161030784,other
100015746,2026-08-25 06:30:00+00:00,21.736045216977,68.4931852585741,6.3869444973122595,293.60937021941254,293.60937021941254,other
100015746,2026-08-25 06:45:00+00:00,21.760646037362243,68.44430933437948,6.386990730166847,296.717578630842,296.717578630842,other
100015746,2026-08-25 07:00:00+00:00,21.789078511658698,68.39789677425794,6.387027261406838,301.4917613081821,301.4917613081821,other
100015746,2026-08-25 07:15:00+00:00,21.820829087353136,68.35404048822036,6.387025656249543,305.90335947423813,305.90335947423813,other
100015746,2026-08-25 07:30:00+00:00,21.8546587046768,68.31201659690413,6.387007588912259,308.8343833087155,308.8343833087155,other
100015746,2026-08-25 07:45:00+00:00,21.889201269530687,68.27066145415729,6.386999025731463,309.8708764887557,309.8708764887557,other
100015746,2026-08-25 08:00:00+00:00,21.925512272221663,68.23109481698947,6.386967844563026,312.5431527037156,312.5431527037156,other
100015746,2026-08-25 08:15:00+00:00,21.963889736416398,68.19385343815412,6.3869165153103715,315.860737837518,315.860737837518,other
100015746,2026-08-25 08:30:00+00:00,22.0,68.15638970065832,6.198206960112026,313.9461005841922,313.9461005841922,other
100015746,2026-08-25 08:45:00+00:00,22.0,68.1181568689134,4.384630638661554,270.0,270.0,other
100015746,2026-08-25 09:00:00+00:00,22.0,68.0788530631726,4.507452443409733,270.0,270.0,other
100015746,2026-08-25 09:15:00+00:00,22.0,68.03836078304963,4.643749467499307,270.0,270.0,other
100015746,2026-08-25 09:30:00+00:00,22.0,68.0,4.399304393789351,270.0,270.0,other
100015746,2026-08-25 09:45:00+00:00,22.0,68.0,0.0,0.0,0.0,other
100015746,2026-08-25 10:00:00+00:00,22.0,68.0,0.0,0.0,0.0,other
100015746,2026-08-25 10:15:00+00:00,22.0,68.0,0.0,0.0,0.0,other
100015746,2026-08-25 10:30:00+00:00,22.0,68.0,0.0,0.0,0.0,other
100015746,2026-08-25 10:45:00+00:00,22.0,68.0,0.0,0.0,0.0,other
100015746,2026-08-25 11:00:00+00:00,22.0,68.0,0.0,0.0,0.0,other
100015746,2026-08-25 11:15:00+00:00,22.0,68.0,0.0,0.0,0.0,other
100015746,2026-08-25 11:30:00+00:00,22.0,68.0,0.0,0.0,0.0,other
100015746,2026-08-25 11:45:00+00:00,22.0,68.0,0.0,0.0,0.0,other
100015746,2026-08-25 12:00:00+00:00,22.0,68.0,0.0,0.0,0.0,other
100015746,2026-08-25 12:15:00+00:00,22.0,68.0,0.0,0.0,0.0,other
100015746,2026-08-25 12:30:00+00:00,22.0,68.0,0.0,0.0,0.0,other
100015746,2026-08-25 12:45:00+00:00,22.0,68.0,0.0,0.0,0.0,other
100015746,2026-08-25 13:00:00+00:00,22.0,68.0,0.0,0.0,0.0,other
100015746,2026-08-25 13:15:00+00:00,22.0,68.0,0.0,0.0,0.0,other
100015746,2026-08-25 13:30:00+00:00,22.0,68.0,0.0,0.0,0.0,other
100015746,2026-08-25 13:45:00+00:00,22.0,68.0,0.0,0.0,0.0,other
100015746,2026-08-25 14:00:00+00:00,22.0,68.0,0.0,0.0,0.0,other
100015746,2026-08-25 14:15:00+00:00,22.0,68.0,0.0,0.0,0.0,other
100015746,2026-08-25 14:30:00+00:00,22.0,68.0,0.0,0.0,0.0,other
100015746,2026-08-25 14:45:00+00:00,22.0,68.0,0.0,0.0,0.0,other
100015746,2026-08-25 15:00:00+00:00,22.0,68.0,0.0,0.0,0.0,other
100015746,2026-08-25 15:15:00+00:00,22.0,68.0,0.0,0.0,0.0,other
100015746,2026-08-25 15:30:00+00:00,22.0,68.0,0.0,0.0,0.0,other
100015746,2026-08-25 15:45:00+00:00,22.0,68.0,0.0,0.0,0.0,other
100015746,2026-08-25 16:00:00+00:00,22.0,68.0,0.0,0.0,0.0,other
100015746,2026-08-25 16:15:00+00:00,22.0,68.0,0.0,0.0,0.0,other
100015746,2026-08-25 16:30:00+00:00,22.0,68.0,0.0,0.0,0.0,other
100015746,2026-08-25 16:45:00+00:00,22.0,68.0,0.0,0.0,0.0,other
100015746,2026-08-25 17:00:00+00:00,22.0,68.0,0.0,0.0,0.0,other
100015746,2026-08-25 17:15:00+00:00,22.0,68.0,0.0,0.0,0.0,other
100015746,2026-08-25 17:30:00+00:00,22.0,68.0,0.0,0.0,0.0,other
100015746,2026-08-25 17:45:00+00:00,22.0,68.0,0.0,0.0,0.0,other
100015746,2026-08-25 18:00:00+00:00,22.0,68.0,0.0,0.0,0.0,other
100015746,2026-08-25 18:15:00+00:00,22.0,68.0,0.0,0.0,0.0,other
100015746,2026-08-25 18:30:00+00:00,22.0,68.0,0.0,0.0,0.0,other
100015746,2026-08-25 18:45:00+00:00,22.0,68.0,0.0,0.0,0.0,other
100015746,2026-08-25 19:00:00+00:00,22.0,68.0,0.0,0.0,0.0,other
100015746,2026-08-25 19:15:00+00:00,22.0,68.0,0.0,0.0,0.0,other
100015746,2026-08-25 19:30:00+00:00,22.0,68.0,0.0,0.0,0.0,other
100015746,2026-08-25 19:45:00+00:00,22.0,68.0,0.0,0.0,0.0,other
100015746,2026-08-25 20:00:00+00:00,22.0,68.0,0.0,0.0,0.0,other
100015746,2026-08-25 20:15:00+00:00,22.0,68.0,0.0,0.0,0.0,other
100015746,2026-08-25 20:30:00+00:00,22.0,68.0,0.0,0.0,0.0,other
100015746,2026-08-25 20:45:00+00:00,22.0,68.0,0.0,0.0,0.0,other
100015746,2026-08-25 21:00:00+00:00,22.0,68.0,0.0,0.0,0.0,other
100015746,2026-08-25 21:15:00+00:00,22.0,68.0,0.0,0.0,0.0,other
100015746,2026-08-25 21:30:00+00:00,22.0,68.0,0.0,0.0,0.0,other
100015746,2026-08-25 21:45:00+00:00,22.0,68.0,0.0,0.0,0.0,other
100015746,2026-08-25 22:00:00+00:00,22.0,68.0,0.0,0.0,0.0,other
100015746,2026-08-25 22:15:00+00:00,22.0,68.0,0.0,0.0,0.0,other
100015746,2026-08-25 22:30:00+00:00,22.0,68.0,0.0,0.0,0.0,other
100015746,2026-08-25 22:45:00+00:00,22.0,68.0,0.0,0.0,0.0,other
100015746,2026-08-25 23:00:00+00:00,22.0,68.0,0.0,0.0,0.0,other
100015746,2026-08-25 23:15:00+00:00,22.0,68.0,0.0,0.0,0.0,other
100015746,2026-08-25 23:30:00+00:00,22.0,68.0,0.0,0.0,0.0,other
100015746,2026-08-25 23:45:00+00:00,22.0,68.0,0.0,0.0,0.0,other
100015746,2026-08-26 00:00:00+00:00,22.0,68.0,0.0,0.0,0.0,other
100015746,2026-08-26 00:15:00+00:00,22.0,68.0,0.0,0.0,0.0,other
100015746,2026-08-26 00:30:00+00:00,22.0,68.0,0.0,0.0,0.0,other
100015746,2026-08-26 00:45:00+00:00,22.0,68.0,0.0,0.0,0.0,other
100015746,2026-08-26 01:00:00+00:00,22.0,68.0,0.0,0.0,0.0,other
100015746,2026-08-26 01:15:00+00:00,22.0,68.0,0.0,0.0,0.0,other
100015746,2026-08-26 01:30:00+00:00,22.0,68.0,0.0,0.0,0.0,other
100015746,2026-08-26 01:45:00+00:00,22.0,68.0,0.0,0.0,0.0,other
100015746,2026-08-26 02:00:00+00:00,22.0,68.0,0.0,0.0,0.0,other
100015746,2026-08-26 02:15:00+00:00,22.0,68.0,0.0,0.0,0.0,other
100015746,2026-08-26 02:30:00+00:00,22.0,68.0,0.0,0.0,0.0,other
100015746,2026-08-26 02:45:00+00:00,22.0,68.0,0.0,0.0,0.0,other
100015746,2026-08-26 03:00:00+00:00,22.0,68.0,0.0,0.0,0.0,other
100015746,2026-08-26 03:15:00+00:00,22.0,68.0,0.0,0.0,0.0,other
100015746,2026-08-26 03:30:00+00:00,22.0,68.0,0.0,0.0,0.0,other
100015746,2026-08-26 03:45:00+00:00,22.0,68.0,0.0,0.0,0.0,other
100015746,2026-08-26 04:00:00+00:00,22.0,68.0,0.0,0.0,0.0,other
100015746,2026-08-26 04:15:00+00:00,22.0,68.0,0.0,0.0,0.0,other
100015746,2026-08-26 04:30:00+00:00,22.0,68.0,0.0,0.0,0.0,other
100015746,2026-08-26 04:45:00+00:00,22.0,68.0,0.0,0.0,0.0,other
100015746,2026-08-26 05:00:00+00:00,22.0,68.0,0.0,0.0,0.0,other
100015746,2026-08-26 05:15:00+00:00,22.0,68.0,0.0,0.0,0.0,other
100015746,2026-08-26 05:30:00+00:00,22.0,68.0,0.0,0.0,0.0,other
100015746,2026-08-26 05:45:00+00:00,22.0,68.0,0.0,0.0,0.0,other
100015746,2026-08-26 06:00:00+00:00,22.0,68.0,0.0,0.0,0.0,other
100015746,2026-08-26 06:15:00+00:00,22.0,68.0,0.0,0.0,0.0,other
100015746,2026-08-26 06:30:00+00:00,22.0,68.0,0.0,0.0,0.0,other
100015746,2026-08-26 06:45:00+00:00,22.0,68.0,0.0,0.0,0.0,other
100015746,2026-08-26 07:00:00+00:00,22.0,68.0,0.0,0.0,0.0,other
100015746,2026-08-26 07:15:00+00:00,22.0,68.0,0.0,0.0,0.0,other
100015746,2026-08-26 07:30:00+00:00,22.0,68.0,0.0,0.0,0.0,other
100015746,2026-08-26 07:45:00+00:00,22.0,68.0,0.0,0.0,0.0,other
100015746,2026-08-26 08:00:00+00:00,22.0,68.0,0.0,0.0,0.0,other
100015746,2026-08-26 08:15:00+00:00,22.0,68.0,0.0,0.0,0.0,other
100015746,2026-08-26 08:30:00+00:00,22.0,68.0,0.0,0.0,0.0,other
100015746,2026-08-26 08:45:00+00:00,22.0,68.0,0.0,0.0,0.0,other
100015746,2026-08-26 09:00:00+00:00,22.0,68.0,0.0,0.0,0.0,other
100015746,2026-08-26 09:15:00+00:00,22.0,68.0,0.0,0.0,0.0,other
100015746,2026-08-26 09:30:00+00:00,22.0,68.0,0.0,0.0,0.0,other
100015746,2026-08-26 09:45:00+00:00,22.0,68.0,0.0,0.0,0.0,other
100015746,2026-08-26 10:00:00+00:00,22.0,68.0,0.0,0.0,0.0,other
100016851,2026-08-24 10:00:00+00:00,18.693372211901124,72.11247324645113,7.3815528159056845,45.52374105859957,45.52374105859957,tanker
100016851,2026-08-24 10:15:00+00:00,18.736321922340643,72.15621543007845,7.3815528159056845,45.52374105859957,45.52374105859957,tanker
100016851,2026-08-24 10:30:00+00:00,18.779084205753016,72.20017303306918,7.381559528869422,45.789696955080096,45.789696955080096,tanker
100016851,2026-08-24 10:45:00+00:00,18.821239045259354,72.2447915708726,7.3815755662213896,46.6263237230034,46.6263237230034,tanker
100016851,2026-08-24 11:00:00+00:00,18.86433260622673,72.28840887363182,7.381555923158164,45.34606770154566,45.34606770154566,tanker
100016851,2026-08-24 11:15:00+00:00,18.90573198487221,72.33383295412492,7.381595729100566,47.65404621800353,47.65404621800353,tanker
100016851,2026-08-24 11:30:00+00:00,18.944316125241993,72.38195780585521,7.3816411546709695,51.27907577970663,51.27907577970663,tanker
100016851,2026-08-24 11:45:00+00:00,18.98538503937493,72.42773766997439,7.381606363293613,48.104859916010454,48.104859916010454,tanker
100016851,2026-08-24 12:00:00+00:00,19.02825331227715,72.47164529180377,7.381569986584969,45.686221210880944,45.686221210880944,tanker
100016851,2026-08-24 12:15:00+00:00,19.071059113018237,72.51563240504171,7.381573740153176,45.77978763691591,45.77978763691591,tanker
100016851,2026-08-24 12:30:00+00:00,19.11423549035676,72.55922352725618,7.38156678282458,45.2738692495606,45.2738692495606,tanker
100016851,2026-08-24 12:45:00+00:00,19.154592769033655,72.60575326588172,7.381628200604862,49.06346977302974,49.06346977302974,tanker
100016851,2026-08-24 13:00:00+00:00,19.194611654073633,72.65262077781168,7.381635886077997,49.506893910085076,49.506893910085076,tanker
100016851,2026-08-24 13:15:00+00:00,19.232432584094575,72.70150315047154,7.381665328501775,52.270411636839135,52.270411636839135,tanker
100016851,2026-08-24 13:30:00+00:00,19.273455307895357,72.74740929380725,7.381622921316305,48.215336364485466,48.215336364485466,tanker
100016851,2026-08-24 13:45:00+00:00,19.313230105135595,72.79454326825119,7.3816462359841735,49.84009069047588,49.84009069047588,tanker
100016851,2026-08-24 14:00:00+00:00,19.35410336229444,72.84062151867893,7.381630117952802,48.42568757681262,48.42568757681262,tanker
100016851,2026-08-24 14:15:00+00:00,19.396073317969005,72.88559020881125,7.381610250442828,46.97549360551616,46.97549360551616,tanker
100016851,2026-08-24 14:30:00+00:00,19.438409414628687,72.93018308286906,7.3816042467225875,46.48713117618456,46.48713117618456,tanker
100016851,2026-08-24 14:45:00+00:00,19.482783404106872,72.97250081654246,7.381552386408809,43.64124638172491,43.64124638172491,tanker
100016851,2026-08-24 15:00:00+00:00,19.526535500339154,73.0,6.290321582763458,32.15029178957878,32.15029178957878,tanker
100016851,2026-08-24 15:15:00+00:00,19.570016507828388,73.0,5.378117504112811,0.0,0.0,tanker
100016851,2026-08-24 15:30:00+00:00,19.613115921408212,73.0,5.330918577451167,0.0,0.0,tanker
100016851,2026-08-24 15:45:00+00:00,19.654917078952476,73.0,5.170338730919333,0.0,0.0,tanker
100016851,2026-08-24 16:00:00+00:00,19.69440925789574,73.0,4.884743733293369,0.0,0.0,tanker
100016851,2026-08-24 16:15:00+00:00,19.734466159906017,73.0,4.954593701982373,0.0,0.0,tanker
100016851,2026-08-24 16:30:00+00:00,19.77378058467294,73.0,4.862757516726745,0.0,0.0,tanker
100016851,2026-08-24 16:45:00+00:00,19.812633872809684,73.0,4.8057200393135275,0.0,0.0,tanker
100016851,2026-08-24 17:00:00+00:00,19.850886843083806,73.0,4.7314673899058866,0.0,0.0,tanker
100016851,2026-08-24 17:15:00+00:00,19.88850863033013,73.0,4.6533970625118535,0.0,0.0,tanker
100016851,2026-08-24 17:30:00+00:00,19.92350231133902,73.0,4.328329522122063,0.0,0.0,tanker
100016851,2026-08-24 17:45:00+00:00,19.95926699370673,73.0,4.423693823526006,0.0,0.0,tanker
100016851,2026-08-24 18:00:00+00:00,19.997523659463813,73.0,4.731924480087073,0.0,0.0,tanker
100016851,2026-08-24 18:15:00+00:00,20.03688441711808,73.0,4.868488380081299,0.0,0.0,tanker
100016851,2026-08-24 18:30:00+00:00,20.07504606060282,73.0,4.720171280801155,0.0,0.0,tanker
100016851,2026-08-24 18:45:00+00:00,20.113170334650256,73.0,4.715549096622987,0.0,0.0,tanker
100016851,2026-08-24 19:00:00+00:00,20.15203875575711,73.0,4.80759181957234,0.0,0.0,tanker
100016851,2026-08-24 19:15:00+00:00,20.192580653834945,73.0,5.014582326693817,0.0,0.0,tanker
100016851,2026-08-24 19:30:00+00:00,20.232783147287847,73.0,4.972601745752327,0.0,0.0,tanker
100016851,2026-08-24 19:45:00+00:00,20.27198351584164,73.0,4.848650030453589,0.0,0.0,tanker
100016851,2026-08-24 20:00:00+00:00,20.310701318838046,73.0,4.788962032844286,0.0,0.0,tanker
100016851,2026-08-24 20:15:00+00:00,20.349819110180146,73.0,4.838436146891792,0.0,0.0,tanker
100016851,2026-08-24 20:30:00+00:00,20.388705737501926,73.0,4.8098437260672835,0.0,0.0,tanker
100016851,2026-08-24 20:45:00+00:00,20.427369381891396,73.0,4.782263214928599,0.0,0.0,tanker
100016851,2026-08-24 21:00:00+00:00,20.465731221652295,73.0,4.744933335759212,0.0,0.0,tanker
100016851,2026-08-24 21:15:00+00:00,20.505949221414223,73.0,4.974519703886537,0.0,0.0,tanker
100016851,2026-08-24 21:30:00+00:00,20.54586263886424,73.0,4.936846256150893,0.0,0.0,tanker
100016851,2026-08-24 21:45:00+00:00,20.586453509490354,73.0,5.020639686776815,0.0,0.0,tanker
100016851,2026-08-24 22:00:00+00:00,20.625429192307948,73.0,4.820858901393878,0.0,0.0,tanker
100016851,2026-08-24 22:15:00+00:00,20.664194817621997,73.0,4.7948771221777235,0.0,0.0,tanker
100016851,2026-08-24 22:30:00+00:00,20.701621172015656,73.0,4.629224190113499,0.0,0.0,tanker
100016851,2026-08-24 22:45:00+00:00,20.739535013506575,73.0,4.689520927521257,0.0,0.0,tanker
100016851,2026-08-24 23:00:00+00:00,20.777874598598647,73.0,4.742180680499315,0.0,0.0,tanker
100016851,2026-08-24 23:15:00+00:00,20.81377817922892,73.0,4.44087399529099,0.0,0.0,tanker
100016851,2026-08-24 23:30:00+00:00,20.848951700249238,73.0,4.350573733313208,0.0,0.0,tanker
100016851,2026-08-24 23:45:00+00:00,20.8853163830814,73.0,4.497907214306887,0.0,0.0,tanker
100016851,2026-08-25 00:00:00+00:00,20.920182189857023,73.0,4.312512900291628,0.0,0.0,tanker
100016851,2026-08-25 00:15:00+00:00,20.955943382006772,73.0,4.423262122344556,0.0,0.0,tanker
100016851,2026-08-25 00:30:00+00:00,20.991327135738644,73.0,4.37657718381321,0.0,0.0,tanker
100016851,2026-08-25 00:45:00+00:00,21.023559837604353,73.0,3.98682707965638,0.0,0.0,tanker
100016851,2026-08-25 01:00:00+00:00,21.05826014834049,73.0,4.292042879052104,0.0,0.0,tanker
100016851,2026-08-25 01:15:00+00:00,21.093257667755303,73.0,4.32880429028544,0.0,0.0,tanker
100016851,2026-08-25 01:30:00+00:00,21.127562884577955,73.0,4.243174151886255,0.0,0.0,tanker
100016851,2026-08-25 01:45:00+00:00,21.16055277413822,73.0,4.080482784276463,0.0,0.0,tanker
100016851,2026-08-25 02:00:00+00:00,21.19566535829551,73.0,4.343036520432737,0.0,0.0,tanker
100016851,2026-08-25 02:15:00+00:00,21.23331272664872,73.0,4.656561161199144,0.0,0.0,tanker
100016851,2026-08-25 02:30:00+00:00,21.269170549508594,73.0,4.4352142675124755,0.0,0.0,tanker
100016851,2026-08-25 02:45:00+00:00,21.30621631623099,73.0,4.58214972393022,0.0,0.0,tanker
100016851,2026-08-25 03:00:00+00:00,21.344493542229724,73.0,4.734467553532224,0.0,0.0,tanker
100016851,2026-08-25 03:15:00+00:00,21.38023879870632,73.0,4.421291056638394,0.0,0.0,tanker
100016851,2026-08-25 03:30:00+00:00,21.41586769778176,73.0,4.406898938975628,0.0,0.0,tanker
100016851,2026-08-25 03:45:00+00:00,21.451369087258957,73.0,4.391127418446209,0.0,0.0,tanker
100016851,2026-08-25 04:00:00+00:00,21.487170789699434,73.0,4.428272795193179,0.0,0.0,tanker
100016851,2026-08-25 04:15:00+00:00,21.524978789271568,73.0,4.676429458188881,0.0,0.0,tanker
100016851,2026-08-25 04:30:00+00:00,21.561687517161268,73.0,4.540461765201509,0.0,0.0,tanker
100016851,2026-08-25 04:45:00+00:00,21.597720146079723,73.0,4.45683583466942,0.0,0.0,tanker
100016851,2026-08-25 05:00:00+00:00,21.6334720771572,73.0,4.4221166306053465,0.0,0.0,tanker
100016851,2026-08-25 05:15:00+00:00,21.669417699923283,73.0,4.44607414035585,0.0,0.0,tanker
100016851,2026-08-25 05:30:00+00:00,21.705847446606494,73.0,4.505954889750091,0.0,0.0,tanker
100016851,2026-08-25 05:45:00+00:00,21.740753658299255,73.0,4.317510539597892,0.0,0.0,tanker
100016851,2026-08-25 06:00:00+00:00,21.775898137447584,73.0,4.34698157643552,0.0,0.0,tanker
100016851,2026-08-25 06:15:00+00:00,21.81115036365406,73.0,4.360308690338958,0.0,0.0,tanker
100016851,2026-08-25 06:30:00+00:00,21.8455060882505,73.0,4.249421402306044,0.0,0.0,tanker
100016851,2026-08-25 06:45:00+00:00,21.87950674468737,73.0,4.205503416169298,0.0,0.0,tanker
100016851,2026-08-25 07:00:00+00:00,21.91064200054482,73.0,3.851085202279236,0.0,0.0,tanker
100016851,2026-08-25 07:15:00+00:00,21.944846210429795,73.0,4.230680715995027,0.0,0.0,tanker
100016851,2026-08-25 07:30:00+00:00,21.978536687342416,73.0,4.1671376554589035,0.0,0.0,tanker
100016851,2026-08-25 07:45:00+00:00,22.0,73.0,2.654773294491397,0.0,0.0,tanker
100016851,2026-08-25 08:00:00+00:00,22.0,73.0,0.0,0.0,0.0,tanker
100016851,2026-08-25 08:15:00+00:00,22.0,73.0,0.0,0.0,0.0,tanker
100016851,2026-08-25 08:30:00+00:00,22.0,73.0,0.0,0.0,0.0,tanker
100016851,2026-08-25 08:45:00+00:00,22.0,73.0,0.0,0.0,0.0,tanker
100016851,2026-08-25 09:00:00+00:00,22.0,73.0,0.0,0.0,0.0,tanker
100016851,2026-08-25 09:15:00+00:00,22.0,73.0,0.0,0.0,0.0,tanker
100016851,2026-08-25 09:30:00+00:00,22.0,73.0,0.0,0.0,0.0,tanker
100016851,2026-08-25 09:45:00+00:00,22.0,73.0,0.0,0.0,0.0,tanker
100016851,2026-08-25 10:00:00+00:00,22.0,73.0,0.0,0.0,0.0,tanker
100016851,2026-08-25 10:15:00+00:00,22.0,73.0,0.0,0.0,0.0,tanker
100016851,2026-08-25 10:30:00+00:00,22.0,73.0,0.0,0.0,0.0,tanker
100016851,2026-08-25 10:45:00+00:00,22.0,73.0,0.0,0.0,0.0,tanker
100016851,2026-08-25 11:00:00+00:00,22.0,73.0,0.0,0.0,0.0,tanker
100016851,2026-08-25 11:15:00+00:00,22.0,73.0,0.0,0.0,0.0,tanker
100016851,2026-08-25 11:30:00+00:00,22.0,73.0,0.0,0.0,0.0,tanker
100016851,2026-08-25 11:45:00+00:00,22.0,73.0,0.0,0.0,0.0,tanker
100016851,2026-08-25 12:00:00+00:00,22.0,73.0,0.0,0.0,0.0,tanker
100016851,2026-08-25 12:15:00+00:00,22.0,73.0,0.0,0.0,0.0,tanker
100016851,2026-08-25 12:30:00+00:00,22.0,73.0,0.0,0.0,0.0,tanker
100016851,2026-08-25 12:45:00+00:00,22.0,73.0,0.0,0.0,0.0,tanker
100016851,2026-08-25 13:00:00+00:00,22.0,73.0,0.0,0.0,0.0,tanker
100016851,2026-08-25 13:15:00+00:00,22.0,73.0,0.0,0.0,0.0,tanker
100016851,2026-08-25 13:30:00+00:00,22.0,73.0,0.0,0.0,0.0,tanker
100016851,2026-08-25 13:45:00+00:00,22.0,73.0,0.0,0.0,0.0,tanker
100016851,2026-08-25 14:00:00+00:00,22.0,73.0,0.0,0.0,0.0,tanker
100016851,2026-08-25 14:15:00+00:00,22.0,73.0,0.0,0.0,0.0,tanker
100016851,2026-08-25 14:30:00+00:00,22.0,73.0,0.0,0.0,0.0,tanker
100016851,2026-08-25 14:45:00+00:00,22.0,73.0,0.0,0.0,0.0,tanker
100016851,2026-08-25 15:00:00+00:00,22.0,73.0,0.0,0.0,0.0,tanker
100016851,2026-08-25 15:15:00+00:00,22.0,73.0,0.0,0.0,0.0,tanker
100016851,2026-08-25 15:30:00+00:00,22.0,73.0,0.0,0.0,0.0,tanker
100016851,2026-08-25 15:45:00+00:00,22.0,73.0,0.0,0.0,0.0,tanker
100016851,2026-08-25 16:00:00+00:00,22.0,73.0,0.0,0.0,0.0,tanker
100016851,2026-08-25 16:15:00+00:00,22.0,73.0,0.0,0.0,0.0,tanker
100016851,2026-08-25 16:30:00+00:00,22.0,73.0,0.0,0.0,0.0,tanker
100016851,2026-08-25 16:45:00+00:00,22.0,73.0,0.0,0.0,0.0,tanker
100016851,2026-08-25 17:00:00+00:00,22.0,73.0,0.0,0.0,0.0,tanker
100016851,2026-08-25 17:15:00+00:00,22.0,73.0,0.0,0.0,0.0,tanker
100016851,2026-08-25 17:30:00+00:00,22.0,73.0,0.0,0.0,0.0,tanker
100016851,2026-08-25 17:45:00+00:00,22.0,73.0,0.0,0.0,0.0,tanker
100016851,2026-08-25 18:00:00+00:00,22.0,73.0,0.0,0.0,0.0,tanker
100016851,2026-08-25 18:15:00+00:00,22.0,73.0,0.0,0.0,0.0,tanker
100016851,2026-08-25 18:30:00+00:00,22.0,73.0,0.0,0.0,0.0,tanker
100016851,2026-08-25 18:45:00+00:00,22.0,73.0,0.0,0.0,0.0,tanker
100016851,2026-08-25 19:00:00+00:00,22.0,73.0,0.0,0.0,0.0,tanker
100016851,2026-08-25 19:15:00+00:00,22.0,73.0,0.0,0.0,0.0,tanker
100016851,2026-08-25 19:30:00+00:00,22.0,73.0,0.0,0.0,0.0,tanker
100016851,2026-08-25 19:45:00+00:00,22.0,73.0,0.0,0.0,0.0,tanker
100016851,2026-08-25 20:00:00+00:00,22.0,73.0,0.0,0.0,0.0,tanker
100016851,2026-08-25 20:15:00+00:00,22.0,73.0,0.0,0.0,0.0,tanker
100016851,2026-08-25 20:30:00+00:00,22.0,73.0,0.0,0.0,0.0,tanker
100016851,2026-08-25 20:45:00+00:00,22.0,73.0,0.0,0.0,0.0,tanker
100016851,2026-08-25 21:00:00+00:00,22.0,73.0,0.0,0.0,0.0,tanker
100016851,2026-08-25 21:15:00+00:00,22.0,73.0,0.0,0.0,0.0,tanker
100016851,2026-08-25 21:30:00+00:00,22.0,73.0,0.0,0.0,0.0,tanker
100016851,2026-08-25 21:45:00+00:00,22.0,73.0,0.0,0.0,0.0,tanker
100016851,2026-08-25 22:00:00+00:00,22.0,73.0,0.0,0.0,0.0,tanker
100016851,2026-08-25 22:15:00+00:00,22.0,73.0,0.0,0.0,0.0,tanker
100016851,2026-08-25 22:30:00+00:00,22.0,73.0,0.0,0.0,0.0,tanker
100016851,2026-08-25 22:45:00+00:00,22.0,73.0,0.0,0.0,0.0,tanker
100016851,2026-08-25 23:00:00+00:00,22.0,73.0,0.0,0.0,0.0,tanker
100016851,2026-08-25 23:15:00+00:00,22.0,73.0,0.0,0.0,0.0,tanker
100016851,2026-08-25 23:30:00+00:00,22.0,73.0,0.0,0.0,0.0,tanker
100016851,2026-08-25 23:45:00+00:00,22.0,73.0,0.0,0.0,0.0,tanker
100016851,2026-08-26 00:00:00+00:00,22.0,73.0,0.0,0.0,0.0,tanker
100016851,2026-08-26 00:15:00+00:00,22.0,73.0,0.0,0.0,0.0,tanker
100016851,2026-08-26 00:30:00+00:00,22.0,73.0,0.0,0.0,0.0,tanker
100016851,2026-08-26 00:45:00+00:00,22.0,73.0,0.0,0.0,0.0,tanker
100016851,2026-08-26 01:00:00+00:00,22.0,73.0,0.0,0.0,0.0,tanker
100016851,2026-08-26 01:15:00+00:00,22.0,73.0,0.0,0.0,0.0,tanker
100016851,2026-08-26 01:30:00+00:00,22.0,73.0,0.0,0.0,0.0,tanker
100016851,2026-08-26 01:45:00+00:00,22.0,73.0,0.0,0.0,0.0,tanker
100016851,2026-08-26 02:00:00+00:00,22.0,73.0,0.0,0.0,0.0,tanker
100016851,2026-08-26 02:15:00+00:00,22.0,73.0,0.0,0.0,0.0,tanker
100016851,2026-08-26 02:30:00+00:00,22.0,73.0,0.0,0.0,0.0,tanker
100016851,2026-08-26 02:45:00+00:00,22.0,73.0,0.0,0.0,0.0,tanker
100016851,2026-08-26 03:00:00+00:00,22.0,73.0,0.0,0.0,0.0,tanker
100016851,2026-08-26 03:15:00+00:00,22.0,73.0,0.0,0.0,0.0,tanker
100016851,2026-08-26 03:30:00+00:00,22.0,73.0,0.0,0.0,0.0,tanker
100016851,2026-08-26 03:45:00+00:00,22.0,73.0,0.0,0.0,0.0,tanker
100016851,2026-08-26 04:00:00+00:00,22.0,73.0,0.0,0.0,0.0,tanker
100016851,2026-08-26 04:15:00+00:00,22.0,73.0,0.0,0.0,0.0,tanker
100016851,2026-08-26 04:30:00+00:00,22.0,73.0,0.0,0.0,0.0,tanker
100016851,2026-08-26 04:45:00+00:00,22.0,73.0,0.0,0.0,0.0,tanker
100016851,2026-08-26 05:00:00+00:00,22.0,73.0,0.0,0.0,0.0,tanker
100016851,2026-08-26 05:15:00+00:00,22.0,73.0,0.0,0.0,0.0,tanker
100016851,2026-08-26 05:30:00+00:00,22.0,73.0,0.0,0.0,0.0,tanker
100016851,2026-08-26 05:45:00+00:00,22.0,73.0,0.0,0.0,0.0,tanker
100016851,2026-08-26 06:00:00+00:00,22.0,73.0,0.0,0.0,0.0,tanker
100016851,2026-08-26 06:15:00+00:00,22.0,73.0,0.0,0.0,0.0,tanker
100016851,2026-08-26 06:30:00+00:00,22.0,73.0,0.0,0.0,0.0,tanker
100016851,2026-08-26 06:45:00+00:00,22.0,73.0,0.0,0.0,0.0,tanker
100016851,2026-08-26 07:00:00+00:00,22.0,72.99815214370203,0.21191648565250015,270.0,270.0,tanker
100016851,2026-08-26 07:15:00+00:00,22.0,72.9990300913573,0.10068509217721419,90.0,90.0,tanker
100016851,2026-08-26 07:30:00+00:00,22.0,72.99709510581087,0.2219086718147234,270.0,270.0,tanker
100016851,2026-08-26 07:45:00+00:00,22.0,72.99597611588612,0.1283283838649227,270.0,270.0,tanker
100016851,2026-08-26 08:00:00+00:00,22.0,72.99602471954691,0.0055739815888725215,90.0,90.0,tanker
100016851,2026-08-26 08:15:00+00:00,22.0,72.99580076412258,0.025683732289848646,270.0,270.0,tanker
100016851,2026-08-26 08:30:00+00:00,22.0,72.99954777962925,0.42971650919612325,90.0,90.0,tanker
100016851,2026-08-26 08:45:00+00:00,22.0,73.0,0.05186169065978497,90.0,90.0,tanker
100016851,2026-08-26 09:00:00+00:00,22.0,73.0,0.0,0.0,0.0,tanker
100016851,2026-08-26 09:15:00+00:00,22.0,73.0,0.0,0.0,0.0,tanker
100016851,2026-08-26 09:30:00+00:00,22.0,73.0,0.0,0.0,0.0,tanker
100016851,2026-08-26 09:45:00+00:00,22.0,73.0,0.0,0.0,0.0,tanker
100016851,2026-08-26 10:00:00+00:00,22.0,73.0,0.0,0.0,0.0,tanker
100017284,2026-08-24 10:00:00+00:00,19.38623503926619,71.66952688500935,6.67773012012665,46.877910080472866,46.877910080472866,passenger
100017284,2026-08-24 10:15:00+00:00,19.42427214887242,71.71014282807323,6.67773012012665,46.877910080472866,46.877910080472866,passenger
100017284,2026-08-24 10:30:00+00:00,19.464609302331244,71.74819140632226,6.6776768275512675,43.32764894173761,43.32764894173761,passenger
100017284,2026-08-24 10:45:00+00:00,19.503764188166794,71.78761431239764,6.67770898471627,45.19542886914682,45.19542886914682,passenger
100017284,2026-08-24 11:00:00+00:00,19.543718469042794,71.82613347738074,6.677690491167853,43.95229630949267,43.95229630949267,passenger
100017284,2026-08-24 11:15:00+00:00,19.582715484517067,71.8657514773971,6.6777160826573265,45.452573254720456,45.452573254720456,passenger
100017284,2026-08-24 11:30:00+00:00,19.623321106519125,71.9035145698826,6.677675651855978,42.92272235146099,42.92272235146099,passenger
100017284,2026-08-24 11:45:00+00:00,19.665254459896172,71.93961458352337,6.6776357001466575,40.72483844936334,40.72483844936334,passenger
100017284,2026-08-24 12:00:00+00:00,19.706145577265733,71.9770481707603,6.677670551552935,42.472402122372316,42.472402122372316,passenger
100017284,2026-08-24 12:15:00+00:00,19.74661493926043,72.01500497987527,6.677684580984187,43.165032769576925,43.165032769576925,passenger
100017284,2026-08-24 12:30:00+00:00,19.787626467160248,72.05230868501113,6.677670146520511,42.2893641760937,42.2893641760937,passenger
100017284,2026-08-24 12:45:00+00:00,19.82819985141898,72.09015931152778,6.677684886716445,43.01157973404852,43.01157973404852,passenger
100017284,2026-08-24 13:00:00+00:00,19.86993630006645,72.12656244795679,6.677650164039299,41.09540942272899,41.09540942272899,passenger
100017284,2026-08-24 13:15:00+00:00,19.911540673708128,72.16314572679066,6.677656159704636,41.3255957753507,41.3255957753507,passenger
100017284,2026-08-24 13:30:00+00:00,19.952990279705947,72.19993685200056,6.677662845542955,41.592611697141294,41.592611697141294,passenger
100017284,2026-08-24 13:45:00+00:00,19.99488756003091,72.23615914003712,6.6776495376889295,40.84504955224581,40.84504955224581,passenger
100017284,2026-08-24 14:00:00+00:00,20.037759363837047,72.27107577792296,6.6776160169928005,39.16085040592066,39.16085040592066,passenger
100017284,2026-08-24 14:15:00+00:00,20.080550601275725,72.3061137657145,6.677620626957589,39.31103576908652,39.31103576908652,passenger
100017284,2026-08-24 14:30:00+00:00,20.123404917144203,72.34107381712809,6.677619808986775,39.2071646728494,39.2071646728494,passenger
100017284,2026-08-24 14:45:00+00:00,20.166787301524053,72.37529665785928,6.677600749806712,38.26866918717931,38.26866918717931,passenger
100017284,2026-08-24 15:00:00+00:00,20.211300473050535,72.40783909060254,6.677554406614712,36.16957562648353,36.16957562648353,passenger
100017284,2026-08-24 15:15:00+00:00,20.255800339830305,72.44041150254604,6.677556465683576,36.20287811561732,36.20287811561732,passenger
100017284,2026-08-24 15:30:00+00:00,20.300788580160997,72.47222177621882,6.677535625160995,35.26335710916552,35.26335710916552,passenger
100017284,2026-08-24 15:45:00+00:00,20.34682475661758,72.50228820600887,6.677485837427715,33.148730305791354,33.148730305791354,passenger
100017284,2026-08-24 16:00:00+00:00,20.392818045223546,72.53243819196165,6.677489364441059,33.24604839525406,33.24604839525406,passenger
100017284,2026-08-24 16:15:00+00:00,20.437153157304195,72.5653034300137,6.677569821885957,36.54922288415508,36.54922288415508,passenger
100017284,2026-08-24 16:30:00+00:00,20.481878964813085,72.5975695544162,6.6775536184123885,35.807461162766664,35.807461162766664,passenger
100017284,2026-08-24 16:45:00+00:00,20.524964076331788,72.63229638401144,6.677625464061745,38.86899948233681,38.86899948233681,passenger
100017284,2026-08-24 17:00:00+00:00,20.56553379328627,72.67033108722471,6.677715058657843,43.152835886346864,43.152835886346864,passenger
100017284,2026-08-24 17:15:00+00:00,20.607265974469662,72.70691291436772,6.67767891526732,41.237337087693604,41.237337087693604,passenger
100017284,2026-08-24 17:30:00+00:00,20.648987343564084,72.74351884798445,6.677680918372408,41.263407306727466,41.263407306727466,passenger
100017284,2026-08-24 17:45:00+00:00,20.688083096492637,72.78330752972943,6.677761170614374,45.503278951765935,45.503278951765935,passenger
100017284,2026-08-24 18:00:00+00:00,20.727335822366477,72.82292948947274,6.677758853882185,45.26821517796599,45.26821517796599,passenger
100017284,2026-08-24 18:15:00+00:00,20.766540897544562,72.86261563162013,6.677761770822423,45.349376854770476,45.349376854770476,passenger
100017284,2026-08-24 18:30:00+00:00,20.807841324934866,72.89980169784431,6.677701546142265,41.999229525675766,41.999229525675766,passenger
100017284,2026-08-24 18:45:00+00:00,20.84977970935725,72.93617158014956,6.6776810506211355,40.93254285045659,40.93254285045659,passenger
100017284,2026-08-24 19:00:00+00:00,20.891051090143428,72.9734151283326,6.677705840108125,42.06328867718805,42.06328867718805,passenger
100017284,2026-08-24 19:15:00+00:00,20.929227150736576,73.0,5.6333431428437075,34.85240624343877,34.85240624343877,passenger
100017284,2026-08-24 19:30:00+00:00,20.96766344259016,73.0,4.754142232378622,0.0,0.0,passenger
100017284,2026-08-24 19:45:00+00:00,21.008233581924085,73.0,5.018075456280762,0.0,0.0,passenger
100017284,2026-08-24 20:00:00+00:00,21.050500994771213,73.0,5.228009331269194,0.0,0.0,passenger
100017284,2026-08-24 20:15:00+00:00,21.09281032373598,73.0,5.233193889286394,0.0,0.0,passenger
100017284,2026-08-24 20:30:00+00:00,21.133706690296954,73.0,5.0584261395197565,0.0,0.0,passenger
100017284,2026-08-24 20:45:00+00:00,21.173809094236134,73.0,4.960221785010571,0.0,0.0,passenger
100017284,2026-08-24 21:00:00+00:00,21.213325784414685,73.0,4.8877755007515065,0.0,0.0,passenger
100017284,2026-08-24 21:15:00+00:00,21.25112123262171,73.0,4.674876993784396,0.0,0.0,passenger
100017284,2026-08-24 21:30:00+00:00,21.289873625137076,73.0,4.793240372011783,0.0,0.0,passenger
100017284,2026-08-24 21:45:00+00:00,21.328600960563183,73.0,4.790141088482378,0.0,0.0,passenger
100017284,2026-08-24 22:00:00+00:00,21.36800497649362,73.0,4.873838948195798,0.0,0.0,passenger
100017284,2026-08-24 22:15:00+00:00,21.407756834704323,73.0,4.916863173350541,0.0,0.0,passenger
100017284,2026-08-24 22:30:00+00:00,21.448766742158966,73.0,5.072469886501044,0.0,0.0,passenger
100017284,2026-08-24 22:45:00+00:00,21.49019516564202,73.0,5.124235669037381,0.0,0.0,passenger
100017284,2026-08-24 23:00:00+00:00,21.531657051474493,73.0,5.128374589856454,0.0,0.0,passenger
100017284,2026-08-24 23:15:00+00:00,21.573563674727314,73.0,5.183383667226693,0.0,0.0,passenger
100017284,2026-08-24 23:30:00+00:00,21.615660940472146,73.0,5.206964025238604,0.0,0.0,passenger
100017284,2026-08-24 23:45:00+00:00,21.657276253819088,73.0,5.147351868646138,0.0,0.0,passenger
100017284,2026-08-25 00:00:00+00:00,21.697366457372567,73.0,4.958712732859221,0.0,0.0,passenger
100017284,2026-08-25 00:15:00+00:00,21.735760755446176,73.0,4.74894806839347,0.0,0.0,passenger
100017284,2026-08-25 00:30:00+00:00,21.773133055654846,73.0,4.622538288032368,0.0,0.0,passenger
100017284,2026-08-25 00:45:00+00:00,21.812181883404886,73.0,4.82990611681609,0.0,0.0,passenger
100017284,2026-08-25 01:00:00+00:00,21.851696518734016,73.0,4.887521338709754,0.0,0.0,passenger
100017284,2026-08-25 01:15:00+00:00,21.891561463502434,73.0,4.930850724022527,0.0,0.0,passenger
100017284,2026-08-25 01:30:00+00:00,21.93225077637586,73.0,5.032815898966346,0.0,0.0,passenger
100017284,2026-08-25 01:45:00+00:00,21.972513267719794,73.0,4.980022818229786,0.0,0.0,passenger
100017284,2026-08-25 02:00:00+00:00,22.0,73.0,3.3998033749250265,0.0,0.0,passenger
100017284,2026-08-25 02:15:00+00:00,22.0,73.0,0.0,0.0,0.0,passenger
100017284,2026-08-25 02:30:00+00:00,22.0,73.0,0.0,0.0,0.0,passenger
100017284,2026-08-25 02:45:00+00:00,22.0,73.0,0.0,0.0,0.0,passenger
100017284,2026-08-25 03:00:00+00:00,22.0,73.0,0.0,0.0,0.0,passenger
100017284,2026-08-25 03:15:00+00:00,22.0,73.0,0.0,0.0,0.0,passenger
100017284,2026-08-25 03:30:00+00:00,22.0,73.0,0.0,0.0,0.0,passenger
100017284,2026-08-25 03:45:00+00:00,22.0,73.0,0.0,0.0,0.0,passenger
100017284,2026-08-25 04:00:00+00:00,22.0,73.0,0.0,0.0,0.0,passenger
100017284,2026-08-25 04:15:00+00:00,22.0,73.0,0.0,0.0,0.0,passenger
100017284,2026-08-25 04:30:00+00:00,22.0,73.0,0.0,0.0,0.0,passenger
100017284,2026-08-25 04:45:00+00:00,22.0,73.0,0.0,0.0,0.0,passenger
100017284,2026-08-25 05:00:00+00:00,22.0,73.0,0.0,0.0,0.0,passenger
100017284,2026-08-25 05:15:00+00:00,22.0,73.0,0.0,0.0,0.0,passenger
100017284,2026-08-25 05:30:00+00:00,22.0,73.0,0.0,0.0,0.0,passenger
100017284,2026-08-25 05:45:00+00:00,22.0,73.0,0.0,0.0,0.0,passenger
100017284,2026-08-25 06:00:00+00:00,22.0,73.0,0.0,0.0,0.0,passenger
100017284,2026-08-25 06:15:00+00:00,22.0,73.0,0.0,0.0,0.0,passenger
100017284,2026-08-25 06:30:00+00:00,22.0,73.0,0.0,0.0,0.0,passenger
100017284,2026-08-25 06:45:00+00:00,22.0,73.0,0.0,0.0,0.0,passenger
100017284,2026-08-25 07:00:00+00:00,22.0,73.0,0.0,0.0,0.0,passenger
100017284,2026-08-25 07:15:00+00:00,22.0,73.0,0.0,0.0,0.0,passenger
100017284,2026-08-25 07:30:00+00:00,22.0,73.0,0.0,0.0,0.0,passenger
100017284,2026-08-25 07:45:00+00:00,22.0,73.0,0.0,0.0,0.0,passenger
100017284,2026-08-25 08:00:00+00:00,22.0,73.0,0.0,0.0,0.0,passenger
100017284,2026-08-25 08:15:00+00:00,22.0,73.0,0.0,0.0,0.0,passenger
100017284,2026-08-25 08:30:00+00:00,22.0,73.0,0.0,0.0,0.0,passenger
100017284,2026-08-25 08:45:00+00:00,22.0,73.0,0.0,0.0,0.0,passenger
100017284,2026-08-25 09:00:00+00:00,22.0,73.0,0.0,0.0,0.0,passenger
100017284,2026-08-25 09:15:00+00:00,22.0,73.0,0.0,0.0,0.0,passenger
100017284,2026-08-25 09:30:00+00:00,22.0,73.0,0.0,0.0,0.0,passenger
100017284,2026-08-25 09:45:00+00:00,22.0,73.0,0.0,0.0,0.0,passenger
100017284,2026-08-25 10:00:00+00:00,22.0,73.0,0.0,0.0,0.0,passenger
100017284,2026-08-25 10:15:00+00:00,22.0,73.0,0.0,0.0,0.0,passenger
100017284,2026-08-25 10:30:00+00:00,22.0,73.0,0.0,0.0,0.0,passenger
100017284,2026-08-25 10:45:00+00:00,22.0,73.0,0.0,0.0,0.0,passenger
100017284,2026-08-25 11:00:00+00:00,22.0,73.0,0.0,0.0,0.0,passenger
100017284,2026-08-25 11:15:00+00:00,22.0,73.0,0.0,0.0,0.0,passenger
100017284,2026-08-25 11:30:00+00:00,22.0,73.0,0.0,0.0,0.0,passenger
100017284,2026-08-25 11:45:00+00:00,22.0,73.0,0.0,0.0,0.0,passenger
100017284,2026-08-25 12:00:00+00:00,22.0,73.0,0.0,0.0,0.0,passenger
100017284,2026-08-25 12:15:00+00:00,22.0,73.0,0.0,0.0,0.0,passenger
100017284,2026-08-25 12:30:00+00:00,22.0,73.0,0.0,0.0,0.0,passenger
100017284,2026-08-25 12:45:00+00:00,22.0,73.0,0.0,0.0,0.0,passenger
100017284,2026-08-25 13:00:00+00:00,22.0,73.0,0.0,0.0,0.0,passenger
100017284,2026-08-25 13:15:00+00:00,22.0,73.0,0.0,0.0,0.0,passenger
100017284,2026-08-25 13:30:00+00:00,22.0,73.0,0.0,0.0,0.0,passenger
100017284,2026-08-25 13:45:00+00:00,22.0,73.0,0.0,0.0,0.0,passenger
100017284,2026-08-25 14:00:00+00:00,22.0,73.0,0.0,0.0,0.0,passenger
100017284,2026-08-25 14:15:00+00:00,22.0,73.0,0.0,0.0,0.0,passenger
100017284,2026-08-25 14:30:00+00:00,22.0,73.0,0.0,0.0,0.0,passenger
100017284,2026-08-25 14:45:00+00:00,22.0,73.0,0.0,0.0,0.0,passenger
100017284,2026-08-25 15:00:00+00:00,22.0,73.0,0.0,0.0,0.0,passenger
100017284,2026-08-25 15:15:00+00:00,22.0,73.0,0.0,0.0,0.0,passenger
100017284,2026-08-25 15:30:00+00:00,22.0,73.0,0.0,0.0,0.0,passenger
100017284,2026-08-25 15:45:00+00:00,22.0,73.0,0.0,0.0,0.0,passenger
100017284,2026-08-25 16:00:00+00:00,22.0,73.0,0.0,0.0,0.0,passenger
100017284,2026-08-25 16:15:00+00:00,22.0,73.0,0.0,0.0,0.0,passenger
100017284,2026-08-25 16:30:00+00:00,22.0,73.0,0.0,0.0,0.0,passenger
100017284,2026-08-25 16:45:00+00:00,22.0,73.0,0.0,0.0,0.0,passenger
100017284,2026-08-25 17:00:00+00:00,22.0,73.0,0.0,0.0,0.0,passenger
100017284,2026-08-25 17:15:00+00:00,22.0,73.0,0.0,0.0,0.0,passenger
100017284,2026-08-25 17:30:00+00:00,22.0,73.0,0.0,0.0,0.0,passenger
100017284,2026-08-25 17:45:00+00:00,22.0,73.0,0.0,0.0,0.0,passenger
100017284,2026-08-25 18:00:00+00:00,22.0,73.0,0.0,0.0,0.0,passenger
100017284,2026-08-25 18:15:00+00:00,22.0,73.0,0.0,0.0,0.0,passenger
100017284,2026-08-25 18:30:00+00:00,22.0,73.0,0.0,0.0,0.0,passenger
100017284,2026-08-25 18:45:00+00:00,22.0,73.0,0.0,0.0,0.0,passenger
100017284,2026-08-25 19:00:00+00:00,22.0,73.0,0.0,0.0,0.0,passenger
100017284,2026-08-25 19:15:00+00:00,22.0,73.0,0.0,0.0,0.0,passenger
100017284,2026-08-25 19:30:00+00:00,22.0,73.0,0.0,0.0,0.0,passenger
100017284,2026-08-25 19:45:00+00:00,22.0,73.0,0.0,0.0,0.0,passenger
100017284,2026-08-25 20:00:00+00:00,22.0,73.0,0.0,0.0,0.0,passenger
100017284,2026-08-25 20:15:00+00:00,22.0,73.0,0.0,0.0,0.0,passenger
100017284,2026-08-25 20:30:00+00:00,22.0,73.0,0.0,0.0,0.0,passenger
100017284,2026-08-25 20:45:00+00:00,22.0,73.0,0.0,0.0,0.0,passenger
100017284,2026-08-25 21:00:00+00:00,22.0,73.0,0.0,0.0,0.0,passenger
100017284,2026-08-25 21:15:00+00:00,22.0,73.0,0.0,0.0,0.0,passenger
100017284,2026-08-25 21:30:00+00:00,22.0,73.0,0.0,0.0,0.0,passenger
100017284,2026-08-25 21:45:00+00:00,22.0,73.0,0.0,0.0,0.0,passenger
100017284,2026-08-25 22:00:00+00:00,22.0,73.0,0.0,0.0,0.0,passenger
100017284,2026-08-25 22:15:00+00:00,22.0,73.0,0.0,0.0,0.0,passenger
100017284,2026-08-25 22:30:00+00:00,22.0,73.0,0.0,0.0,0.0,passenger
100017284,2026-08-25 22:45:00+00:00,22.0,73.0,0.0,0.0,0.0,passenger
100017284,2026-08-25 23:00:00+00:00,22.0,73.0,0.0,0.0,0.0,passenger
100017284,2026-08-25 23:15:00+00:00,22.0,73.0,0.0,0.0,0.0,passenger
100017284,2026-08-25 23:30:00+00:00,22.0,73.0,0.0,0.0,0.0,passenger
100017284,2026-08-25 23:45:00+00:00,22.0,73.0,0.0,0.0,0.0,passenger
100017284,2026-08-26 00:00:00+00:00,22.0,73.0,0.0,0.0,0.0,passenger
100017284,2026-08-26 00:15:00+00:00,22.0,73.0,0.0,0.0,0.0,passenger
100017284,2026-08-26 00:30:00+00:00,22.0,73.0,0.0,0.0,0.0,passenger
100017284,2026-08-26 00:45:00+00:00,22.0,73.0,0.0,0.0,0.0,passenger
100017284,2026-08-26 01:00:00+00:00,22.0,73.0,0.0,0.0,0.0,passenger
100017284,2026-08-26 01:15:00+00:00,22.0,73.0,0.0,0.0,0.0,passenger
100017284,2026-08-26 01:30:00+00:00,22.0,73.0,0.0,0.0,0.0,passenger
100017284,2026-08-26 01:45:00+00:00,22.0,73.0,0.0,0.0,0.0,passenger
100017284,2026-08-26 02:00:00+00:00,22.0,73.0,0.0,0.0,0.0,passenger
100017284,2026-08-26 02:15:00+00:00,22.0,73.0,0.0,0.0,0.0,passenger
100017284,2026-08-26 02:30:00+00:00,22.0,73.0,0.0,0.0,0.0,passenger
100017284,2026-08-26 02:45:00+00:00,22.0,73.0,0.0,0.0,0.0,passenger
100017284,2026-08-26 03:00:00+00:00,22.0,73.0,0.0,0.0,0.0,passenger
100017284,2026-08-26 03:15:00+00:00,22.0,73.0,0.0,0.0,0.0,passenger
100017284,2026-08-26 03:30:00+00:00,22.0,73.0,0.0,0.0,0.0,passenger
100017284,2026-08-26 03:45:00+00:00,22.0,73.0,0.0,0.0,0.0,passenger
100017284,2026-08-26 04:00:00+00:00,22.0,73.0,0.0,0.0,0.0,passenger
100017284,2026-08-26 04:15:00+00:00,22.0,73.0,0.0,0.0,0.0,passenger
100017284,2026-08-26 04:30:00+00:00,22.0,73.0,0.0,0.0,0.0,passenger
100017284,2026-08-26 04:45:00+00:00,22.0,73.0,0.0,0.0,0.0,passenger
100017284,2026-08-26 05:00:00+00:00,22.0,73.0,0.0,0.0,0.0,passenger
100017284,2026-08-26 05:15:00+00:00,22.0,73.0,0.0,0.0,0.0,passenger
100017284,2026-08-26 05:30:00+00:00,22.0,73.0,0.0,0.0,0.0,passenger
100017284,2026-08-26 05:45:00+00:00,22.0,73.0,0.0,0.0,0.0,passenger
100017284,2026-08-26 06:00:00+00:00,22.0,73.0,0.0,0.0,0.0,passenger
100017284,2026-08-26 06:15:00+00:00,22.0,73.0,0.0,0.0,0.0,passenger
100017284,2026-08-26 06:30:00+00:00,22.0,73.0,0.0,0.0,0.0,passenger
100017284,2026-08-26 06:45:00+00:00,22.0,73.0,0.0,0.0,0.0,passenger
100017284,2026-08-26 07:00:00+00:00,22.0,73.0,0.0,0.0,0.0,passenger
100017284,2026-08-26 07:15:00+00:00,22.0,73.0,0.0,0.0,0.0,passenger
100017284,2026-08-26 07:30:00+00:00,22.0,73.0,0.0,0.0,0.0,passenger
100017284,2026-08-26 07:45:00+00:00,22.0,73.0,0.0,0.0,0.0,passenger
100017284,2026-08-26 08:00:00+00:00,22.0,73.0,0.0,0.0,0.0,passenger
100017284,2026-08-26 08:15:00+00:00,22.0,73.0,0.0,0.0,0.0,passenger
100017284,2026-08-26 08:30:00+00:00,22.0,73.0,0.0,0.0,0.0,passenger
100017284,2026-08-26 08:45:00+00:00,22.0,73.0,0.0,0.0,0.0,passenger
100017284,2026-08-26 09:00:00+00:00,22.0,73.0,0.0,0.0,0.0,passenger
100017284,2026-08-26 09:15:00+00:00,22.0,73.0,0.0,0.0,0.0,passenger
100017284,2026-08-26 09:30:00+00:00,22.0,73.0,0.0,0.0,0.0,passenger
100017284,2026-08-26 09:45:00+00:00,22.0,73.0,0.0,0.0,0.0,passenger
100017284,2026-08-26 10:00:00+00:00,22.0,73.0,0.0,0.0,0.0,passenger
100018329,2026-08-24 10:00:00+00:00,20.101033675126335,69.31235292560632,4.005691270807851,308.38006743218233,308.38006743218233,cargo
100018329,2026-08-24 10:15:00+00:00,20.121912852640722,69.28599112514684,4.005691270807851,308.38006743218233,308.38006743218233,cargo
100018329,2026-08-24 10:30:00+00:00,20.142353737151158,69.25923905915775,4.005694103032861,307.3829460957582,307.3829460957582,cargo
100018329,2026-08-24 10:45:00+00:00,20.162616665002936,69.23233034378164,4.005695293679251,306.9806510569261,306.9806510569261,cargo
100018329,2026-08-24 11:00:00+00:00,20.18294737229562,69.2054762084902,4.00569532951705,307.1286061270051,307.1286061270051,cargo
100018329,2026-08-24 11:15:00+00:00,20.204569900894057,69.17978947035556,4.005687079213868,310.0899316838479,310.0899316838479,cargo
100018329,2026-08-24 11:30:00+00:00,20.226945764037147,69.15484247005503,4.005679985303545,311.8900738980284,311.8900738980284,cargo
100018329,2026-08-24 11:45:00+00:00,20.248685022803798,69.12926059047128,4.005686773686425,310.3575939146535,310.3575939146535,cargo
100018329,2026-08-24 12:00:00+00:00,20.270204441381022,69.1034648316801,4.005689051068617,309.83564534514045,309.83564534514045,cargo
100018329,2026-08-24 12:15:00+00:00,20.291444173643963,69.07740341242611,4.005691629891643,309.17960550355843,309.17960550355843,cargo
100018329,2026-08-24 12:30:00+00:00,20.312241803622758,69.05093624017161,4.005694999685208,308.1598962700548,308.1598962700548,cargo
100018329,2026-08-24 12:45:00+00:00,20.3332746041367,69.0246776503614,4.00569382346251,308.6942891358822,308.6942891358822,cargo
100018329,2026-08-24 13:00:00+00:00,20.352665775142533,68.9970157692272,4.00570136816974,305.0307227914135,305.0307227914135,cargo
100018329,2026-08-24 13:15:00+00:00,20.372844968733673,68.96999916023756,4.005699256967816,306.7567183507386,306.7567183507386,cargo
100018329,2026-08-24 13:30:00+00:00,20.394485252099887,68.94429791156982,4.005690079484476,310.09715944371976,310.09715944371976,cargo
100018329,2026-08-24 13:45:00+00:00,20.41589766834475,68.91837673669302,4.005692367174516,309.5587112126267,309.5587112126267,cargo
100018329,2026-08-24 14:00:00+00:00,20.4370636201702,68.89222251289436,4.005694626658006,308.9823708556464,308.9823708556464,cargo
100018329,2026-08-24 14:15:00+00:00,20.4583636030623,68.86618889631967,4.00569397227195,309.28907879496165,309.28907879496165,cargo
100018329,2026-08-24 14:30:00+00:00,20.480517852158123,68.84097689660196,4.0056865210194115,311.3063690892259,311.3063690892259,cargo
100018329,2026-08-24 14:45:00+00:00,20.502403327799087,68.81549517346394,4.005689600159906,310.6582769458909,310.6582769458909,cargo
100018329,2026-08-24 15:00:00+00:00,20.52505514180238,68.79078493544938,4.005681574427361,312.51140778237175,312.51140778237175,cargo
100018329,2026-08-24 15:15:00+00:00,20.5480982469291,68.76648704245876,4.005676886433464,313.4817130438206,313.4817130438206,cargo
100018329,2026-08-24 15:30:00+00:00,20.572936556132372,68.74429440080128,4.005647116753252,318.2197093136574,318.2197093136574,cargo
100018329,2026-08-24 15:45:00+00:00,20.59753486885588,68.72179523111149,4.005652181931001,317.55199396873235,317.55199396873235,cargo
100018329,2026-08-24 16:00:00+00:00,20.620623157015853,68.69753477533759,4.005677414640212,313.58187278816706,313.58187278816706,cargo
100018329,2026-08-24 16:15:00+00:00,20.64254730288379,68.67206760133986,4.00569154002036,310.7244571975421,310.7244571975421,cargo
100018329,2026-08-24 16:30:00+00:00,20.664481369931305,68.6466065106738,4.005691804687978,310.7440428668859,310.7440428668859,cargo
100018329,2026-08-24 16:45:00+00:00,20.68725590229362,68.62199904093094,4.005682646086314,312.78466016475784,312.78466016475784,cargo
100018329,2026-08-24 17:00:00+00:00,20.70950023000439,68.59683982737623,4.005689302977839,311.4812621138806,311.4812621138806,cargo
100018329,2026-08-24 17:15:00+00:00,20.731554131522678,68.57148604245916,4.005691697540347,311.01826329795676,311.01826329795676,cargo
100018329,2026-08-24 17:30:00+00:00,20.754168528030103,68.54669945390349,4.005685728699376,312.37620588665135,312.37620588665135,cargo
100018329,2026-08-24 17:45:00+00:00,20.775989295814135,68.52110857166552,4.00569476072391,310.4534788614117,310.4534788614117,cargo
100018329,2026-08-24 18:00:00+00:00,20.797294600841035,68.4950218923899,4.005699635995426,309.23892661128355,309.23892661128355,cargo
100018329,2026-08-24 18:15:00+00:00,20.817588439894852,68.46802454322479,4.005706377869919,306.93209196715634,306.93209196715634,cargo
100018329,2026-08-24 18:30:00+00:00,20.838902682964896,68.44193901816482,4.00570026696687,309.2519429833327,309.2519429833327,cargo
100018329,2026-08-24 18:45:00+00:00,20.861497388420364,68.41711423600526,4.005687707340567,312.30743803454334,312.30743803454334,cargo
100018329,2026-08-24 19:00:00+00:00,20.882779494713095,68.39099106526808,4.005701262900009,309.16912294796293,309.16912294796293,cargo
100018329,2026-08-24 19:15:00+00:00,20.903940201398928,68.36475146380278,4.0057025556216015,308.88414947083197,308.88414947083197,cargo
100018329,2026-08-24 19:30:00+00:00,20.926279016615158,68.33965203496189,4.00569179484305,311.66949474769723,311.66949474769723,cargo
100018329,2026-08-24 19:45:00+00:00,20.948941928641343,68.31488412340532,4.005688276300292,312.4588571405468,312.4588571405468,cargo
100018329,2026-08-24 20:00:00+00:00,20.97120653603488,68.28970167199795,4.005693371655994,311.48092257490737,311.48092257490737,cargo
100018329,2026-08-24 20:15:00+00:00,20.99217024008888,68.2632659125284,4.005705474988834,308.41461199600593,308.41461199600593,cargo
100018329,2026-08-24 20:30:00+00:00,21.014110004764426,68.23775123316804,4.005697545167629,310.69183949101966,310.69183949101966,cargo
100018329,2026-08-24 20:45:00+00:00,21.036347755351564,68.21253057284228,4.005694743050378,311.40351185569057,311.40351185569057,cargo
100018329,2026-08-24 21:00:00+00:00,21.05734630776488,68.18611501547635,4.005706343158552,308.48228625095203,308.48228625095203,cargo
100018329,2026-08-24 21:15:00+00:00,21.079350358857006,68.16065279093345,4.005697969634212,310.8330565042876,310.8330565042876,cargo
100018329,2026-08-24 21:30:00+00:00,21.099993520761153,68.13390985299424,4.005709374632834,307.66493720499926,307.66493720499926,cargo
100018329,2026-08-24 21:45:00+00:00,21.12044404813935,68.10699370381742,4.005710807555106,307.2270800350008,307.2270800350008,cargo
100018329,2026-08-24 22:00:00+00:00,21.140661788422552,68.07987250701184,4.005712308081781,306.7030191343706,306.7030191343706,cargo
100018329,2026-08-24 22:15:00+00:00,21.16227553532505,68.05401471004583,4.005703157733704,309.8912259088624,309.8912259088624,cargo
100018329,2026-08-24 22:30:00+00:00,21.18366865569091,68.02794302736966,4.0057054477880385,309.37059183861794,309.37059183861794,cargo
100018329,2026-08-24 22:45:00+00:00,21.204836296788002,68.00165674805893,4.0057076140268935,308.84356824773926,308.84356824773926,cargo
100018329,2026-08-24 23:00:00+00:00,21.22481439131501,68.0,2.478442551936349,355.2594096013555,355.2594096013555,cargo
100018329,2026-08-24 23:15:00+00:00,21.24421783499841,68.0,2.3999903898176385,0.0,0.0,cargo
100018329,2026-08-24 23:30:00+00:00,21.262873847462604,68.0,2.3075414527935436,0.0,0.0,cargo
100018329,2026-08-24 23:45:00+00:00,21.28081627567838,68.0,2.2192790099779094,0.0,0.0,cargo
100018329,2026-08-25 00:00:00+00:00,21.29876461716868,68.0,2.22001041633351,0.0,0.0,cargo
100018329,2026-08-25 00:15:00+00:00,21.31436074840584,68.0,1.9290681436896364,0.0,0.0,cargo
100018329,2026-08-25 00:30:00+00:00,21.32843982146945,68.0,1.7414249038232965,0.0,0.0,cargo
100018329,2026-08-25 00:45:00+00:00,21.342405778158057,68.0,1.727433665084284,0.0,0.0,cargo
100018329,2026-08-25 01:00:00+00:00,21.356495269798362,68.0,1.7427135659986877,0.0,0.0,cargo
100018329,2026-08-25 01:15:00+00:00,21.370346715939075,68.0,1.7132699826490363,0.0,0.0,cargo
100018329,2026-08-25 01:30:00+00:00,21.38415646662779,68.0,1.7081127185197176,0.0,0.0,cargo
100018329,2026-08-25 01:45:00+00:00,21.397546530685023,68.0,1.656202145390263,0.0,0.0,cargo
100018329,2026-08-25 02:00:00+00:00,21.410917546853952,68.0,1.653846133250154,0.0,0.0,cargo
100018329,2026-08-25 02:15:00+00:00,21.424733964447512,68.0,1.7089373405723332,0.0,0.0,cargo
100018329,2026-08-25 02:30:00+00:00,21.438985497197933,68.0,1.762756250863227,0.0,0.0,cargo
100018329,2026-08-25 02:45:00+00:00,21.452533673087373,68.0,1.6757588222360698,0.0,0.0,cargo
100018329,2026-08-25 03:00:00+00:00,21.467014291237884,68.0,1.791091569460989,0.0,0.0,cargo
100018329,2026-08-25 03:15:00+00:00,21.481653536624062,68.0,1.8107119959881364,0.0,0.0,cargo
100018329,2026-08-25 03:30:00+00:00,21.49752126288378,68.0,1.9626614302574812,0.0,0.0,cargo
100018329,2026-08-25 03:45:00+00:00,21.514780457744152,68.0,2.1347706353962863,0.0,0.0,cargo
100018329,2026-08-25 04:00:00+00:00,21.530638473002178,68.0,1.9614602872482403,0.0,0.0,cargo
100018329,2026-08-25 04:15:00+00:00,21.545642867881465,68.0,1.8558769310692336,0.0,0.0,cargo
100018329,2026-08-25 04:30:00+00:00,21.561456040649873,68.0,1.9559137695323234,0.0,0.0,cargo
100018329,2026-08-25 04:45:00+00:00,21.575601138016882,68.0,1.7495913765505702,0.0,0.0,cargo
100018329,2026-08-25 05:00:00+00:00,21.591172341620616,68.0,1.9259848724085602,0.0,0.0,cargo
100018329,2026-08-25 05:15:00+00:00,21.606401606118677,68.0,1.8836908043601057,0.0,0.0,cargo
100018329,2026-08-25 05:30:00+00:00,21.622201396541914,68.0,1.9542585221275446,0.0,0.0,cargo
100018329,2026-08-25 05:45:00+00:00,21.637886214996016,68.0,1.9400377670117162,0.0,0.0,cargo
100018329,2026-08-25 06:00:00+00:00,21.652176083000285,68.0,1.7674978958169323,0.0,0.0,cargo
100018329,2026-08-25 06:15:00+00:00,21.66752671025118,68.0,1.8987020284108636,0.0,0.0,cargo
100018329,2026-08-25 06:30:00+00:00,21.685540204947593,68.0,2.2280691440050524,0.0,0.0,cargo
100018329,2026-08-25 06:45:00+00:00,21.703067047555777,68.0,2.1678756879367476,0.0,0.0,cargo
100018329,2026-08-25 07:00:00+00:00,21.720286388264245,68.0,2.129841119629672,0.0,0.0,cargo
100018329,2026-08-25 07:15:00+00:00,21.73489975218116,68.0,1.807510745812202,0.0,0.0,cargo
100018329,2026-08-25 07:30:00+00:00,21.750859648805733,68.0,1.9740618802748913,0.0,0.0,cargo
100018329,2026-08-25 07:45:00+00:00,21.767708077072136,68.0,2.083963371795561,0.0,0.0,cargo
100018329,2026-08-25 08:00:00+00:00,21.78285341936613,68.0,1.8733105601860687,0.0,0.0,cargo
100018329,2026-08-25 08:15:00+00:00,21.795898154990812,68.0,1.613488855266209,0.0,0.0,cargo
100018329,2026-08-25 08:30:00+00:00,21.8068975910811,68.0,1.3605080284119948,0.0,0.0,cargo
100018329,2026-08-25 08:45:00+00:00,21.818580099629155,68.0,1.4449965017439483,0.0,0.0,cargo
100018329,2026-08-25 09:00:00+00:00,21.831043974488452,68.0,1.5416428325965346,0.0,0.0,cargo
100018329,2026-08-25 09:15:00+00:00,21.842538240832727,68.0,1.421713032716377,0.0,0.0,cargo
100018329,2026-08-25 09:30:00+00:00,21.854558335572907,68.0,1.4867521627520222,0.0,0.0,cargo
100018329,2026-08-25 09:45:00+00:00,21.86674500403785,68.0,1.5073554816859216,0.0,0.0,cargo
100018329,2026-08-25 10:00:00+00:00,21.878546051203493,68.0,1.4596584116438789,0.0,0.0,cargo
100018329,2026-08-25 10:15:00+00:00,21.891361401380124,68.0,1.5851164240694653,0.0,0.0,cargo
100018329,2026-08-25 10:30:00+00:00,21.902914960443294,68.0,1.429046883235665,0.0,0.0,cargo
100018329,2026-08-25 10:45:00+00:00,21.915670702590017,68.0,1.5777435730813427,0.0,0.0,cargo
100018329,2026-08-25 11:00:00+00:00,21.927665483030925,68.0,1.4836210652020823,0.0,0.0,cargo
100018329,2026-08-25 11:15:00+00:00,21.94150642387718,68.0,1.7119705944500334,0.0,0.0,cargo
100018329,2026-08-25 11:30:00+00:00,21.95431171709461,68.0,1.5838724899602405,0.0,0.0,cargo
100018329,2026-08-25 11:45:00+00:00,21.96675104022262,68.0,1.5386060562334412,0.0,0.0,cargo
100018329,2026-08-25 12:00:00+00:00,21.979251481396208,68.0,1.5461656793821903,0.0,0.0,cargo
100018329,2026-08-25 12:15:00+00:00,21.991806457046778,68.0,1.552910988246039,0.0,0.0,cargo
100018329,2026-08-25 12:30:00+00:00,22.0,68.0,1.0134502239474488,0.0,0.0,cargo
100018329,2026-08-25 12:45:00+00:00,22.0,68.0,0.0,0.0,0.0,cargo
100018329,2026-08-25 13:00:00+00:00,22.0,68.0,0.0,0.0,0.0,cargo
100018329,2026-08-25 13:15:00+00:00,22.0,68.0,0.0,0.0,0.0,cargo
100018329,2026-08-25 13:30:00+00:00,22.0,68.0,0.0,0.0,0.0,cargo
100018329,2026-08-25 13:45:00+00:00,22.0,68.0,0.0,0.0,0.0,cargo
100018329,2026-08-25 14:00:00+00:00,22.0,68.0,0.0,0.0,0.0,cargo
100018329,2026-08-25 14:15:00+00:00,22.0,68.0,0.0,0.0,0.0,cargo
100018329,2026-08-25 14:30:00+00:00,22.0,68.0,0.0,0.0,0.0,cargo
100018329,2026-08-25 14:45:00+00:00,22.0,68.0,0.0,0.0,0.0,cargo
100018329,2026-08-25 15:00:00+00:00,22.0,68.0,0.0,0.0,0.0,cargo
100018329,2026-08-25 15:15:00+00:00,22.0,68.0,0.0,0.0,0.0,cargo
100018329,2026-08-25 15:30:00+00:00,22.0,68.0,0.0,0.0,0.0,cargo
100018329,2026-08-25 15:45:00+00:00,22.0,68.0,0.0,0.0,0.0,cargo
100018329,2026-08-25 16:00:00+00:00,22.0,68.0,0.0,0.0,0.0,cargo
100018329,2026-08-25 16:15:00+00:00,22.0,68.0,0.0,0.0,0.0,cargo
100018329,2026-08-25 16:30:00+00:00,22.0,68.0,0.0,0.0,0.0,cargo
100018329,2026-08-25 16:45:00+00:00,22.0,68.0,0.0,0.0,0.0,cargo
100018329,2026-08-25 17:00:00+00:00,22.0,68.0,0.0,0.0,0.0,cargo
100018329,2026-08-25 17:15:00+00:00,22.0,68.0,0.0,0.0,0.0,cargo
100018329,2026-08-25 17:30:00+00:00,22.0,68.0,0.0,0.0,0.0,cargo
100018329,2026-08-25 17:45:00+00:00,22.0,68.0,0.0,0.0,0.0,cargo
100018329,2026-08-25 18:00:00+00:00,22.0,68.0,0.0,0.0,0.0,cargo
100018329,2026-08-25 18:15:00+00:00,22.0,68.0,0.0,0.0,0.0,cargo
100018329,2026-08-25 18:30:00+00:00,22.0,68.0,0.0,0.0,0.0,cargo
100018329,2026-08-25 18:45:00+00:00,22.0,68.0,0.0,0.0,0.0,cargo
100018329,2026-08-25 19:00:00+00:00,22.0,68.0,0.0,0.0,0.0,cargo
100018329,2026-08-25 19:15:00+00:00,22.0,68.0,0.0,0.0,0.0,cargo
100018329,2026-08-25 19:30:00+00:00,22.0,68.0,0.0,0.0,0.0,cargo
100018329,2026-08-25 19:45:00+00:00,22.0,68.0,0.0,0.0,0.0,cargo
100018329,2026-08-25 20:00:00+00:00,22.0,68.0,0.0,0.0,0.0,cargo
100018329,2026-08-25 20:15:00+00:00,22.0,68.0,0.0,0.0,0.0,cargo
100018329,2026-08-25 20:30:00+00:00,22.0,68.0,0.0,0.0,0.0,cargo
100018329,2026-08-25 20:45:00+00:00,22.0,68.0,0.0,0.0,0.0,cargo
100018329,2026-08-25 21:00:00+00:00,22.0,68.0,0.0,0.0,0.0,cargo
100018329,2026-08-25 21:15:00+00:00,22.0,68.0,0.0,0.0,0.0,cargo
100018329,2026-08-25 21:30:00+00:00,22.0,68.0,0.0,0.0,0.0,cargo
100018329,2026-08-25 21:45:00+00:00,22.0,68.0,0.0,0.0,0.0,cargo
100018329,2026-08-25 22:00:00+00:00,22.0,68.0,0.0,0.0,0.0,cargo
100018329,2026-08-25 22:15:00+00:00,22.0,68.0,0.0,0.0,0.0,cargo
100018329,2026-08-25 22:30:00+00:00,22.0,68.0,0.0,0.0,0.0,cargo
100018329,2026-08-25 22:45:00+00:00,22.0,68.0,0.0,0.0,0.0,cargo
100018329,2026-08-25 23:00:00+00:00,22.0,68.0,0.0,0.0,0.0,cargo
100018329,2026-08-25 23:15:00+00:00,22.0,68.0,0.0,0.0,0.0,cargo
100018329,2026-08-25 23:30:00+00:00,22.0,68.0,0.0,0.0,0.0,cargo
100018329,2026-08-25 23:45:00+00:00,22.0,68.0,0.0,0.0,0.0,cargo
100018329,2026-08-26 00:00:00+00:00,22.0,68.0,0.0,0.0,0.0,cargo
100018329,2026-08-26 00:15:00+00:00,22.0,68.0,0.0,0.0,0.0,cargo
100018329,2026-08-26 00:30:00+00:00,22.0,68.0,0.0,0.0,0.0,cargo
100018329,2026-08-26 00:45:00+00:00,22.0,68.0,0.0,0.0,0.0,cargo
100018329,2026-08-26 01:00:00+00:00,22.0,68.0,0.0,0.0,0.0,cargo
100018329,2026-08-26 01:15:00+00:00,22.0,68.0,0.0,0.0,0.0,cargo
100018329,2026-08-26 01:30:00+00:00,22.0,68.0,0.0,0.0,0.0,cargo
100018329,2026-08-26 01:45:00+00:00,22.0,68.0,0.0,0.0,0.0,cargo
100018329,2026-08-26 02:00:00+00:00,22.0,68.0,0.0,0.0,0.0,cargo
100018329,2026-08-26 02:15:00+00:00,22.0,68.0,0.0,0.0,0.0,cargo
100018329,2026-08-26 02:30:00+00:00,22.0,68.0,0.0,0.0,0.0,cargo
100018329,2026-08-26 02:45:00+00:00,22.0,68.0,0.0,0.0,0.0,cargo
100018329,2026-08-26 03:00:00+00:00,22.0,68.0,0.0,0.0,0.0,cargo
100018329,2026-08-26 03:15:00+00:00,22.0,68.0,0.0,0.0,0.0,cargo
100018329,2026-08-26 03:30:00+00:00,22.0,68.0,0.0,0.0,0.0,cargo
100018329,2026-08-26 03:45:00+00:00,22.0,68.0,0.0,0.0,0.0,cargo
100018329,2026-08-26 04:00:00+00:00,22.0,68.0,0.0,0.0,0.0,cargo
100018329,2026-08-26 04:15:00+00:00,22.0,68.0,0.0,0.0,0.0,cargo
100018329,2026-08-26 04:30:00+00:00,22.0,68.0,0.0,0.0,0.0,cargo
100018329,2026-08-26 04:45:00+00:00,22.0,68.0,0.0,0.0,0.0,cargo
100018329,2026-08-26 05:00:00+00:00,22.0,68.0,0.0,0.0,0.0,cargo
100018329,2026-08-26 05:15:00+00:00,22.0,68.0,0.0,0.0,0.0,cargo
100018329,2026-08-26 05:30:00+00:00,22.0,68.0,0.0,0.0,0.0,cargo
100018329,2026-08-26 05:45:00+00:00,22.0,68.0,0.0,0.0,0.0,cargo
100018329,2026-08-26 06:00:00+00:00,22.0,68.0,0.0,0.0,0.0,cargo
100018329,2026-08-26 06:15:00+00:00,22.0,68.0,0.0,0.0,0.0,cargo
100018329,2026-08-26 06:30:00+00:00,22.0,68.0,0.0,0.0,0.0,cargo
100018329,2026-08-26 06:45:00+00:00,22.0,68.0,0.0,0.0,0.0,cargo
100018329,2026-08-26 07:00:00+00:00,22.0,68.0,0.0,0.0,0.0,cargo
100018329,2026-08-26 07:15:00+00:00,22.0,68.0,0.0,0.0,0.0,cargo
100018329,2026-08-26 07:30:00+00:00,22.0,68.0,0.0,0.0,0.0,cargo
100018329,2026-08-26 07:45:00+00:00,22.0,68.0,0.0,0.0,0.0,cargo
100018329,2026-08-26 08:00:00+00:00,22.0,68.0,0.0,0.0,0.0,cargo
100018329,2026-08-26 08:15:00+00:00,22.0,68.0,0.0,0.0,0.0,cargo
100018329,2026-08-26 08:30:00+00:00,22.0,68.0,0.0,0.0,0.0,cargo
100018329,2026-08-26 08:45:00+00:00,22.0,68.0,0.0,0.0,0.0,cargo
100018329,2026-08-26 09:00:00+00:00,22.0,68.0,0.0,0.0,0.0,cargo
100018329,2026-08-26 09:15:00+00:00,22.0,68.0,0.0,0.0,0.0,cargo
100018329,2026-08-26 09:30:00+00:00,22.0,68.0,0.0,0.0,0.0,cargo
100018329,2026-08-26 09:45:00+00:00,22.0,68.0,0.0,0.0,0.0,cargo
100018329,2026-08-26 10:00:00+00:00,22.0,68.0,0.0,0.0,0.0,cargo
100019481,2026-08-24 10:00:00+00:00,20.507873738114867,69.58038841921632,10.28553185499344,218.20359906264446,218.20359906264446,tanker
100019481,2026-08-24 10:15:00+00:00,20.440937840142468,69.52770825284824,10.28553185499344,218.20359906264446,218.20359906264446,tanker
100019481,2026-08-24 10:30:00+00:00,20.372411649836916,69.47743300963687,10.285642667965824,216.26618013708395,216.26618013708395,tanker
100019481,2026-08-24 10:45:00+00:00,20.303096028469746,69.4284266545007,10.285703759714634,215.2604269282032,215.2604269282032,tanker
100019481,2026-08-24 11:00:00+00:00,20.234621799686686,69.37811569969861,10.285649903562058,216.3063219739233,216.3063219739233,tanker
100019481,2026-08-24 11:15:00+00:00,20.16522593278339,69.32928196007337,10.285719898674412,215.13397828883936,215.13397828883936,tanker
100019481,2026-08-24 11:30:00+00:00,20.09408996260906,69.28339844032146,10.28585584790467,212.82248191807417,212.82248191807417,tanker
100019481,2026-08-24 11:45:00+00:00,20.020096554118584,69.24298114308405,10.286101214058764,208.64461801406554,208.64461801406554,tanker
100019481,2026-08-24 12:00:00+00:00,19.94834119811637,69.19824598639663,10.285914781504886,211.94106244887854,211.94106244887854,tanker
100019481,2026-08-24 12:15:00+00:00,19.879174580061527,69.14913396107573,10.285725180298751,215.3768041384096,215.3768041384096,tanker
100019481,2026-08-24 12:30:00+00:00,19.810924332317658,69.09861481467686,10.285668179280046,216.50901464544052,216.50901464544052,tanker
100019481,2026-08-24 12:45:00+00:00,19.74135707493783,69.05018884657274,10.285763674880195,214.8418875348891,214.8418875348891,tanker
100019481,2026-08-24 13:00:00+00:00,19.67300299669692,68.99987203325216,10.285685878359827,216.35753275771611,216.35753275771611,tanker
100019481,2026-08-24 13:15:00+00:00,19.60625514400813,68.9472012075237,10.285590414136534,218.27702137818784,218.27702137818784,tanker
100019481,2026-08-24 13:30:00+00:00,19.53906957802998,68.89518298219349,10.285622429573824,217.74872147456693,217.74872147456693,tanker
100019481,2026-08-24 13:45:00+00:00,19.47195487253035,68.84308348674982,10.285623649916744,217.82131049774335,217.82131049774335,tanker
100019481,2026-08-24 14:00:00+00:00,19.407013534151655,68.78799434606731,10.285506398925474,220.30763562799223,220.30763562799223,tanker
100019481,2026-08-24 14:15:00+00:00,19.339204936968,68.73695733809426,10.285677221329793,216.96741556910763,216.96741556910763,tanker
100019481,2026-08-24 14:30:00+00:00,19.27311552998776,68.68346889358459,10.285580503964209,218.98444473185296,218.98444473185296,tanker
100019481,2026-08-24 14:45:00+00:00,19.206485110864357,68.63076049450078,10.285617028734158,218.3459738186975,218.3459738186975,tanker
100019481,2026-08-24 15:00:00+00:00,19.13797235735794,68.58085210648412,10.28573788012786,216.07161544001417,216.07161544001417,tanker
100019481,2026-08-24 15:15:00+00:00,19.067808546488788,68.53360364754252,10.285854639509536,213.9564081832685,213.9564081832685,tanker
100019481,2026-08-24 15:30:00+00:00,18.99632898044975,68.48863653306077,10.285955425823328,212.1736071874897,212.1736071874897,tanker
100019481,2026-08-24 15:45:00+00:00,18.92311776081469,68.44692005171787,10.28609578133487,209.67492069261556,209.67492069261556,tanker
100019481,2026-08-24 16:00:00+00:00,18.852484950612936,68.40052040178912,10.285902986332484,213.30145390536842,213.30145390536842,tanker
100019481,2026-08-24 16:15:00+00:00,18.7826153846306,68.35286770250235,10.285854575884715,214.29491430454553,214.29491430454553,tanker
100019481,2026-08-24 16:30:00+00:00,18.714470021578013,68.30252664751661,10.285747599288216,216.45441101289666,216.45441101289666,tanker
100019481,2026-08-24 16:45:00+00:00,18.647273693263134,68.25080350448634,10.28569608514385,217.5866187509136,217.5866187509136,tanker
100019481,2026-08-24 17:00:00+00:00,18.58018226038202,68.19894936237893,10.285695490988683,217.6999946927809,217.6999946927809,tanker
100019481,2026-08-24 17:15:00+00:00,18.513219314139857,68.1469310991763,10.285693625048092,217.84083267797985,217.84083267797985,tanker
100019481,2026-08-24 17:30:00+00:00,18.445578393356403,68.09591781584226,10.285738378106178,217.02278903597724,217.02278903597724,tanker
100019481,2026-08-24 17:45:00+00:00,18.377408168203992,68.04571348141624,10.285775416954282,216.36999133045978,216.36999133045978,tanker
100019481,2026-08-24 18:00:00+00:00,18.306979418005664,68.0,10.231259366173237,212.98656032094019,212.98656032094019,tanker
100019481,2026-08-24 18:15:00+00:00,18.238270998455178,68.0,8.498468071511212,180.0,180.0,tanker
100019481,2026-08-24 18:30:00+00:00,18.166735911024098,68.0,8.848095480919813,180.0,180.0,tanker
100019481,2026-08-24 18:45:00+00:00,18.09368231692354,68.0,9.035917883637785,180.0,180.0,tanker
100019481,2026-08-24 19:00:00+00:00,18.02359850794602,68.0,8.6685884615308,180.0,180.0,tanker
100019481,2026-08-24 19:15:00+00:00,18.0,68.0,2.918873227278737,180.0,180.0,tanker
100019481,2026-08-24 19:30:00+00:00,18.0,68.0,0.0,0.0,0.0,tanker
100019481,2026-08-24 19:45:00+00:00,18.0,68.0,0.0,0.0,0.0,tanker
100019481,2026-08-24 20:00:00+00:00,18.0,68.0,0.0,0.0,0.0,tanker
100019481,2026-08-24 20:15:00+00:00,18.0,68.0,0.0,0.0,0.0,tanker
100019481,2026-08-24 20:30:00+00:00,18.0,68.0,0.0,0.0,0.0,tanker
100019481,2026-08-24 20:45:00+00:00,18.0,68.0,0.0,0.0,0.0,tanker
100019481,2026-08-24 21:00:00+00:00,18.0,68.0,0.0,0.0,0.0,tanker
100019481,2026-08-24 21:15:00+00:00,18.0,68.0,0.0,0.0,0.0,tanker
100019481,2026-08-24 21:30:00+00:00,18.0,68.0,0.0,0.0,0.0,tanker
100019481,2026-08-24 21:45:00+00:00,18.0,68.0,0.0,0.0,0.0,tanker
100019481,2026-08-24 22:00:00+00:00,18.0,68.0,0.0,0.0,0.0,tanker
100019481,2026-08-24 22:15:00+00:00,18.0,68.0,0.0,0.0,0.0,tanker
100019481,2026-08-24 22:30:00+00:00,18.0,68.0,0.0,0.0,0.0,tanker
100019481,2026-08-24 22:45:00+00:00,18.0,68.0,0.0,0.0,0.0,tanker
100019481,2026-08-24 23:00:00+00:00,18.0,68.0,0.0,0.0,0.0,tanker
100019481,2026-08-24 23:15:00+00:00,18.0,68.0,0.0,0.0,0.0,tanker
100019481,2026-08-24 23:30:00+00:00,18.0,68.0,0.0,0.0,0.0,tanker
100019481,2026-08-24 23:45:00+00:00,18.0,68.0,0.0,0.0,0.0,tanker
100019481,2026-08-25 00:00:00+00:00,18.0,68.0,0.0,0.0,0.0,tanker
100019481,2026-08-25 00:15:00+00:00,18.0,68.0,0.0,0.0,0.0,tanker
100019481,2026-08-25 00:30:00+00:00,18.0,68.0,0.0,0.0,0.0,tanker
100019481,2026-08-25 00:45:00+00:00,18.0,68.0,0.0,0.0,0.0,tanker
100019481,2026-08-25 01:00:00+00:00,18.0,68.0,0.0,0.0,0.0,tanker
100019481,2026-08-25 01:15:00+00:00,18.0,68.0,0.0,0.0,0.0,tanker
100019481,2026-08-25 01:30:00+00:00,18.0,68.0,0.0,0.0,0.0,tanker
100019481,2026-08-25 01:45:00+00:00,18.0,68.0,0.0,0.0,0.0,tanker
100019481,2026-08-25 02:00:00+00:00,18.0,68.0,0.0,0.0,0.0,tanker
100019481,2026-08-25 02:15:00+00:00,18.0,68.0,0.0,0.0,0.0,tanker
100019481,2026-08-25 02:30:00+00:00,18.0,68.0,0.0,0.0,0.0,tanker
100019481,2026-08-25 02:45:00+00:00,18.0,68.0,0.0,0.0,0.0,tanker
100019481,2026-08-25 03:00:00+00:00,18.0,68.0,0.0,0.0,0.0,tanker
100019481,2026-08-25 03:15:00+00:00,18.0,68.0,0.0,0.0,0.0,tanker
100019481,2026-08-25 03:30:00+00:00,18.0,68.0,0.0,0.0,0.0,tanker
100019481,2026-08-25 03:45:00+00:00,18.0,68.0,0.0,0.0,0.0,tanker
100019481,2026-08-25 04:00:00+00:00,18.0,68.0,0.0,0.0,0.0,tanker
100019481,2026-08-25 04:15:00+00:00,18.0,68.0,0.0,0.0,0.0,tanker
100019481,2026-08-25 04:30:00+00:00,18.0,68.0,0.0,0.0,0.0,tanker
100019481,2026-08-25 04:45:00+00:00,18.0,68.0,0.0,0.0,0.0,tanker
100019481,2026-08-25 05:00:00+00:00,18.0,68.0,0.0,0.0,0.0,tanker
100019481,2026-08-25 05:15:00+00:00,18.0,68.0,0.0,0.0,0.0,tanker
100019481,2026-08-25 05:30:00+00:00,18.0,68.0,0.0,0.0,0.0,tanker
100019481,2026-08-25 05:45:00+00:00,18.0,68.0,0.0,0.0,0.0,tanker
100019481,2026-08-25 06:00:00+00:00,18.0,68.0,0.0,0.0,0.0,tanker
100019481,2026-08-25 06:15:00+00:00,18.0,68.0,0.0,0.0,0.0,tanker
100019481,2026-08-25 06:30:00+00:00,18.0,68.0,0.0,0.0,0.0,tanker
100019481,2026-08-25 06:45:00+00:00,18.0,68.0,0.0,0.0,0.0,tanker
100019481,2026-08-25 07:00:00+00:00,18.0,68.0,0.0,0.0,0.0,tanker
100019481,2026-08-25 07:15:00+00:00,18.0,68.0,0.0,0.0,0.0,tanker
100019481,2026-08-25 07:30:00+00:00,18.0,68.0,0.0,0.0,0.0,tanker
100019481,2026-08-25 07:45:00+00:00,18.0,68.0,0.0,0.0,0.0,tanker
100019481,2026-08-25 08:00:00+00:00,18.0,68.0,0.0,0.0,0.0,tanker
100019481,2026-08-25 08:15:00+00:00,18.0,68.0,0.0,0.0,0.0,tanker
100019481,2026-08-25 08:30:00+00:00,18.0,68.0,0.0,0.0,0.0,tanker
100019481,2026-08-25 08:45:00+00:00,18.0,68.0,0.0,0.0,0.0,tanker
100019481,2026-08-25 09:00:00+00:00,18.0,68.0,0.0,0.0,0.0,tanker
100019481,2026-08-25 09:15:00+00:00,18.0,68.0,0.0,0.0,0.0,tanker
100019481,2026-08-25 09:30:00+00:00,18.0,68.0,0.0,0.0,0.0,tanker
100019481,2026-08-25 09:45:00+00:00,18.0,68.0,0.0,0.0,0.0,tanker
100019481,2026-08-25 10:00:00+00:00,18.0,68.0,0.0,0.0,0.0,tanker
100019481,2026-08-25 10:15:00+00:00,18.0,68.0,0.0,0.0,0.0,tanker
100019481,2026-08-25 10:30:00+00:00,18.0,68.0,0.0,0.0,0.0,tanker
100019481,2026-08-25 10:45:00+00:00,18.0,68.0,0.0,0.0,0.0,tanker
100019481,2026-08-25 11:00:00+00:00,18.0,68.0,0.0,0.0,0.0,tanker
100019481,2026-08-25 11:15:00+00:00,18.0,68.0,0.0,0.0,0.0,tanker
100019481,2026-08-25 11:30:00+00:00,18.0,68.0,0.0,0.0,0.0,tanker
100019481,2026-08-25 11:45:00+00:00,18.0,68.0,0.0,0.0,0.0,tanker
100019481,2026-08-25 12:00:00+00:00,18.0,68.0,0.0,0.0,0.0,tanker
100019481,2026-08-25 12:15:00+00:00,18.0,68.0,0.0,0.0,0.0,tanker
100019481,2026-08-25 12:30:00+00:00,18.0,68.0,0.0,0.0,0.0,tanker
100019481,2026-08-25 12:45:00+00:00,18.0,68.0,0.0,0.0,0.0,tanker
100019481,2026-08-25 13:00:00+00:00,18.0,68.0,0.0,0.0,0.0,tanker
100019481,2026-08-25 13:15:00+00:00,18.0,68.0,0.0,0.0,0.0,tanker
100019481,2026-08-25 13:30:00+00:00,18.0,68.0,0.0,0.0,0.0,tanker
100019481,2026-08-25 13:45:00+00:00,18.0,68.0,0.0,0.0,0.0,tanker
100019481,2026-08-25 14:00:00+00:00,18.0,68.0,0.0,0.0,0.0,tanker
100019481,2026-08-25 14:15:00+00:00,18.0,68.0,0.0,0.0,0.0,tanker
100019481,2026-08-25 14:30:00+00:00,18.0,68.0,0.0,0.0,0.0,tanker
100019481,2026-08-25 14:45:00+00:00,18.0,68.0,0.0,0.0,0.0,tanker
100019481,2026-08-25 15:00:00+00:00,18.0,68.0,0.0,0.0,0.0,tanker
100019481,2026-08-25 15:15:00+00:00,18.0,68.0,0.0,0.0,0.0,tanker
100019481,2026-08-25 15:30:00+00:00,18.0,68.0,0.0,0.0,0.0,tanker
100019481,2026-08-25 15:45:00+00:00,18.0,68.0,0.0,0.0,0.0,tanker
100019481,2026-08-25 16:00:00+00:00,18.0,68.0,0.0,0.0,0.0,tanker
100019481,2026-08-25 16:15:00+00:00,18.0,68.0,0.0,0.0,0.0,tanker
100019481,2026-08-25 16:30:00+00:00,18.0,68.0,0.0,0.0,0.0,tanker
100019481,2026-08-25 16:45:00+00:00,18.0,68.0,0.0,0.0,0.0,tanker
100019481,2026-08-25 17:00:00+00:00,18.0,68.0,0.0,0.0,0.0,tanker
100019481,2026-08-25 17:15:00+00:00,18.0,68.0,0.0,0.0,0.0,tanker
100019481,2026-08-25 17:30:00+00:00,18.0,68.0,0.0,0.0,0.0,tanker
100019481,2026-08-25 17:45:00+00:00,18.0,68.0,0.0,0.0,0.0,tanker
100019481,2026-08-25 18:00:00+00:00,18.0,68.0,0.0,0.0,0.0,tanker
100019481,2026-08-25 18:15:00+00:00,18.0,68.0,0.0,0.0,0.0,tanker
100019481,2026-08-25 18:30:00+00:00,18.0,68.0,0.0,0.0,0.0,tanker
100019481,2026-08-25 18:45:00+00:00,18.0,68.0,0.0,0.0,0.0,tanker
100019481,2026-08-25 19:00:00+00:00,18.0,68.0,0.0,0.0,0.0,tanker
100019481,2026-08-25 19:15:00+00:00,18.0,68.0,0.0,0.0,0.0,tanker
100019481,2026-08-25 19:30:00+00:00,18.0,68.0,0.0,0.0,0.0,tanker
100019481,2026-08-25 19:45:00+00:00,18.0,68.0,0.0,0.0,0.0,tanker
100019481,2026-08-25 20:00:00+00:00,18.0,68.00077097174405,0.0906933565348932,90.0,90.0,tanker
100019481,2026-08-25 20:15:00+00:00,18.0,68.00419674761095,0.40299156811494263,90.0,90.0,tanker
100019481,2026-08-25 20:30:00+00:00,18.0,68.00630677716202,0.2482135874015085,90.0,90.0,tanker
100019481,2026-08-25 20:45:00+00:00,18.0,68.00573753444148,0.06696293788705243,270.0,270.0,tanker
100019481,2026-08-25 21:00:00+00:00,18.0,68.00645009730607,0.08382242077099576,90.0,90.0,tanker
100019481,2026-08-25 21:15:00+00:00,18.0,68.00924544389316,0.3288309417556757,90.0,90.0,tanker
100019481,2026-08-25 21:30:00+00:00,18.0,68.008319798203,0.10888844533009906,270.0,270.0,tanker
100019481,2026-08-25 21:45:00+00:00,18.0,68.004965982045,0.3945265788531021,270.0,270.0,tanker
100019481,2026-08-25 22:00:00+00:00,18.0,68.0,0.5841739125077622,270.0,270.0,tanker
100019481,2026-08-25 22:15:00+00:00,18.0,68.0,0.0,0.0,0.0,tanker
100019481,2026-08-25 22:30:00+00:00,18.0,68.0,0.0,0.0,0.0,tanker
100019481,2026-08-25 22:45:00+00:00,18.0,68.0,0.0,0.0,0.0,tanker
100019481,2026-08-25 23:00:00+00:00,18.0,68.0,0.0,0.0,0.0,tanker
100019481,2026-08-25 23:15:00+00:00,18.0,68.0,0.0,0.0,0.0,tanker
100019481,2026-08-25 23:30:00+00:00,18.0,68.0,0.0,0.0,0.0,tanker
100019481,2026-08-25 23:45:00+00:00,18.0,68.0,0.0,0.0,0.0,tanker
100019481,2026-08-26 00:00:00+00:00,18.0,68.0027668742571,0.32548159569359914,90.0,90.0,tanker
100019481,2026-08-26 00:15:00+00:00,18.0,68.00520527577817,0.2868416647336656,90.0,90.0,tanker
100019481,2026-08-26 00:30:00+00:00,18.0,68.00596161209178,0.08897171586458077,90.0,90.0,tanker
100019481,2026-08-26 00:45:00+00:00,18.0,68.00457401625269,0.1632300082757364,270.0,270.0,tanker
100019481,2026-08-26 01:00:00+00:00,18.0,68.0013723358621,0.3766300690223916,270.0,270.0,tanker
100019481,2026-08-26 01:15:00+00:00,18.0,68.0,0.16143489899371757,270.0,270.0,tanker
100019481,2026-08-26 01:30:00+00:00,18.0,68.0,0.0,0.0,0.0,tanker
100019481,2026-08-26 01:45:00+00:00,18.0,68.0,0.0,0.0,0.0,tanker
100019481,2026-08-26 02:00:00+00:00,18.0,68.0,0.0,0.0,0.0,tanker
100019481,2026-08-26 02:15:00+00:00,18.0,68.0,0.0,0.0,0.0,tanker
100019481,2026-08-26 02:30:00+00:00,18.0,68.0,0.0,0.0,0.0,tanker
100019481,2026-08-26 02:45:00+00:00,18.0,68.0,0.0,0.0,0.0,tanker
100019481,2026-08-26 03:00:00+00:00,18.0,68.0,0.0,0.0,0.0,tanker
100019481,2026-08-26 03:15:00+00:00,18.0,68.0,0.0,0.0,0.0,tanker
100019481,2026-08-26 03:30:00+00:00,18.0,68.0,0.0,0.0,0.0,tanker
100019481,2026-08-26 03:45:00+00:00,18.0,68.0,0.0,0.0,0.0,tanker
100019481,2026-08-26 04:00:00+00:00,18.0,68.0,0.0,0.0,0.0,tanker
100019481,2026-08-26 04:15:00+00:00,18.0,68.0,0.0,0.0,0.0,tanker
100019481,2026-08-26 04:30:00+00:00,18.0,68.0,0.0,0.0,0.0,tanker
100019481,2026-08-26 04:45:00+00:00,18.0,68.0,0.0,0.0,0.0,tanker
100019481,2026-08-26 05:00:00+00:00,18.0,68.0,0.0,0.0,0.0,tanker
100019481,2026-08-26 05:15:00+00:00,18.0,68.0,0.0,0.0,0.0,tanker
100019481,2026-08-26 05:30:00+00:00,18.0,68.0,0.0,0.0,0.0,tanker
100019481,2026-08-26 05:45:00+00:00,18.0,68.0,0.0,0.0,0.0,tanker
100019481,2026-08-26 06:00:00+00:00,18.0,68.0,0.0,0.0,0.0,tanker
100019481,2026-08-26 06:15:00+00:00,18.0,68.0,0.0,0.0,0.0,tanker
100019481,2026-08-26 06:30:00+00:00,18.0,68.0,0.0,0.0,0.0,tanker
100019481,2026-08-26 06:45:00+00:00,18.0,68.0,0.0,0.0,0.0,tanker
100019481,2026-08-26 07:00:00+00:00,18.0,68.0,0.0,0.0,0.0,tanker
100019481,2026-08-26 07:15:00+00:00,18.0,68.0,0.0,0.0,0.0,tanker
100019481,2026-08-26 07:30:00+00:00,18.0,68.0,0.0,0.0,0.0,tanker
100019481,2026-08-26 07:45:00+00:00,18.0,68.0,0.0,0.0,0.0,tanker
100019481,2026-08-26 08:00:00+00:00,18.0,68.0,0.0,0.0,0.0,tanker
100019481,2026-08-26 08:15:00+00:00,18.0,68.0,0.0,0.0,0.0,tanker
100019481,2026-08-26 08:30:00+00:00,18.0,68.0,0.0,0.0,0.0,tanker
100019481,2026-08-26 08:45:00+00:00,18.0,68.0,0.0,0.0,0.0,tanker
100019481,2026-08-26 09:00:00+00:00,18.0,68.0,0.0,0.0,0.0,tanker
100019481,2026-08-26 09:15:00+00:00,18.0,68.0,0.0,0.0,0.0,tanker
100019481,2026-08-26 09:30:00+00:00,18.0,68.0,0.0,0.0,0.0,tanker
100019481,2026-08-26 09:45:00+00:00,18.0,68.0,0.0,0.0,0.0,tanker
100019481,2026-08-26 10:00:00+00:00,18.0,68.0,0.0,0.0,0.0,tanker
