particle_id,longitude,latitude,mass,water_fraction,age_hours
0,70.75024504882302,20.86169415056889,1.0,0.0,36.0
1,70.74083623249581,20.89100193546482,1.0,0.0,36.0
2,70.75029190182111,20.852902765171695,1.0,0.0,36.0
3,70.77232417945153,20.858088295481114,1.0,0.0,36.0
4,70.72917381498709,20.8435074720455,1.0,0.0,36.0
5,70.72997126054541,20.82654058105858,1.0,0.0,36.0
6,70.71271500440598,20.86964186634249,1.0,0.0,36.0
7,70.74179033937862,20.865427821536304,1.0,0.0,36.0
8,70.7545175095141,20.82118930414294,1.0,0.0,36.0
9,70.73778158912847,20.85362092688508,1.0,0.0,36.0
10,70.73096821483253,20.834530306584888,1.0,0.0,36.0
11,70.73825685096925,20.852145823990227,1.0,0.0,36.0
12,70.73538238631582,20.88182682312544,1.0,0.0,36.0
13,70.72957515545511,20.859835934195413,1.0,0.0,36.0
14,70.75360382287234,20.841402349674837,1.0,0.0,36.0
15,70.72971584851237,20.847760466950685,1.0,0.0,36.0
16,70.74685585192863,20.836281915065285,1.0,0.0,36.0
17,70.7045409966364,20.87704235800906,1.0,0.0,36.0
18,70.76281895815123,20.848551872788896,1.0,0.0,36.0
19,70.72068740396963,20.828508258509455,1.0,0.0,36.0
20,70.73536161837289,20.8405403890904,1.0,0.0,36.0
21,70.7372680872308,20.832371914834823,1.0,0.0,36.0
22,70.74461957876109,20.820623600153585,1.0,0.0,36.0
23,70.70519064084944,20.850524061579126,1.0,0.0,36.0
24,70.74207657540279,20.85538189778878,1.0,0.0,36.0
25,70.73624329467528,20.874801221052536,1.0,0.0,36.0
26,70.75912362404665,20.869536953910238,1.0,0.0,36.0
27,70.73505389240223,20.843842233297508,1.0,0.0,36.0
28,70.75185690811092,20.852818214510897,1.0,0.0,36.0
29,70.76031553042897,20.849395760845685,1.0,0.0,36.0
30,70.73955374902815,20.836359137625134,1.0,0.0,36.0
31,70.7579138640443,20.833613868497654,1.0,0.0,36.0
32,70.74075090513695,20.83442854919078,1.0,0.0,36.0
33,70.74303173486753,20.81448508912293,1.0,0.0,36.0
34,70.74810325543574,20.837953366444953,1.0,0.0,36.0
35,70.72362480116676,20.838035074672053,1.0,0.0,36.0
36,70.74424878956694,20.846931402386414,1.0,0.0,36.0
37,70.75913307017026,20.83752490246351,1.0,0.0,36.0
38,70.74822409072414,20.839732393870282,1.0,0.0,36.0
39,70.72102851999867,20.82446504958306,1.0,0.0,36.0
40,70.73809399568661,20.842094082071185,1.0,0.0,36.0
41,70.71940333424918,20.80911914717659,1.0,0.0,36.0
42,70.743453737479,20.848204936237053,1.0,0.0,36.0
43,70.73895769304937,20.87215971324016,1.0,0.0,36.0
44,70.72081464226805,20.841455423001037,1.0,0.0,36.0
45,70.72965544963117,20.870286393946774,1.0,0.0,36.0
46,70.73732328930082,20.840649432857386,1.0,0.0,36.0
47,70.74511191430118,20.8151574831688,1.0,0.0,36.0
48,70.73342698610149,20.82203881689622,1.0,0.0,36.0
49,70.71528051252936,20.811825583314643,1.0,0.0,36.0
50,70.7513011238148,20.847311061732846,1.0,0.0,36.0
51,70.73977926205977,20.838645703832242,1.0,0.0,36.0
52,70.75068181528171,20.832622318237902,1.0,0.0,36.0
53,70.74830263076173,20.867818263802757,1.0,0.0,36.0
54,70.7346046179374,20.839213579163758,1.0,0.0,36.0
55,70.72835636192937,20.8639160484604,1.0,0.0,36.0
56,70.73738300864012,20.832220584991266,1.0,0.0,36.0
57,70.71824454613993,20.864469439816936,1.0,0.0,36.0
58,70.7373027518554,20.869682390817804,1.0,0.0,36.0
59,70.70789748489999,20.847395385606955,1.0,0.0,36.0
60,70.7171944931812,20.865310347820323,1.0,0.0,36.0
61,70.74686016395201,20.846603377436075,1.0,0.0,36.0
62,70.73922108968307,20.85194395371871,1.0,0.0,36.0
63,70.73250906984025,20.84082029412899,1.0,0.0,36.0
64,70.71837544138246,20.813183677236104,1.0,0.0,36.0
65,70.74815687051027,20.828364496584772,1.0,0.0,36.0
66,70.73030159692962,20.82846929185525,1.0,0.0,36.0
67,70.7419053474831,20.828145701409635,1.0,0.0,36.0
68,70.72615455417025,20.831504163962045,1.0,0.0,36.0
69,70.7357743436477,20.85136376086378,1.0,0.0,36.0
70,70.75201032625306,20.843137221790208,1.0,0.0,36.0
71,70.7509681314138,20.866370657918353,1.0,0.0,36.0
72,70.74914001660613,20.859377343795252,1.0,0.0,36.0
73,70.72886563839388,20.826010105875138,1.0,0.0,36.0
74,70.72537618729515,20.82641237542243,1.0,0.0,36.0
75,70.73832841813463,20.842547458984754,1.0,0.0,36.0
76,70.74170520497766,20.83284036728033,1.0,0.0,36.0
77,70.75716784302685,20.846987998262843,1.0,0.0,36.0
78,70.74797722272602,20.831354907310544,1.0,0.0,36.0
79,70.7271049338249,20.840914255792203,1.0,0.0,36.0
80,70.72107448316483,20.814601997023875,1.0,0.0,36.0
81,70.76029957095051,20.839219966774532,1.0,0.0,36.0
82,70.73279823430902,20.846367668799168,1.0,0.0,36.0
83,70.71443750177428,20.85447697433887,1.0,0.0,36.0
84,70.74283601535636,20.841949294415173,1.0,0.0,36.0
85,70.73508570057238,20.864690401087262,1.0,0.0,36.0
86,70.72097538481216,20.84055515716862,1.0,0.0,36.0
87,70.74384228069465,20.86964583619263,1.0,0.0,36.0
88,70.75052231022208,20.815668158086368,1.0,0.0,36.0
89,70.73912328868988,20.845457720719583,1.0,0.0,36.0
90,70.72628347194036,20.869120397420403,1.0,0.0,36.0
91,70.7608546068408,20.839290120922243,1.0,0.0,36.0
92,70.7451055886444,20.83982450932199,1.0,0.0,36.0
93,70.72675001505226,20.85009017617822,1.0,0.0,36.0
94,70.75500003290655,20.886124153160136,1.0,0.0,36.0
95,70.73025676617105,20.852677988774442,1.0,0.0,36.0
96,70.71183465775441,20.843074019122206,1.0,0.0,36.0
97,70.73535128295906,20.845863325174705,1.0,0.0,36.0
98,70.74773665852301,20.88815815377447,1.0,0.0,36.0
99,70.73531576743783,20.86177858061149,1.0,0.0,36.0
100,70.7416208792983,20.8562510054122,1.0,0.0,36.0
101,70.7200256391282,20.865969403690432,1.0,0.0,36.0
102,70.74479202238565,20.845454601617956,1.0,0.0,36.0
103,70.76430906363053,20.817828049481495,1.0,0.0,36.0
104,70.73264223633437,20.81551515145752,1.0,0.0,36.0
105,70.73534421707726,20.878240917864034,1.0,0.0,36.0
106,70.71776022661129,20.848988133137656,1.0,0.0,36.0
107,70.73998411410966,20.84176857223662,1.0,0.0,36.0
108,70.71546527896578,20.838643320008625,1.0,0.0,36.0
109,70.73022750444814,20.865637890218867,1.0,0.0,36.0
110,70.74436903315781,20.871642908324645,1.0,0.0,36.0
111,70.74513184020705,20.862304977879152,1.0,0.0,36.0
112,70.72025613346776,20.84184555079277,1.0,0.0,36.0
113,70.71650088324243,20.836246023440783,1.0,0.0,36.0
114,70.7349055794368,20.84054588114241,1.0,0.0,36.0
115,70.70774139639539,20.87483377458193,1.0,0.0,36.0
116,70.71188183748679,20.854863259864807,1.0,0.0,36.0
117,70.7264828703794,20.825626423860697,1.0,0.0,36.0
118,70.75621342224123,20.841525916623553,1.0,0.0,36.0
119,70.7493959341485,20.871130251259924,1.0,0.0,36.0
120,70.73477666281158,20.80944421890194,1.0,0.0,36.0
121,70.7554744276126,20.827109301442963,1.0,0.0,36.0
122,70.72694346266809,20.82711399028692,1.0,0.0,36.0
123,70.74351073863004,20.837473972623354,1.0,0.0,36.0
124,70.7622134484065,20.872644328999876,1.0,0.0,36.0
125,70.73493344535194,20.83371659170405,1.0,0.0,36.0
126,70.74643633470892,20.853444367684467,1.0,0.0,36.0
127,70.75537730369761,20.867354344095297,1.0,0.0,36.0
128,70.7366490104824,20.839940035010457,1.0,0.0,36.0
129,70.76430043501969,20.83505908848772,1.0,0.0,36.0
130,70.73283687595185,20.79919980657542,1.0,0.0,36.0
131,70.71724529358306,20.8670340833548,1.0,0.0,36.0
132,70.76405374150649,20.855987778274674,1.0,0.0,36.0
133,70.73488550169301,20.83724863056832,1.0,0.0,36.0
134,70.7440452728885,20.803060141267558,1.0,0.0,36.0
135,70.7343016019693,20.798919627412676,1.0,0.0,36.0
136,70.742302011155,20.83842035879559,1.0,0.0,36.0
137,70.72363423456049,20.832622289361883,1.0,0.0,36.0
138,70.71534553750247,20.8228933499546,1.0,0.0,36.0
139,70.7215105811254,20.84738538138811,1.0,0.0,36.0
140,70.71243212786698,20.840917763602356,1.0,0.0,36.0
141,70.73414318053517,20.859401684651786,1.0,0.0,36.0
142,70.7288593535028,20.813835530205015,1.0,0.0,36.0
143,70.73611992778315,20.867168684658747,1.0,0.0,36.0
144,70.7192125671614,20.85010185168836,1.0,0.0,36.0
145,70.72145962481737,20.848196211623915,1.0,0.0,36.0
146,70.7484025618395,20.818426718268235,1.0,0.0,36.0
147,70.7076045883068,20.852410548303798,1.0,0.0,36.0
148,70.72097602689834,20.856488626801422,1.0,0.0,36.0
149,70.73635336615015,20.856710708533928,1.0,0.0,36.0
150,70.72257007218018,20.8538118693034,1.0,0.0,36.0
151,70.75308463762613,20.867902401380285,1.0,0.0,36.0
152,70.74027958850891,20.844049291414724,1.0,0.0,36.0
153,70.70764806515005,20.8583288642731,1.0,0.0,36.0
154,70.76402141866696,20.833071878291197,1.0,0.0,36.0
155,70.74547657707944,20.846389163027375,1.0,0.0,36.0
156,70.71213547251601,20.8290727751585,1.0,0.0,36.0
157,70.73263717724583,20.8545011823564,1.0,0.0,36.0
158,70.74386596600051,20.868218893629322,1.0,0.0,36.0
159,70.738412132288,20.871715988821883,1.0,0.0,36.0
160,70.75040881634492,20.858817588395237,1.0,0.0,36.0
161,70.76123242585992,20.837171264089566,1.0,0.0,36.0
162,70.72327105601138,20.844804197622445,1.0,0.0,36.0
163,70.73248844382351,20.833393722160263,1.0,0.0,36.0
164,70.75136909902538,20.844608541318546,1.0,0.0,36.0
165,70.72177069404536,20.830290408406494,1.0,0.0,36.0
166,70.73557372513055,20.85302232995766,1.0,0.0,36.0
167,70.71071323245746,20.85416719692239,1.0,0.0,36.0
168,70.7477299543957,20.87230155583545,1.0,0.0,36.0
169,70.72171182992813,20.854521803160406,1.0,0.0,36.0
170,70.72937900818766,20.86451589453035,1.0,0.0,36.0
171,70.75266498573819,20.838556464483172,1.0,0.0,36.0
172,70.74792273500084,20.82834234124613,1.0,0.0,36.0
173,70.75315779365057,20.838193926298956,1.0,0.0,36.0
174,70.73880252582435,20.87743973123107,1.0,0.0,36.0
175,70.76393375085823,20.87087851467207,1.0,0.0,36.0
176,70.72178961152487,20.818689787458787,1.0,0.0,36.0
177,70.74906380493928,20.839071907227943,1.0,0.0,36.0
178,70.75427814093544,20.820135152905102,1.0,0.0,36.0
179,70.741889802139,20.86485373974643,1.0,0.0,36.0
180,70.72861724453094,20.805039014547138,1.0,0.0,36.0
181,70.74844863330573,20.859173600120904,1.0,0.0,36.0
182,70.73627968255006,20.841392577820383,1.0,0.0,36.0
183,70.72911320393962,20.844032621345427,1.0,0.0,36.0
184,70.71875964857702,20.83623253873285,1.0,0.0,36.0
185,70.73386887908191,20.871255669962274,1.0,0.0,36.0
186,70.73702010309387,20.83488811741378,1.0,0.0,36.0
187,70.74702793356153,20.805219129782202,1.0,0.0,36.0
188,70.74117949305506,20.843994758242143,1.0,0.0,36.0
189,70.73725092804227,20.832079231481654,1.0,0.0,36.0
190,70.76302829474031,20.837179387068815,1.0,0.0,36.0
191,70.72053701883932,20.84041034537916,1.0,0.0,36.0
192,70.74536462998896,20.83777406575564,1.0,0.0,36.0
193,70.69773546930898,20.8349462012985,1.0,0.0,36.0
194,70.73438558735394,20.861221440326073,1.0,0.0,36.0
195,70.74078963730612,20.825323665611027,1.0,0.0,36.0
196,70.72144213788248,20.848706503640635,1.0,0.0,36.0
197,70.73313545712408,20.844580173331586,1.0,0.0,36.0
198,70.71932525728157,20.829856380145053,1.0,0.0,36.0
199,70.71895564487212,20.83450470979759,1.0,0.0,36.0
200,70.7344601379783,20.844858747107285,1.0,0.0,36.0
201,70.72967486178156,20.855141413675717,1.0,0.0,36.0
202,70.73045054037726,20.8502707763507,1.0,0.0,36.0
203,70.73542212641418,20.84767432337264,1.0,0.0,36.0
204,70.74821129369863,20.858446624057414,1.0,0.0,36.0
205,70.74711245059254,20.836871242972006,1.0,0.0,36.0
206,70.73126348398453,20.84096203877257,1.0,0.0,36.0
207,70.74356045218255,20.82601398510439,1.0,0.0,36.0
208,70.71588651482458,20.8314274060562,1.0,0.0,36.0
209,70.75148670694816,20.822530756849552,1.0,0.0,36.0
210,70.74389488744576,20.8566344812453,1.0,0.0,36.0
211,70.73771724122653,20.874801218617687,1.0,0.0,36.0
212,70.74210225893353,20.843555839806776,1.0,0.0,36.0
213,70.71427728292964,20.83291736284954,1.0,0.0,36.0
214,70.77711982660354,20.85264116063605,1.0,0.0,36.0
215,70.7456224309458,20.848393711270095,1.0,0.0,36.0
216,70.74163332327382,20.84923871668527,1.0,0.0,36.0
217,70.75442835120006,20.857364792932824,1.0,0.0,36.0
218,70.7410661258012,20.85041528821097,1.0,0.0,36.0
219,70.72005745225704,20.83875144116794,1.0,0.0,36.0
220,70.72142969615956,20.830410013938657,1.0,0.0,36.0
221,70.70551376724984,20.853119739013994,1.0,0.0,36.0
222,70.76076944682777,20.845718709038465,1.0,0.0,36.0
223,70.71731302653147,20.85716330890645,1.0,0.0,36.0
224,70.71437182340487,20.858970838630015,1.0,0.0,36.0
225,70.73508772914145,20.825199197593154,1.0,0.0,36.0
226,70.70295087314913,20.85395769890455,1.0,0.0,36.0
227,70.75353409317601,20.867722902843063,1.0,0.0,36.0
228,70.72701058627725,20.840911514812884,1.0,0.0,36.0
229,70.72995540323113,20.842571496019204,1.0,0.0,36.0
230,70.71261519607147,20.850573825040225,1.0,0.0,36.0
231,70.7231551501503,20.83526568282568,1.0,0.0,36.0
232,70.71502174871242,20.848545627364512,1.0,0.0,36.0
233,70.73052112461596,20.82527236639901,1.0,0.0,36.0
234,70.73392341747692,20.863334543432426,1.0,0.0,36.0
235,70.742344474376,20.858459431608004,1.0,0.0,36.0
236,70.75159844242249,20.828329009521436,1.0,0.0,36.0
237,70.74585111290787,20.828878204315547,1.0,0.0,36.0
238,70.71282255455468,20.867675932044094,1.0,0.0,36.0
239,70.7272385077271,20.831415825144536,1.0,0.0,36.0
240,70.74794565306176,20.827268719440784,1.0,0.0,36.0
241,70.7322610739301,20.835598102734053,1.0,0.0,36.0
242,70.72064159938,20.822563895205974,1.0,0.0,36.0
243,70.72912307810394,20.828718466044386,1.0,0.0,36.0
244,70.74652709282879,20.85585045675465,1.0,0.0,36.0
245,70.75446823209228,20.862236215519758,1.0,0.0,36.0
246,70.74300952050389,20.86630860845545,1.0,0.0,36.0
247,70.71894972104019,20.855708798925647,1.0,0.0,36.0
248,70.7336053609297,20.85904901889488,1.0,0.0,36.0
249,70.7530384352976,20.84080240909939,1.0,0.0,36.0
250,70.72458338392585,20.858449659532592,1.0,0.0,36.0
251,70.74423834442163,20.853486630024953,1.0,0.0,36.0
252,70.72504558815834,20.827304735762258,1.0,0.0,36.0
253,70.74781327014766,20.831563953760973,1.0,0.0,36.0
254,70.73485578749498,20.872580054328946,1.0,0.0,36.0
255,70.73626374789322,20.847089438658614,1.0,0.0,36.0
256,70.7238173248464,20.803591495995907,1.0,0.0,36.0
257,70.72669305313494,20.835576108647125,1.0,0.0,36.0
258,70.75077887504162,20.846834695728095,1.0,0.0,36.0
259,70.74605309834722,20.83245580681454,1.0,0.0,36.0
260,70.73173402367915,20.821142275533404,1.0,0.0,36.0
261,70.76184836320554,20.851518125529527,1.0,0.0,36.0
262,70.74557880337413,20.852854048025907,1.0,0.0,36.0
263,70.73461642880191,20.84178509896088,1.0,0.0,36.0
264,70.74538400385062,20.828415314263662,1.0,0.0,36.0
265,70.74772293598569,20.835088827203947,1.0,0.0,36.0
266,70.73824956463035,20.85000697846657,1.0,0.0,36.0
267,70.75371927889255,20.843687082991323,1.0,0.0,36.0
268,70.71795261949791,20.844418372504773,1.0,0.0,36.0
269,70.7549108753329,20.857839415767366,1.0,0.0,36.0
270,70.73512666779574,20.84783779541521,1.0,0.0,36.0
271,70.74125272508877,20.876319589868295,1.0,0.0,36.0
272,70.74220130988918,20.820045766091567,1.0,0.0,36.0
273,70.72385350691661,20.854546286148032,1.0,0.0,36.0
274,70.73476366915573,20.828538832878834,1.0,0.0,36.0
275,70.73104635855385,20.832955216908747,1.0,0.0,36.0
276,70.73033486775793,20.85017312218711,1.0,0.0,36.0
277,70.73499990903738,20.8745803563393,1.0,0.0,36.0
278,70.74720520530224,20.845229317422028,1.0,0.0,36.0
279,70.73142162363972,20.83478581868525,1.0,0.0,36.0
280,70.74915833362137,20.845549383608024,1.0,0.0,36.0
281,70.74808369595773,20.827413518999332,1.0,0.0,36.0
282,70.71442284809075,20.856645469620165,1.0,0.0,36.0
283,70.72330863647726,20.843450484632264,1.0,0.0,36.0
284,70.72391227912675,20.817902955211967,1.0,0.0,36.0
285,70.7267684683677,20.870541805268022,1.0,0.0,36.0
286,70.72198966537735,20.865536253547003,1.0,0.0,36.0
287,70.73692613505413,20.853005464073817,1.0,0.0,36.0
288,70.7190397806067,20.825728835151956,1.0,0.0,36.0
289,70.72801482972152,20.826130983349163,1.0,0.0,36.0
290,70.7291125873303,20.870194183406348,1.0,0.0,36.0
291,70.72225241107736,20.88630615925327,1.0,0.0,36.0
292,70.71595158835063,20.8692551443412,1.0,0.0,36.0
293,70.72717142146479,20.867471927431783,1.0,0.0,36.0
294,70.72968133324211,20.832726252774375,1.0,0.0,36.0
295,70.71575461074606,20.842478849085758,1.0,0.0,36.0
296,70.74632056809615,20.876039618814435,1.0,0.0,36.0
297,70.71810465410142,20.867305110321745,1.0,0.0,36.0
298,70.75980192864871,20.857994386120946,1.0,0.0,36.0
299,70.73180284041068,20.87058257547133,1.0,0.0,36.0
300,70.74636560582427,20.84435016543494,1.0,0.0,36.0
301,70.75181219684684,20.841597243251684,1.0,0.0,36.0
302,70.73984403277719,20.844106481840843,1.0,0.0,36.0
303,70.73672698664544,20.874319787842033,1.0,0.0,36.0
304,70.7537402006721,20.8833023211708,1.0,0.0,36.0
305,70.71402125579765,20.856378127014715,1.0,0.0,36.0
306,70.74251811255208,20.824515776790214,1.0,0.0,36.0
307,70.71335479497633,20.849125271579563,1.0,0.0,36.0
308,70.72031246858637,20.838297759522014,1.0,0.0,36.0
309,70.73423776441297,20.863116324862553,1.0,0.0,36.0
310,70.73625617759957,20.839351220188185,1.0,0.0,36.0
311,70.7147376864963,20.839198997582777,1.0,0.0,36.0
312,70.75768931435503,20.857377958945747,1.0,0.0,36.0
313,70.73159470207261,20.845752064910997,1.0,0.0,36.0
314,70.74549631280027,20.853812124065676,1.0,0.0,36.0
315,70.72203664918328,20.831261040037848,1.0,0.0,36.0
316,70.75171899240728,20.880954016112913,1.0,0.0,36.0
317,70.74888740163067,20.829950073423955,1.0,0.0,36.0
318,70.73928913114634,20.82776103528029,1.0,0.0,36.0
319,70.75923577926432,20.84349196974996,1.0,0.0,36.0
320,70.74294423035838,20.866158937921053,1.0,0.0,36.0
321,70.76382685926383,20.86356388081235,1.0,0.0,36.0
322,70.74106601940635,20.845829931267488,1.0,0.0,36.0
323,70.74232592905854,20.8793299566028,1.0,0.0,36.0
324,70.73629795125264,20.84847410153405,1.0,0.0,36.0
325,70.6934613538127,20.862416659954068,1.0,0.0,36.0
326,70.72873929608981,20.82268320483425,1.0,0.0,36.0
327,70.74561332813622,20.848054942293615,1.0,0.0,36.0
328,70.73646837144705,20.874367572108497,1.0,0.0,36.0
329,70.73952444844811,20.861498019090426,1.0,0.0,36.0
330,70.7283263606542,20.854355878430855,1.0,0.0,36.0
331,70.72530654505117,20.869944792597536,1.0,0.0,36.0
332,70.72976737655254,20.86674362723244,1.0,0.0,36.0
333,70.75542749058965,20.84751573525153,1.0,0.0,36.0
334,70.73648658700296,20.835872314246796,1.0,0.0,36.0
335,70.75187548935297,20.847755640212906,1.0,0.0,36.0
336,70.74092949154802,20.85247986303704,1.0,0.0,36.0
337,70.73586252144754,20.85067131353456,1.0,0.0,36.0
338,70.71508186927063,20.831236881304328,1.0,0.0,36.0
339,70.72522736398453,20.868797721558515,1.0,0.0,36.0
340,70.70092186341155,20.868948483787637,1.0,0.0,36.0
341,70.74217679640175,20.84229064149043,1.0,0.0,36.0
342,70.75041850589616,20.841099402230363,1.0,0.0,36.0
343,70.73011310981997,20.84069304848727,1.0,0.0,36.0
344,70.73210580090944,20.81439429363718,1.0,0.0,36.0
345,70.7570953131596,20.8174804839002,1.0,0.0,36.0
346,70.73004546643384,20.877840811461663,1.0,0.0,36.0
347,70.73852744205634,20.880471650578947,1.0,0.0,36.0
348,70.74544502711831,20.843096198561582,1.0,0.0,36.0
349,70.73564248523829,20.864550889268305,1.0,0.0,36.0
350,70.71461260905556,20.841106354620464,1.0,0.0,36.0
351,70.72106320074198,20.800500202540388,1.0,0.0,36.0
352,70.74873874059776,20.8245530298149,1.0,0.0,36.0
353,70.7440132635806,20.8358828255951,1.0,0.0,36.0
354,70.73861364626326,20.832041988011802,1.0,0.0,36.0
355,70.71811400705452,20.875195538113868,1.0,0.0,36.0
356,70.72953248449937,20.8567859412617,1.0,0.0,36.0
357,70.70807966148472,20.869731036273457,1.0,0.0,36.0
358,70.73760783377595,20.839073493848634,1.0,0.0,36.0
359,70.75140741799541,20.840712922096643,1.0,0.0,36.0
360,70.74035661742462,20.841810237204378,1.0,0.0,36.0
361,70.71821813796109,20.85055437081714,1.0,0.0,36.0
362,70.74791925740018,20.853993584066263,1.0,0.0,36.0
363,70.72061233391736,20.841837891232842,1.0,0.0,36.0
364,70.72549414843373,20.84876452813197,1.0,0.0,36.0
365,70.75312081966534,20.818397983519358,1.0,0.0,36.0
366,70.75303844449216,20.86399673164179,1.0,0.0,36.0
367,70.73954781078564,20.822837343993953,1.0,0.0,36.0
368,70.74318047661579,20.81631367550213,1.0,0.0,36.0
369,70.70637590938547,20.869929998768427,1.0,0.0,36.0
370,70.7348670276491,20.870879221753462,1.0,0.0,36.0
371,70.74838783439225,20.852271792202824,1.0,0.0,36.0
372,70.73772033672797,20.816011219999343,1.0,0.0,36.0
373,70.74636607753482,20.81373932397496,1.0,0.0,36.0
374,70.7311047982352,20.8333068389555,1.0,0.0,36.0
375,70.75768119325048,20.83602841977796,1.0,0.0,36.0
376,70.73806991239343,20.853032465241498,1.0,0.0,36.0
377,70.73086694215056,20.852719893956692,1.0,0.0,36.0
378,70.73022853102728,20.856540878355077,1.0,0.0,36.0
379,70.7312289141959,20.859648144882552,1.0,0.0,36.0
380,70.76664789860169,20.819372328901807,1.0,0.0,36.0
381,70.74904049092268,20.83630269444048,1.0,0.0,36.0
382,70.73729642247555,20.8337730544829,1.0,0.0,36.0
383,70.72436816353738,20.83477638000667,1.0,0.0,36.0
384,70.7275151141924,20.84457497729978,1.0,0.0,36.0
385,70.72617238896865,20.855016384495777,1.0,0.0,36.0
386,70.70876586448249,20.829241226538493,1.0,0.0,36.0
387,70.73031165441346,20.849981554456527,1.0,0.0,36.0
388,70.75593924378869,20.854066644178964,1.0,0.0,36.0
389,70.72433404359342,20.858735223488225,1.0,0.0,36.0
390,70.73401524317315,20.822686233531183,1.0,0.0,36.0
391,70.72032840577052,20.8428647356403,1.0,0.0,36.0
392,70.71648516734206,20.860086679250355,1.0,0.0,36.0
393,70.71233720153523,20.863085822127232,1.0,0.0,36.0
394,70.7520119354948,20.82881626383157,1.0,0.0,36.0
395,70.73675397937006,20.826390919217843,1.0,0.0,36.0
396,70.74158682956383,20.830239825500712,1.0,0.0,36.0
397,70.74322378086119,20.870070916545547,1.0,0.0,36.0
398,70.76358859560133,20.837715495198164,1.0,0.0,36.0
399,70.72082056172229,20.824398211991124,1.0,0.0,36.0
400,70.74742935144793,20.859212687483627,1.0,0.0,36.0
401,70.75119669758587,20.819414874093937,1.0,0.0,36.0
402,70.74325231102507,20.85766872866814,1.0,0.0,36.0
403,70.71069183554957,20.842630650907576,1.0,0.0,36.0
404,70.74816025028109,20.862878167842105,1.0,0.0,36.0
405,70.75049334416389,20.858024699274658,1.0,0.0,36.0
406,70.72250163573312,20.799140015705195,1.0,0.0,36.0
407,70.73992265745972,20.84807467358936,1.0,0.0,36.0
408,70.70456038103423,20.84022604191297,1.0,0.0,36.0
409,70.7532908959295,20.848276153719034,1.0,0.0,36.0
410,70.71597636012801,20.845640427743554,1.0,0.0,36.0
411,70.73481007326089,20.82388817481953,1.0,0.0,36.0
412,70.75771901447034,20.843113961518753,1.0,0.0,36.0
413,70.72700005534384,20.864638823814232,1.0,0.0,36.0
414,70.73279442998486,20.833700258411056,1.0,0.0,36.0
415,70.73772468652236,20.850588548885334,1.0,0.0,36.0
416,70.73353108736906,20.841733589196334,1.0,0.0,36.0
417,70.75002508041624,20.837863873989733,1.0,0.0,36.0
418,70.74239806726258,20.83815482325495,1.0,0.0,36.0
419,70.74629253220097,20.828378815565138,1.0,0.0,36.0
420,70.71800731891743,20.807376541058325,1.0,0.0,36.0
421,70.73211470888656,20.83728566445837,1.0,0.0,36.0
422,70.75167826214738,20.864136817373993,1.0,0.0,36.0
423,70.73567392241517,20.843348335841384,1.0,0.0,36.0
424,70.67890201491129,20.854570907385295,1.0,0.0,36.0
425,70.72913190724505,20.848334062745995,1.0,0.0,36.0
426,70.74195452250493,20.81674056914258,1.0,0.0,36.0
427,70.73499381431081,20.876548606174147,1.0,0.0,36.0
428,70.75402965513528,20.82330307287582,1.0,0.0,36.0
429,70.75749912407937,20.832672808806603,1.0,0.0,36.0
430,70.7280786191514,20.854826119476723,1.0,0.0,36.0
431,70.74095736793258,20.852809418455386,1.0,0.0,36.0
432,70.70208922135782,20.853950120202168,1.0,0.0,36.0
433,70.72943367448345,20.864239118643628,1.0,0.0,36.0
434,70.71446733698966,20.881875534314,1.0,0.0,36.0
435,70.7215130189899,20.861981462497095,1.0,0.0,36.0
436,70.75243655053731,20.8640493951981,1.0,0.0,36.0
437,70.76481837405754,20.820186937948815,1.0,0.0,36.0
438,70.7420112090666,20.85376213556047,1.0,0.0,36.0
439,70.72227289284511,20.8459768406186,1.0,0.0,36.0
440,70.72518026404772,20.84407698910458,1.0,0.0,36.0
441,70.72452728952636,20.867591149309316,1.0,0.0,36.0
442,70.71296741225304,20.823594553924043,1.0,0.0,36.0
443,70.72482544070374,20.82279432120382,1.0,0.0,36.0
444,70.74870279059331,20.859230831599387,1.0,0.0,36.0
445,70.72118061310272,20.82444530257339,1.0,0.0,36.0
446,70.74284669097013,20.7975990090338,1.0,0.0,36.0
447,70.74322533412541,20.8248544783554,1.0,0.0,36.0
448,70.70154530277478,20.819965855049027,1.0,0.0,36.0
449,70.75796528185916,20.858678978947438,1.0,0.0,36.0
450,70.71882225242034,20.826749048499913,1.0,0.0,36.0
451,70.73958632234557,20.87101666155345,1.0,0.0,36.0
452,70.72022016387491,20.839666671531702,1.0,0.0,36.0
453,70.73711209384759,20.852713649645437,1.0,0.0,36.0
454,70.713988721265,20.831069163121487,1.0,0.0,36.0
455,70.76498309339716,20.8810189752327,1.0,0.0,36.0
456,70.7464847157865,20.84399475273445,1.0,0.0,36.0
457,70.74288160182874,20.851481220388564,1.0,0.0,36.0
458,70.74160076664248,20.844207231006006,1.0,0.0,36.0
459,70.73636641028313,20.862539225015176,1.0,0.0,36.0
460,70.73154511609197,20.836971765363447,1.0,0.0,36.0
461,70.71985125662361,20.831594515221827,1.0,0.0,36.0
462,70.72354249660482,20.8459724857557,1.0,0.0,36.0
463,70.73969793912514,20.866390827689468,1.0,0.0,36.0
464,70.7335339646614,20.850086489407254,1.0,0.0,36.0
465,70.73923631056795,20.85513571065412,1.0,0.0,36.0
466,70.71212320455348,20.83750767202895,1.0,0.0,36.0
467,70.72614620647249,20.853178630666797,1.0,0.0,36.0
468,70.72824338309621,20.83370930273478,1.0,0.0,36.0
469,70.72507098693889,20.841352074674113,1.0,0.0,36.0
470,70.7247944122734,20.86674739526355,1.0,0.0,36.0
471,70.75372056203844,20.885360251851804,1.0,0.0,36.0
472,70.71505246808005,20.856054254778897,1.0,0.0,36.0
473,70.72587664237436,20.84332641828984,1.0,0.0,36.0
474,70.73297884588105,20.879059364640792,1.0,0.0,36.0
475,70.73192005335517,20.83931543598514,1.0,0.0,36.0
476,70.7391117432129,20.864616646396556,1.0,0.0,36.0
477,70.73937896439935,20.854502187116765,1.0,0.0,36.0
478,70.72615907718054,20.843902889826662,1.0,0.0,36.0
479,70.75024077138865,20.890869755427683,1.0,0.0,36.0
480,70.75881788227899,20.852949476175766,1.0,0.0,36.0
481,70.73409506385099,20.838729981211518,1.0,0.0,36.0
482,70.73392349581557,20.86085747763931,1.0,0.0,36.0
483,70.7176644281589,20.814030911386464,1.0,0.0,36.0
484,70.74024526119429,20.823758385233408,1.0,0.0,36.0
485,70.7439483232148,20.85367431644171,1.0,0.0,36.0
486,70.72218997153531,20.850045899290922,1.0,0.0,36.0
487,70.74341580560612,20.866464862883277,1.0,0.0,36.0
488,70.72812676320807,20.85144913013512,1.0,0.0,36.0
489,70.73804213283664,20.82833769421956,1.0,0.0,36.0
490,70.70708165648162,20.822855848680224,1.0,0.0,36.0
491,70.7559782165447,20.845922899333654,1.0,0.0,36.0
492,70.73736326373998,20.84677314640544,1.0,0.0,36.0
493,70.73791768963795,20.849194150175677,1.0,0.0,36.0
494,70.72881294318272,20.865393133963284,1.0,0.0,36.0
495,70.70600706021936,20.851119555019515,1.0,0.0,36.0
496,70.71415149937454,20.838207395974045,1.0,0.0,36.0
497,70.72135897952906,20.836078015236037,1.0,0.0,36.0
498,70.72420325724336,20.856019367155458,1.0,0.0,36.0
499,70.70876561921493,20.857336702227226,1.0,0.0,36.0
500,70.75108255125325,20.831648283130292,1.0,0.0,36.0
501,70.72631208603667,20.818076151478596,1.0,0.0,36.0
502,70.72430380954573,20.84372462328331,1.0,0.0,36.0
503,70.72479970237785,20.887372635139513,1.0,0.0,36.0
504,70.72619508125673,20.85916877296648,1.0,0.0,36.0
505,70.74747852493243,20.85975591691096,1.0,0.0,36.0
506,70.77125503248203,20.839059610088217,1.0,0.0,36.0
507,70.75423411203808,20.837452047842113,1.0,0.0,36.0
508,70.72188964228921,20.83924083121858,1.0,0.0,36.0
509,70.76260709802064,20.828898248329175,1.0,0.0,36.0
510,70.75443583218703,20.861544724155973,1.0,0.0,36.0
511,70.73303103453289,20.860289310661255,1.0,0.0,36.0
512,70.73351765731651,20.83543270977524,1.0,0.0,36.0
513,70.73967577740359,20.875494570440654,1.0,0.0,36.0
514,70.73940969421871,20.87875455104074,1.0,0.0,36.0
515,70.73883654557528,20.839266045940906,1.0,0.0,36.0
516,70.72994616732903,20.835800955481506,1.0,0.0,36.0
517,70.755643161366,20.846974081807222,1.0,0.0,36.0
518,70.71210487363327,20.847025290433578,1.0,0.0,36.0
519,70.75161014908959,20.860501566159837,1.0,0.0,36.0
520,70.72099353552233,20.85564455886438,1.0,0.0,36.0
521,70.73605201390704,20.85046905662939,1.0,0.0,36.0
522,70.74984805803882,20.826512153635704,1.0,0.0,36.0
523,70.72804542393185,20.833718043589123,1.0,0.0,36.0
524,70.72924160857255,20.86758282303148,1.0,0.0,36.0
525,70.75667401887159,20.835750157576026,1.0,0.0,36.0
526,70.70910732983388,20.848881902261247,1.0,0.0,36.0
527,70.75073572541545,20.86383723266682,1.0,0.0,36.0
528,70.73987441466954,20.82863806738483,1.0,0.0,36.0
529,70.74642560986764,20.82250058107618,1.0,0.0,36.0
530,70.7411642969619,20.82702234748841,1.0,0.0,36.0
531,70.71764474335303,20.83775262281404,1.0,0.0,36.0
532,70.74183916907522,20.83722403418697,1.0,0.0,36.0
533,70.72586938085811,20.86028239754683,1.0,0.0,36.0
534,70.74845553515443,20.83580462888817,1.0,0.0,36.0
535,70.71934010486844,20.850125394323,1.0,0.0,36.0
536,70.71710800168212,20.84649206397998,1.0,0.0,36.0
537,70.72062532223802,20.821180256018398,1.0,0.0,36.0
538,70.7404477573959,20.82459210439195,1.0,0.0,36.0
539,70.72276290933337,20.86116949087492,1.0,0.0,36.0
540,70.74476126429961,20.8408945166382,1.0,0.0,36.0
541,70.7438249231564,20.868320954981854,1.0,0.0,36.0
542,70.72716837692386,20.877092545188322,1.0,0.0,36.0
543,70.73836027473162,20.83769416495297,1.0,0.0,36.0
544,70.75852182782276,20.85507762204671,1.0,0.0,36.0
545,70.73658430297836,20.8537272436805,1.0,0.0,36.0
546,70.73423391443806,20.834919809749888,1.0,0.0,36.0
547,70.7376236374123,20.83687974476386,1.0,0.0,36.0
548,70.74306333733611,20.84160793287043,1.0,0.0,36.0
549,70.72703671983867,20.870050247139293,1.0,0.0,36.0
550,70.72978158224386,20.890753327149135,1.0,0.0,36.0
551,70.76049780777949,20.849116584208346,1.0,0.0,36.0
552,70.74101251977524,20.831363818852083,1.0,0.0,36.0
553,70.73031168246715,20.84904948963463,1.0,0.0,36.0
554,70.74689842925989,20.834039599731735,1.0,0.0,36.0
555,70.75347173332409,20.847806048505397,1.0,0.0,36.0
556,70.73602937650192,20.85669770423609,1.0,0.0,36.0
557,70.716900118564,20.85024666478495,1.0,0.0,36.0
558,70.74624151590886,20.821284567856875,1.0,0.0,36.0
559,70.73186503776132,20.835379941570093,1.0,0.0,36.0
560,70.76228505290115,20.827777722922608,1.0,0.0,36.0
561,70.74600764784901,20.791306273652058,1.0,0.0,36.0
562,70.74361415704847,20.82997077567588,1.0,0.0,36.0
563,70.75535943590238,20.860513959551913,1.0,0.0,36.0
564,70.73940979014124,20.850368519568935,1.0,0.0,36.0
565,70.7551878501927,20.85352845606502,1.0,0.0,36.0
566,70.72709516093408,20.83705656184592,1.0,0.0,36.0
567,70.73985328580278,20.824932325873558,1.0,0.0,36.0
568,70.75335996996407,20.842697626898723,1.0,0.0,36.0
569,70.71494523083557,20.846541083766922,1.0,0.0,36.0
570,70.75171223274481,20.866230892345254,1.0,0.0,36.0
571,70.73089517319661,20.85882248302952,1.0,0.0,36.0
572,70.75405209981191,20.86160683165052,1.0,0.0,36.0
573,70.70861597476892,20.852653355684726,1.0,0.0,36.0
574,70.72897130078344,20.829160933142266,1.0,0.0,36.0
575,70.73526575778205,20.81590653765901,1.0,0.0,36.0
576,70.7264725354465,20.848453682100832,1.0,0.0,36.0
577,70.74356563837297,20.84773009191184,1.0,0.0,36.0
578,70.73050068049702,20.849354786065017,1.0,0.0,36.0
579,70.77167222048801,20.853759718864204,1.0,0.0,36.0
580,70.71481186858139,20.856879536842413,1.0,0.0,36.0
581,70.74284637358078,20.845039702701243,1.0,0.0,36.0
582,70.74428497905512,20.838380618784722,1.0,0.0,36.0
583,70.75367154809038,20.823847311296017,1.0,0.0,36.0
584,70.74852602178724,20.86933976523682,1.0,0.0,36.0
585,70.71714868686976,20.85081150419339,1.0,0.0,36.0
586,70.74160719116934,20.81450126836257,1.0,0.0,36.0
587,70.74312782164849,20.86865665528189,1.0,0.0,36.0
588,70.73873551626633,20.860182556816014,1.0,0.0,36.0
589,70.74983230761497,20.82413867549037,1.0,0.0,36.0
590,70.73740549808089,20.814258617954017,1.0,0.0,36.0
591,70.74788887910624,20.846262059060585,1.0,0.0,36.0
592,70.73831215028306,20.85172107306055,1.0,0.0,36.0
593,70.70345446964427,20.83946414016082,1.0,0.0,36.0
594,70.74664006996693,20.851052023576916,1.0,0.0,36.0
595,70.72610980152811,20.856322316409443,1.0,0.0,36.0
596,70.74944393333197,20.84687557883456,1.0,0.0,36.0
597,70.76696856178762,20.8421039453093,1.0,0.0,36.0
598,70.72366952042839,20.83930516657579,1.0,0.0,36.0
599,70.74845565567347,20.870692029045383,1.0,0.0,36.0
600,70.75412322840886,20.856961132996766,1.0,0.0,36.0
601,70.73735076628722,20.842430808137017,1.0,0.0,36.0
602,70.72571914040647,20.86913629944283,1.0,0.0,36.0
603,70.71783219372232,20.82843243542323,1.0,0.0,36.0
604,70.74791916702588,20.827667076348213,1.0,0.0,36.0
605,70.74082991606909,20.850824611082256,1.0,0.0,36.0
606,70.76151466141705,20.817213720873607,1.0,0.0,36.0
607,70.74590955653932,20.849470185802137,1.0,0.0,36.0
608,70.7494559637393,20.84306400285426,1.0,0.0,36.0
609,70.74464660413005,20.847368288380636,1.0,0.0,36.0
610,70.72671235308393,20.84643572874709,1.0,0.0,36.0
611,70.74331645834641,20.854306255132343,1.0,0.0,36.0
612,70.74801075323248,20.834372619349672,1.0,0.0,36.0
613,70.73902378062108,20.864984003186787,1.0,0.0,36.0
614,70.72143531131064,20.857023807243277,1.0,0.0,36.0
615,70.74235932577861,20.834073783681937,1.0,0.0,36.0
616,70.74914674568811,20.823114894047627,1.0,0.0,36.0
617,70.72886735245956,20.872622774568864,1.0,0.0,36.0
618,70.71684672097938,20.82173645308516,1.0,0.0,36.0
619,70.72530564492841,20.837861367998844,1.0,0.0,36.0
620,70.7226528833759,20.83073641493999,1.0,0.0,36.0
621,70.73005048145286,20.855558907224726,1.0,0.0,36.0
622,70.75464801682232,20.835929560091014,1.0,0.0,36.0
623,70.72414309988947,20.839882779848583,1.0,0.0,36.0
624,70.71671783045196,20.805785603903644,1.0,0.0,36.0
625,70.73046804843804,20.847164294978544,1.0,0.0,36.0
626,70.73425806851526,20.822032096048314,1.0,0.0,36.0
627,70.71959086627152,20.84831792613003,1.0,0.0,36.0
628,70.72918738661825,20.85012816990314,1.0,0.0,36.0
629,70.74958522059875,20.819944687820534,1.0,0.0,36.0
630,70.7486292135336,20.83107192498835,1.0,0.0,36.0
631,70.74646622941087,20.86555432648668,1.0,0.0,36.0
632,70.70828712438554,20.8647059957536,1.0,0.0,36.0
633,70.73431786423787,20.84266118710913,1.0,0.0,36.0
634,70.76089725300974,20.859066659470777,1.0,0.0,36.0
635,70.71999536474218,20.846782912703656,1.0,0.0,36.0
636,70.73512872406644,20.858020139185346,1.0,0.0,36.0
637,70.71780421762485,20.81525860981223,1.0,0.0,36.0
638,70.72155167620157,20.83907686708964,1.0,0.0,36.0
639,70.7322885398603,20.856913327507904,1.0,0.0,36.0
640,70.73042555601654,20.86368290374091,1.0,0.0,36.0
641,70.72059595505296,20.845640331951905,1.0,0.0,36.0
642,70.74685971559812,20.834794254985418,1.0,0.0,36.0
643,70.73293820589589,20.830143416716904,1.0,0.0,36.0
644,70.75101769409252,20.864435315720712,1.0,0.0,36.0
645,70.73199114817118,20.839441015089612,1.0,0.0,36.0
646,70.747536483223,20.840569803968894,1.0,0.0,36.0
647,70.76519435381019,20.823791901978613,1.0,0.0,36.0
648,70.73362099791588,20.832047327415918,1.0,0.0,36.0
649,70.71425162499325,20.870937898849572,1.0,0.0,36.0
650,70.74827164817901,20.876608652984928,1.0,0.0,36.0
651,70.74082560129035,20.845219249723115,1.0,0.0,36.0
652,70.74076349247389,20.849935672828842,1.0,0.0,36.0
653,70.73696602463254,20.851314265993185,1.0,0.0,36.0
654,70.7470863351936,20.841233207381823,1.0,0.0,36.0
655,70.74922820384508,20.84514277145749,1.0,0.0,36.0
656,70.7509547931118,20.852946473106712,1.0,0.0,36.0
657,70.7278882901581,20.867403857589412,1.0,0.0,36.0
658,70.75392423910974,20.828572696293865,1.0,0.0,36.0
659,70.73499658797365,20.84545090283563,1.0,0.0,36.0
660,70.72215562712616,20.851962151395128,1.0,0.0,36.0
661,70.71979227433808,20.819112784083153,1.0,0.0,36.0
662,70.72035521504998,20.868028723060384,1.0,0.0,36.0
663,70.73557775469627,20.84674441632905,1.0,0.0,36.0
664,70.72575293061169,20.856692310483275,1.0,0.0,36.0
665,70.7450270719117,20.84350136616885,1.0,0.0,36.0
666,70.72377671984098,20.846133199745157,1.0,0.0,36.0
667,70.72269795316447,20.83550037128577,1.0,0.0,36.0
668,70.74868666135121,20.822786700662874,1.0,0.0,36.0
669,70.73033623482935,20.81719607709514,1.0,0.0,36.0
670,70.71693824509951,20.866591527455018,1.0,0.0,36.0
671,70.74263397099973,20.84520981197977,1.0,0.0,36.0
672,70.7228643096045,20.868911651278378,1.0,0.0,36.0
673,70.74536933861555,20.852486774423525,1.0,0.0,36.0
674,70.72774981029556,20.828359245873013,1.0,0.0,36.0
675,70.7061146707591,20.826347909801896,1.0,0.0,36.0
676,70.77033524078283,20.87081413586985,1.0,0.0,36.0
677,70.74392497699615,20.835487012609626,1.0,0.0,36.0
678,70.70435158977192,20.881896408337937,1.0,0.0,36.0
679,70.73864296000441,20.816658897496637,1.0,0.0,36.0
680,70.76764139412488,20.837590542149854,1.0,0.0,36.0
681,70.75062887741666,20.855601132689866,1.0,0.0,36.0
682,70.7195357826512,20.812328194422804,1.0,0.0,36.0
683,70.70331082054177,20.83441213351564,1.0,0.0,36.0
684,70.74450807892134,20.872567975963207,1.0,0.0,36.0
685,70.7275366642397,20.84657346881226,1.0,0.0,36.0
686,70.70519313846498,20.857808085007782,1.0,0.0,36.0
687,70.72453816370435,20.825060819866753,1.0,0.0,36.0
688,70.7300871059937,20.86129107839959,1.0,0.0,36.0
689,70.71810271328985,20.828710992034036,1.0,0.0,36.0
690,70.73962048949092,20.8636895568651,1.0,0.0,36.0
691,70.74785404600054,20.842908446415805,1.0,0.0,36.0
692,70.75585168736579,20.830810898154,1.0,0.0,36.0
693,70.72356924229729,20.851413250342205,1.0,0.0,36.0
694,70.73486638627907,20.87420626656822,1.0,0.0,36.0
695,70.74458582503694,20.838342942353773,1.0,0.0,36.0
696,70.721396300184,20.84790570194143,1.0,0.0,36.0
697,70.75341385918648,20.84836310647422,1.0,0.0,36.0
698,70.74028744877188,20.84392999060763,1.0,0.0,36.0
699,70.71048483295658,20.84765794565403,1.0,0.0,36.0
700,70.77905168805299,20.829363638184585,1.0,0.0,36.0
701,70.72594138840947,20.826205668476096,1.0,0.0,36.0
702,70.71499456791149,20.862719145144197,1.0,0.0,36.0
703,70.73632142236366,20.849491528757365,1.0,0.0,36.0
704,70.72799325805347,20.84616036138203,1.0,0.0,36.0
705,70.7505740598055,20.85492617289964,1.0,0.0,36.0
706,70.75647165662657,20.864698958219076,1.0,0.0,36.0
707,70.72295937574198,20.842192762691276,1.0,0.0,36.0
708,70.749351657303,20.813522782719378,1.0,0.0,36.0
709,70.71476632628013,20.851276389800297,1.0,0.0,36.0
710,70.73933019236568,20.830276030216737,1.0,0.0,36.0
711,70.73280270895036,20.822924038076867,1.0,0.0,36.0
712,70.7238042060461,20.83465175826044,1.0,0.0,36.0
713,70.70555229768462,20.852490932659528,1.0,0.0,36.0
714,70.73537792700193,20.85511108541692,1.0,0.0,36.0
715,70.76118579692005,20.832518744064767,1.0,0.0,36.0
716,70.74633180356165,20.861207115594652,1.0,0.0,36.0
717,70.73446894746375,20.854077402136582,1.0,0.0,36.0
718,70.71814394898296,20.840808833465466,1.0,0.0,36.0
719,70.73928847881866,20.824464271474884,1.0,0.0,36.0
720,70.77624841715182,20.837393793772417,1.0,0.0,36.0
721,70.77394205189283,20.82322513385083,1.0,0.0,36.0
722,70.73500973705842,20.863229389767955,1.0,0.0,36.0
723,70.70573187348681,20.834223100812956,1.0,0.0,36.0
724,70.71333408045432,20.869725389574164,1.0,0.0,36.0
725,70.7382249878058,20.854698563277562,1.0,0.0,36.0
726,70.73399764921983,20.851294008875428,1.0,0.0,36.0
727,70.76438937095973,20.840583433376796,1.0,0.0,36.0
728,70.71166945142318,20.83641391143148,1.0,0.0,36.0
729,70.74616817199463,20.83693377343603,1.0,0.0,36.0
730,70.74565810029415,20.840153121319737,1.0,0.0,36.0
731,70.75356323650729,20.844596736604448,1.0,0.0,36.0
732,70.74331714788785,20.85627500031553,1.0,0.0,36.0
733,70.74178072879414,20.862118553964343,1.0,0.0,36.0
734,70.71623978627389,20.81780377854223,1.0,0.0,36.0
735,70.70132103616696,20.848930404181466,1.0,0.0,36.0
736,70.7182098315621,20.865287249615356,1.0,0.0,36.0
737,70.74843600368553,20.865341564028874,1.0,0.0,36.0
738,70.74137418471754,20.786147938029355,1.0,0.0,36.0
739,70.72964859620615,20.84646051084137,1.0,0.0,36.0
740,70.7449025046069,20.846896443226086,1.0,0.0,36.0
741,70.74398960021587,20.84223821443144,1.0,0.0,36.0
742,70.70689936941586,20.857332042837296,1.0,0.0,36.0
743,70.7145324374682,20.828216781822714,1.0,0.0,36.0
744,70.73349779200439,20.822286935617868,1.0,0.0,36.0
745,70.74105500440422,20.883352300548747,1.0,0.0,36.0
746,70.7493837939902,20.84014498725951,1.0,0.0,36.0
747,70.72450977014596,20.852313186758927,1.0,0.0,36.0
748,70.72154775530223,20.869864686169706,1.0,0.0,36.0
749,70.72469142358852,20.8205264873919,1.0,0.0,36.0
750,70.73602847591098,20.843736814948997,1.0,0.0,36.0
751,70.75943711258581,20.87067631210112,1.0,0.0,36.0
752,70.70947362068365,20.826938400645734,1.0,0.0,36.0
753,70.70858724034078,20.843585000183573,1.0,0.0,36.0
754,70.75014701521235,20.866739733985625,1.0,0.0,36.0
755,70.71936906102422,20.83709884257129,1.0,0.0,36.0
756,70.73109791446092,20.80941559439203,1.0,0.0,36.0
757,70.73717126166345,20.83099276096276,1.0,0.0,36.0
758,70.74717240183024,20.854715510190474,1.0,0.0,36.0
759,70.72085821588239,20.848285007212304,1.0,0.0,36.0
760,70.7139049762924,20.839223121328097,1.0,0.0,36.0
761,70.73551388868455,20.844989890720345,1.0,0.0,36.0
762,70.71429401027223,20.835877711549006,1.0,0.0,36.0
763,70.72942248146923,20.86975305903715,1.0,0.0,36.0
764,70.740191548491,20.83687569745945,1.0,0.0,36.0
765,70.73778037021694,20.818626767556758,1.0,0.0,36.0
766,70.73014794276418,20.84747768859006,1.0,0.0,36.0
767,70.7467083734376,20.84693547020912,1.0,0.0,36.0
768,70.74851746266083,20.829566077237153,1.0,0.0,36.0
769,70.72220199465409,20.827678357685773,1.0,0.0,36.0
770,70.73168315849956,20.852515941495597,1.0,0.0,36.0
771,70.74440173188661,20.85485049222902,1.0,0.0,36.0
772,70.72695502887571,20.83472919504571,1.0,0.0,36.0
773,70.72314070700219,20.82263271651716,1.0,0.0,36.0
774,70.73236788975892,20.853348190985688,1.0,0.0,36.0
775,70.76434773352304,20.82770763294798,1.0,0.0,36.0
776,70.72013684345426,20.836452115812715,1.0,0.0,36.0
777,70.74041067524766,20.842836582092854,1.0,0.0,36.0
778,70.72422879718104,20.8307597602112,1.0,0.0,36.0
779,70.72870799257129,20.836849265319227,1.0,0.0,36.0
780,70.73348792684648,20.82037105172423,1.0,0.0,36.0
781,70.75135407978784,20.86249011982543,1.0,0.0,36.0
782,70.73702851512934,20.80166982813391,1.0,0.0,36.0
783,70.74089898371302,20.85404792891175,1.0,0.0,36.0
784,70.73833500280739,20.857869485053712,1.0,0.0,36.0
785,70.74663121493352,20.83378035568119,1.0,0.0,36.0
786,70.7257263778349,20.841386967457762,1.0,0.0,36.0
787,70.72622825729461,20.867694323792872,1.0,0.0,36.0
788,70.74871881352496,20.87306059369194,1.0,0.0,36.0
789,70.72603106281291,20.857268080907247,1.0,0.0,36.0
790,70.72067178164106,20.828580610327737,1.0,0.0,36.0
791,70.70140243312642,20.831281919152072,1.0,0.0,36.0
792,70.77056203255277,20.82111974522297,1.0,0.0,36.0
793,70.7516724575285,20.853511934354895,1.0,0.0,36.0
794,70.7409204924883,20.84891222163155,1.0,0.0,36.0
795,70.75656816726668,20.873846668776107,1.0,0.0,36.0
796,70.74026314471335,20.833220168735046,1.0,0.0,36.0
797,70.75596992737164,20.830718676047567,1.0,0.0,36.0
798,70.70661694467836,20.869288830882383,1.0,0.0,36.0
799,70.73746309369366,20.849336563225197,1.0,0.0,36.0
800,70.73783915627587,20.848655944210552,1.0,0.0,36.0
801,70.73127065796795,20.85922118661235,1.0,0.0,36.0
802,70.7305518809654,20.83143155270315,1.0,0.0,36.0
803,70.75289589349232,20.832648211610074,1.0,0.0,36.0
804,70.74393654656298,20.852078470956602,1.0,0.0,36.0
805,70.74057576941684,20.82324989682348,1.0,0.0,36.0
806,70.70283178823264,20.82801703283945,1.0,0.0,36.0
807,70.72786132756698,20.846033645977364,1.0,0.0,36.0
808,70.74386366605096,20.8140407184563,1.0,0.0,36.0
809,70.73606047033219,20.843322529350115,1.0,0.0,36.0
810,70.73281603287751,20.86478195705075,1.0,0.0,36.0
811,70.73673877670655,20.833535088049004,1.0,0.0,36.0
812,70.73300241929172,20.862191927985275,1.0,0.0,36.0
813,70.76728790791705,20.863277273460934,1.0,0.0,36.0
814,70.73242312938443,20.838160697344886,1.0,0.0,36.0
815,70.75108515539624,20.860779138176323,1.0,0.0,36.0
816,70.74339463851595,20.838170034217786,1.0,0.0,36.0
817,70.73015598993149,20.857285472718385,1.0,0.0,36.0
818,70.74103024516036,20.843330550835333,1.0,0.0,36.0
819,70.73088106711866,20.83087894336547,1.0,0.0,36.0
820,70.74643084752293,20.864735917597194,1.0,0.0,36.0
821,70.73116681931032,20.81762716861875,1.0,0.0,36.0
822,70.7371510332309,20.87607882365926,1.0,0.0,36.0
823,70.73020786201802,20.815965124271063,1.0,0.0,36.0
824,70.74957972801505,20.833327575915025,1.0,0.0,36.0
825,70.72663424148247,20.857467894107483,1.0,0.0,36.0
826,70.71474492582296,20.82329146026293,1.0,0.0,36.0
827,70.71562736357639,20.87010578374024,1.0,0.0,36.0
828,70.74091825938024,20.867869333111244,1.0,0.0,36.0
829,70.7526772949755,20.842055925036664,1.0,0.0,36.0
830,70.75039048250966,20.8573135426145,1.0,0.0,36.0
831,70.7153107808904,20.847883474413358,1.0,0.0,36.0
832,70.72718348525731,20.847833783284425,1.0,0.0,36.0
833,70.7241616229236,20.848688870033495,1.0,0.0,36.0
834,70.74179659986342,20.884372287468526,1.0,0.0,36.0
835,70.73841687173483,20.855723455775593,1.0,0.0,36.0
836,70.73269233021936,20.844261286732987,1.0,0.0,36.0
837,70.73278988159605,20.847538683283048,1.0,0.0,36.0
838,70.7505941019436,20.855855134336544,1.0,0.0,36.0
839,70.72271639843653,20.852853798190488,1.0,0.0,36.0
840,70.76877198045592,20.834389492082188,1.0,0.0,36.0
841,70.735303293138,20.811526972979976,1.0,0.0,36.0
842,70.74155191645409,20.830445621091627,1.0,0.0,36.0
843,70.7398507453567,20.849432471004576,1.0,0.0,36.0
844,70.72483418017671,20.876580144642475,1.0,0.0,36.0
845,70.73098671593831,20.86219849273073,1.0,0.0,36.0
846,70.69638110258937,20.81683367733073,1.0,0.0,36.0
847,70.73214718834394,20.83504066396089,1.0,0.0,36.0
848,70.71480147309349,20.847858729717014,1.0,0.0,36.0
849,70.74973811690522,20.851608198176883,1.0,0.0,36.0
850,70.74100494321645,20.868627534022657,1.0,0.0,36.0
851,70.71594009768505,20.84232400184438,1.0,0.0,36.0
852,70.76587497938613,20.870075850749142,1.0,0.0,36.0
853,70.70471546488446,20.84389281584945,1.0,0.0,36.0
854,70.75635888447492,20.831901374427648,1.0,0.0,36.0
855,70.73217387551806,20.802922491988493,1.0,0.0,36.0
856,70.77033323591681,20.848604225392027,1.0,0.0,36.0
857,70.73087074381978,20.83662029915999,1.0,0.0,36.0
858,70.76176731138825,20.832803937242893,1.0,0.0,36.0
859,70.73032291607896,20.832481445039512,1.0,0.0,36.0
860,70.72133056292259,20.862561598149753,1.0,0.0,36.0
861,70.72151869727053,20.852446752573723,1.0,0.0,36.0
862,70.73241489685451,20.864132487064293,1.0,0.0,36.0
863,70.73315674277192,20.85995479726201,1.0,0.0,36.0
864,70.7022136332009,20.853727037787447,1.0,0.0,36.0
865,70.7433127889678,20.82960758215053,1.0,0.0,36.0
866,70.72783658090839,20.84524277490905,1.0,0.0,36.0
867,70.75680783917514,20.822348812526837,1.0,0.0,36.0
868,70.73591465041787,20.831885877089398,1.0,0.0,36.0
869,70.72892304941625,20.853632228140775,1.0,0.0,36.0
870,70.75086190954237,20.85286424581592,1.0,0.0,36.0
871,70.7334931113425,20.83678883605015,1.0,0.0,36.0
872,70.70129625738204,20.837861805005474,1.0,0.0,36.0
873,70.71805696192338,20.85976112591346,1.0,0.0,36.0
874,70.75286543060234,20.850748252962305,1.0,0.0,36.0
875,70.74666443362581,20.832590600219202,1.0,0.0,36.0
876,70.74580756008153,20.852705821632533,1.0,0.0,36.0
877,70.71727956212655,20.8612318735888,1.0,0.0,36.0
878,70.73869182710932,20.837663801784934,1.0,0.0,36.0
879,70.72811456149759,20.850777004367167,1.0,0.0,36.0
880,70.72405657238362,20.84266968196247,1.0,0.0,36.0
881,70.7362969673578,20.824652056422046,1.0,0.0,36.0
882,70.73532471754517,20.84224069934105,1.0,0.0,36.0
883,70.74770686404086,20.818042363845596,1.0,0.0,36.0
884,70.72863091959739,20.86522261886818,1.0,0.0,36.0
885,70.74368428025865,20.841353880131734,1.0,0.0,36.0
886,70.72116030620843,20.846066001120665,1.0,0.0,36.0
887,70.7290212952363,20.866802675908566,1.0,0.0,36.0
888,70.73314746206304,20.842690441790307,1.0,0.0,36.0
889,70.74574487500503,20.86660335116108,1.0,0.0,36.0
890,70.71737754318498,20.852087734163657,1.0,0.0,36.0
891,70.73916386452572,20.818217060063905,1.0,0.0,36.0
892,70.73834911837444,20.82996810181875,1.0,0.0,36.0
893,70.73636926486135,20.81700281250534,1.0,0.0,36.0
894,70.73479640344239,20.849917133649317,1.0,0.0,36.0
895,70.72588370882792,20.84408849216732,1.0,0.0,36.0
896,70.71650879494427,20.866446277341286,1.0,0.0,36.0
897,70.73625103203584,20.855098298758108,1.0,0.0,36.0
898,70.72890982658805,20.849420701386254,1.0,0.0,36.0
899,70.73652813665745,20.85059855305346,1.0,0.0,36.0
900,70.75292706680969,20.86379867042355,1.0,0.0,36.0
901,70.73738307525531,20.847017347843725,1.0,0.0,36.0
902,70.71697281625758,20.855273953211057,1.0,0.0,36.0
903,70.72963968826858,20.8416578215504,1.0,0.0,36.0
904,70.74614693804337,20.848118016045458,1.0,0.0,36.0
905,70.7324625977262,20.844260968698,1.0,0.0,36.0
906,70.72163570476575,20.817689400762188,1.0,0.0,36.0
907,70.73506499867214,20.85828387292102,1.0,0.0,36.0
908,70.74763975640192,20.8415747039644,1.0,0.0,36.0
909,70.72702409006868,20.87194006136601,1.0,0.0,36.0
910,70.72128262798181,20.880463489944574,1.0,0.0,36.0
911,70.75396263019128,20.871652960936576,1.0,0.0,36.0
912,70.74739911798744,20.860517742443594,1.0,0.0,36.0
913,70.73313106232541,20.843181559738042,1.0,0.0,36.0
914,70.71449394929415,20.82738784731751,1.0,0.0,36.0
915,70.72339308182092,20.863977217546516,1.0,0.0,36.0
916,70.745392703032,20.84143383258165,1.0,0.0,36.0
917,70.75865652054961,20.852730106944954,1.0,0.0,36.0
918,70.75256349523612,20.85772014963841,1.0,0.0,36.0
919,70.73843324444825,20.86755508962633,1.0,0.0,36.0
920,70.74457781123779,20.820911733250668,1.0,0.0,36.0
921,70.72663010280074,20.832382100585672,1.0,0.0,36.0
922,70.72126124681171,20.851343654844037,1.0,0.0,36.0
923,70.73718705889218,20.83016318832336,1.0,0.0,36.0
924,70.75801997010383,20.844464331980774,1.0,0.0,36.0
925,70.72613862764729,20.850275148907816,1.0,0.0,36.0
926,70.73061210758549,20.850197924890463,1.0,0.0,36.0
927,70.73556586610519,20.88371910002177,1.0,0.0,36.0
928,70.726130593833,20.823772971926537,1.0,0.0,36.0
929,70.72844906425757,20.829068892819958,1.0,0.0,36.0
930,70.7315231447908,20.86481425716867,1.0,0.0,36.0
931,70.72928831107421,20.86268267837467,1.0,0.0,36.0
932,70.7237926561963,20.82601204518647,1.0,0.0,36.0
933,70.71346929908394,20.84766092106821,1.0,0.0,36.0
934,70.75514904097426,20.823442093325863,1.0,0.0,36.0
935,70.75260360659179,20.831840779549655,1.0,0.0,36.0
936,70.731114399922,20.849771343433584,1.0,0.0,36.0
937,70.72089593822388,20.839346025451174,1.0,0.0,36.0
938,70.7247977671409,20.85358286653076,1.0,0.0,36.0
939,70.73531795247148,20.844988729961702,1.0,0.0,36.0
940,70.71323060868352,20.852693333818,1.0,0.0,36.0
941,70.72936913122842,20.885371082694686,1.0,0.0,36.0
942,70.71361574957616,20.84533279887135,1.0,0.0,36.0
943,70.70382789705819,20.844879634918954,1.0,0.0,36.0
944,70.72617441723612,20.85418012731377,1.0,0.0,36.0
945,70.72799456708724,20.859497413960767,1.0,0.0,36.0
946,70.7216503429258,20.82334496222351,1.0,0.0,36.0
947,70.73287968243666,20.86530845150499,1.0,0.0,36.0
948,70.72589923272844,20.847311564078556,1.0,0.0,36.0
949,70.74574709965177,20.83717493626633,1.0,0.0,36.0
950,70.73220337245941,20.848736237902216,1.0,0.0,36.0
951,70.73561749620502,20.85530066548349,1.0,0.0,36.0
952,70.72328834913318,20.8253905341789,1.0,0.0,36.0
953,70.76627500696273,20.852683820916933,1.0,0.0,36.0
954,70.74593028690678,20.85577089226624,1.0,0.0,36.0
955,70.74496046241075,20.868320557105346,1.0,0.0,36.0
956,70.7544024727186,20.82634511881888,1.0,0.0,36.0
957,70.73489480069202,20.849044947371112,1.0,0.0,36.0
958,70.7361379836234,20.826180411986755,1.0,0.0,36.0
959,70.7376313964736,20.85844440308203,1.0,0.0,36.0
960,70.7351466489218,20.84718931102383,1.0,0.0,36.0
961,70.74310998550726,20.853114918956766,1.0,0.0,36.0
962,70.73863231670913,20.84408026570561,1.0,0.0,36.0
963,70.72213320472058,20.842088176364943,1.0,0.0,36.0
964,70.74688510819708,20.833695122866242,1.0,0.0,36.0
965,70.72369454366046,20.84993960581254,1.0,0.0,36.0
966,70.71280192795035,20.86049266205453,1.0,0.0,36.0
967,70.7285343484811,20.822278192310602,1.0,0.0,36.0
968,70.73298667210791,20.887452825509115,1.0,0.0,36.0
969,70.73734317642064,20.848440807524614,1.0,0.0,36.0
970,70.72920834802136,20.8438803426906,1.0,0.0,36.0
971,70.72730939151066,20.827408766125334,1.0,0.0,36.0
972,70.76141822152759,20.832415176395678,1.0,0.0,36.0
973,70.74059140477112,20.804994316831763,1.0,0.0,36.0
974,70.76220274009904,20.86639912098878,1.0,0.0,36.0
975,70.73983134777525,20.819154482033642,1.0,0.0,36.0
976,70.74912609156455,20.851994768976674,1.0,0.0,36.0
977,70.74035377710749,20.862811135433176,1.0,0.0,36.0
978,70.73256613474227,20.88294022184587,1.0,0.0,36.0
979,70.72018909049925,20.85370636757912,1.0,0.0,36.0
980,70.72475043775829,20.85189719494605,1.0,0.0,36.0
981,70.76416292882023,20.859503543630503,1.0,0.0,36.0
982,70.73858156954864,20.867779305270787,1.0,0.0,36.0
983,70.73974651695926,20.879998767981427,1.0,0.0,36.0
984,70.75335612637981,20.853636834928707,1.0,0.0,36.0
985,70.75470570852328,20.82428337401594,1.0,0.0,36.0
986,70.7422074285427,20.837914938993258,1.0,0.0,36.0
987,70.71063460839578,20.841208608653794,1.0,0.0,36.0
988,70.71570501292557,20.824104870249947,1.0,0.0,36.0
989,70.75755833209678,20.863271853877116,1.0,0.0,36.0
990,70.73167434849331,20.87926054068875,1.0,0.0,36.0
991,70.73672403059294,20.839108560084362,1.0,0.0,36.0
992,70.75117171116445,20.882020981358117,1.0,0.0,36.0
993,70.73170308357948,20.841055214511755,1.0,0.0,36.0
994,70.71180816032772,20.83114796192533,1.0,0.0,36.0
995,70.72710426445884,20.858619989390384,1.0,0.0,36.0
996,70.79087951316933,20.840557054386245,1.0,0.0,36.0
997,70.7305003611303,20.831449096882306,1.0,0.0,36.0
998,70.74470266529576,20.844642136418692,1.0,0.0,36.0
999,70.72898105860007,20.817270046662795,1.0,0.0,36.0
1000,70.73939879988566,20.838788352901105,1.0,0.0,36.0
1001,70.71290724383948,20.83387279575891,1.0,0.0,36.0
1002,70.76157391013432,20.871092898441418,1.0,0.0,36.0
1003,70.72542705273229,20.860636616390586,1.0,0.0,36.0
1004,70.761288724108,20.856361548639274,1.0,0.0,36.0
1005,70.74594536694134,20.829734226068858,1.0,0.0,36.0
1006,70.72927716263847,20.851840727401846,1.0,0.0,36.0
1007,70.71889551611193,20.86713602697287,1.0,0.0,36.0
1008,70.74573111468905,20.88217568097703,1.0,0.0,36.0
1009,70.71968763853293,20.814949428884088,1.0,0.0,36.0
1010,70.74348607036714,20.865749658586306,1.0,0.0,36.0
1011,70.720960722032,20.85882222344081,1.0,0.0,36.0
1012,70.73996110786138,20.85685999403011,1.0,0.0,36.0
1013,70.72960327038496,20.85120213662678,1.0,0.0,36.0
1014,70.7430979863731,20.88325708099606,1.0,0.0,36.0
1015,70.7451264972635,20.84658656509274,1.0,0.0,36.0
1016,70.71536994155214,20.84668079421002,1.0,0.0,36.0
1017,70.75082170784468,20.893454719196505,1.0,0.0,36.0
1018,70.74006449981665,20.820206304602152,1.0,0.0,36.0
1019,70.75337962315373,20.83099253985893,1.0,0.0,36.0
1020,70.73771579959985,20.838374049179706,1.0,0.0,36.0
1021,70.73314615624444,20.855272490571327,1.0,0.0,36.0
1022,70.75388909777783,20.855041896488927,1.0,0.0,36.0
1023,70.72598676756368,20.86037269817369,1.0,0.0,36.0
1024,70.72282819843161,20.842888026663676,1.0,0.0,36.0
1025,70.73379762576961,20.84399062724921,1.0,0.0,36.0
1026,70.75502033087987,20.849716595772183,1.0,0.0,36.0
1027,70.73027953262141,20.862473659716148,1.0,0.0,36.0
1028,70.72542937292037,20.869257890027427,1.0,0.0,36.0
1029,70.70111864870096,20.87185331305718,1.0,0.0,36.0
1030,70.71709235885841,20.87213822216534,1.0,0.0,36.0
1031,70.7233282053042,20.83471293021629,1.0,0.0,36.0
1032,70.7451324508941,20.84502929922371,1.0,0.0,36.0
1033,70.7379197496271,20.83722527489882,1.0,0.0,36.0
1034,70.73083771494206,20.83768661645267,1.0,0.0,36.0
1035,70.71734186736258,20.844050985652352,1.0,0.0,36.0
1036,70.73987641665171,20.83207608491165,1.0,0.0,36.0
1037,70.72941884465585,20.830731444377037,1.0,0.0,36.0
1038,70.75002364014054,20.826317586288198,1.0,0.0,36.0
1039,70.72334752756774,20.871761702961525,1.0,0.0,36.0
1040,70.75107219252352,20.860224189512653,1.0,0.0,36.0
1041,70.76220595595416,20.846856410848616,1.0,0.0,36.0
1042,70.70891834443049,20.84587916208102,1.0,0.0,36.0
1043,70.7249460821157,20.840546200451936,1.0,0.0,36.0
1044,70.73827780709166,20.87653270915038,1.0,0.0,36.0
1045,70.74729128821252,20.83781234517328,1.0,0.0,36.0
1046,70.7257317305593,20.849985047174766,1.0,0.0,36.0
1047,70.74760536731975,20.849780175534615,1.0,0.0,36.0
1048,70.73246549196139,20.845544522474913,1.0,0.0,36.0
1049,70.72059858683492,20.89185103327072,1.0,0.0,36.0
1050,70.71942999715708,20.85050092968506,1.0,0.0,36.0
1051,70.72454571771887,20.833604903311233,1.0,0.0,36.0
1052,70.72628641878707,20.83777319602962,1.0,0.0,36.0
1053,70.75623631329756,20.85751060372614,1.0,0.0,36.0
1054,70.76794812716597,20.849165788470245,1.0,0.0,36.0
1055,70.73987834926606,20.86674474754514,1.0,0.0,36.0
1056,70.71090887772213,20.864431912248694,1.0,0.0,36.0
1057,70.7184260741189,20.84245906724538,1.0,0.0,36.0
1058,70.71647364150733,20.84930222363939,1.0,0.0,36.0
1059,70.74996929944685,20.838329010965197,1.0,0.0,36.0
1060,70.73398494852226,20.841060030514324,1.0,0.0,36.0
1061,70.72659972687289,20.865481649295212,1.0,0.0,36.0
1062,70.72982023628795,20.86152049637127,1.0,0.0,36.0
1063,70.75066660886785,20.862607159647972,1.0,0.0,36.0
1064,70.73073056268699,20.849585611595696,1.0,0.0,36.0
1065,70.72724611665166,20.852991370562215,1.0,0.0,36.0
1066,70.72210917262225,20.844605447682913,1.0,0.0,36.0
1067,70.7358831604793,20.860674097774847,1.0,0.0,36.0
1068,70.73864635584081,20.875346206133475,1.0,0.0,36.0
1069,70.71934770639925,20.832797843102533,1.0,0.0,36.0
1070,70.73110397112916,20.854755409527403,1.0,0.0,36.0
1071,70.7000152079315,20.84828165954891,1.0,0.0,36.0
1072,70.74374480435701,20.810999245746732,1.0,0.0,36.0
1073,70.77420488713777,20.820229484715977,1.0,0.0,36.0
1074,70.75891643685586,20.855272953459277,1.0,0.0,36.0
1075,70.75765594904067,20.84511623643442,1.0,0.0,36.0
1076,70.73310364544616,20.863102158375725,1.0,0.0,36.0
1077,70.72090265797661,20.836176016747554,1.0,0.0,36.0
1078,70.71931380786926,20.83917098257706,1.0,0.0,36.0
1079,70.7547395069592,20.85525002408627,1.0,0.0,36.0
1080,70.73593208663166,20.84215612538049,1.0,0.0,36.0
1081,70.72994170139089,20.84402564688238,1.0,0.0,36.0
1082,70.71193572150611,20.85854261905472,1.0,0.0,36.0
1083,70.73037568935953,20.883096505069652,1.0,0.0,36.0
1084,70.72618494165852,20.8460878245929,1.0,0.0,36.0
1085,70.746050804391,20.861689683233326,1.0,0.0,36.0
1086,70.75158697420635,20.828475704101265,1.0,0.0,36.0
1087,70.72523829997043,20.851812125251342,1.0,0.0,36.0
1088,70.71977121454394,20.83585291616423,1.0,0.0,36.0
1089,70.7416942346727,20.838933921697453,1.0,0.0,36.0
1090,70.71352620885085,20.843743423961676,1.0,0.0,36.0
1091,70.73854238569284,20.850649870533243,1.0,0.0,36.0
1092,70.74648480318146,20.820938862864697,1.0,0.0,36.0
1093,70.72872960144824,20.841800861397342,1.0,0.0,36.0
1094,70.72283691499435,20.89433654912035,1.0,0.0,36.0
1095,70.73216531942354,20.857236724134665,1.0,0.0,36.0
1096,70.73713717481412,20.833815072624144,1.0,0.0,36.0
1097,70.74024893192143,20.842506674728376,1.0,0.0,36.0
1098,70.73660076285805,20.8253309096812,1.0,0.0,36.0
1099,70.75457178805652,20.84521545737639,1.0,0.0,36.0
1100,70.74326552492668,20.82360603838758,1.0,0.0,36.0
1101,70.73064350481584,20.8595405704688,1.0,0.0,36.0
1102,70.74425210473946,20.856600083846445,1.0,0.0,36.0
1103,70.720085556039,20.864921510469284,1.0,0.0,36.0
1104,70.74024763197393,20.850645774957872,1.0,0.0,36.0
1105,70.73104012082062,20.848022687354824,1.0,0.0,36.0
1106,70.74627058140653,20.858654750643566,1.0,0.0,36.0
1107,70.73375586089584,20.860134206370326,1.0,0.0,36.0
1108,70.71362646987957,20.853383749627497,1.0,0.0,36.0
1109,70.72929785756274,20.860864637955196,1.0,0.0,36.0
1110,70.73176642323578,20.85431333138882,1.0,0.0,36.0
1111,70.70911857279033,20.864253970397396,1.0,0.0,36.0
1112,70.73702505695537,20.844239297931683,1.0,0.0,36.0
1113,70.7141692889257,20.831871180287486,1.0,0.0,36.0
1114,70.72479605788236,20.857670686205967,1.0,0.0,36.0
1115,70.71966103703049,20.83922399584963,1.0,0.0,36.0
1116,70.7494946007407,20.851254465029214,1.0,0.0,36.0
1117,70.73438783325146,20.842401923550803,1.0,0.0,36.0
1118,70.7523872771728,20.835877046326107,1.0,0.0,36.0
1119,70.74565086384068,20.852875397163075,1.0,0.0,36.0
1120,70.74009661054427,20.847423582446268,1.0,0.0,36.0
1121,70.74513438949528,20.852851912659542,1.0,0.0,36.0
1122,70.72792156856109,20.84614586213109,1.0,0.0,36.0
1123,70.7545881877755,20.82565799189388,1.0,0.0,36.0
1124,70.75364082355644,20.8510311850045,1.0,0.0,36.0
1125,70.72853787663912,20.844126617511556,1.0,0.0,36.0
1126,70.77049481739651,20.864858236086924,1.0,0.0,36.0
1127,70.71365818501859,20.845077986530363,1.0,0.0,36.0
1128,70.73980517378145,20.833696110454085,1.0,0.0,36.0
1129,70.76906652002371,20.853709835595804,1.0,0.0,36.0
1130,70.75069004821141,20.830699807110886,1.0,0.0,36.0
1131,70.73870137835044,20.86503034905289,1.0,0.0,36.0
1132,70.73858507622982,20.851387114702767,1.0,0.0,36.0
1133,70.72053650397773,20.833653524788808,1.0,0.0,36.0
1134,70.71741224563364,20.83033108581052,1.0,0.0,36.0
1135,70.71055223024726,20.870970357119635,1.0,0.0,36.0
1136,70.71009206153924,20.839547443974897,1.0,0.0,36.0
1137,70.73911024917888,20.84745249914932,1.0,0.0,36.0
1138,70.72459319131278,20.850246259652117,1.0,0.0,36.0
1139,70.71760240606932,20.82783740523339,1.0,0.0,36.0
1140,70.78828664184178,20.8408635078184,1.0,0.0,36.0
1141,70.72139177612948,20.831842432602453,1.0,0.0,36.0
1142,70.74146845092828,20.861698136067073,1.0,0.0,36.0
1143,70.75764348949139,20.87307798740936,1.0,0.0,36.0
1144,70.73242186106546,20.81090800513809,1.0,0.0,36.0
1145,70.71948713151399,20.84656577748091,1.0,0.0,36.0
1146,70.71699563126347,20.86383831945389,1.0,0.0,36.0
1147,70.74954760715035,20.8264576452362,1.0,0.0,36.0
1148,70.71705243581272,20.8589105792917,1.0,0.0,36.0
1149,70.76936578994227,20.81411872406833,1.0,0.0,36.0
1150,70.74938699846712,20.842563173673362,1.0,0.0,36.0
1151,70.76591520094932,20.850126372790108,1.0,0.0,36.0
1152,70.7147055226914,20.83563077646803,1.0,0.0,36.0
1153,70.7354874191471,20.840965024238088,1.0,0.0,36.0
1154,70.73302403782591,20.877618431766088,1.0,0.0,36.0
1155,70.7336115956564,20.84641311702167,1.0,0.0,36.0
1156,70.736786753705,20.869714649247626,1.0,0.0,36.0
1157,70.73718314790726,20.841907830988912,1.0,0.0,36.0
1158,70.74211601214536,20.82400351554003,1.0,0.0,36.0
1159,70.71622410693558,20.843664925873423,1.0,0.0,36.0
1160,70.7566054196919,20.82081882127877,1.0,0.0,36.0
1161,70.73867089038228,20.870960470673754,1.0,0.0,36.0
1162,70.72856652416489,20.820228349892982,1.0,0.0,36.0
1163,70.74265963924357,20.864635276085718,1.0,0.0,36.0
1164,70.71388334039777,20.83276454517652,1.0,0.0,36.0
1165,70.7386289950939,20.82877129431803,1.0,0.0,36.0
1166,70.74156376426056,20.859918571383762,1.0,0.0,36.0
1167,70.71777478392694,20.852226340767224,1.0,0.0,36.0
1168,70.74683120844422,20.863910249903356,1.0,0.0,36.0
1169,70.74678109099207,20.867334779450456,1.0,0.0,36.0
1170,70.74717718316951,20.82876276706871,1.0,0.0,36.0
1171,70.71841043365033,20.840263468453372,1.0,0.0,36.0
1172,70.73144220101413,20.83317993414575,1.0,0.0,36.0
1173,70.74841034731999,20.848224101034493,1.0,0.0,36.0
1174,70.74395017615313,20.86563476369897,1.0,0.0,36.0
1175,70.7263059270704,20.834068626835318,1.0,0.0,36.0
1176,70.7514434793807,20.854452786606647,1.0,0.0,36.0
1177,70.74436081931292,20.865854780375113,1.0,0.0,36.0
1178,70.73221909899048,20.874980248273385,1.0,0.0,36.0
1179,70.7433355087059,20.844256470263538,1.0,0.0,36.0
1180,70.73573241445658,20.82532874351305,1.0,0.0,36.0
1181,70.71091600277522,20.877940580595617,1.0,0.0,36.0
1182,70.7268920067542,20.847406884193777,1.0,0.0,36.0
1183,70.72327704932725,20.8338946514083,1.0,0.0,36.0
1184,70.7425732413176,20.851906518008292,1.0,0.0,36.0
1185,70.73023824800646,20.83075497192232,1.0,0.0,36.0
1186,70.74672828253466,20.858326695755053,1.0,0.0,36.0
1187,70.738403889222,20.838625945958338,1.0,0.0,36.0
1188,70.73637684357764,20.817854106844806,1.0,0.0,36.0
1189,70.72772428893478,20.86135550566072,1.0,0.0,36.0
1190,70.73749454443659,20.838262494787926,1.0,0.0,36.0
1191,70.75084595700665,20.85583036471082,1.0,0.0,36.0
1192,70.72112739555865,20.84556976763472,1.0,0.0,36.0
1193,70.7301890990797,20.851707426367593,1.0,0.0,36.0
1194,70.75325601973998,20.854249189152156,1.0,0.0,36.0
1195,70.71244585462044,20.83689521021624,1.0,0.0,36.0
1196,70.72600172210308,20.828419172698244,1.0,0.0,36.0
1197,70.74869075467062,20.826062833134753,1.0,0.0,36.0
1198,70.7393066822694,20.854350152167516,1.0,0.0,36.0
1199,70.72476988823762,20.83869710439561,1.0,0.0,36.0
1200,70.7072970943623,20.842509098207668,1.0,0.0,36.0
1201,70.73672144235358,20.871071582101376,1.0,0.0,36.0
1202,70.72376187049835,20.845119006079727,1.0,0.0,36.0
1203,70.73268405489067,20.844491593142696,1.0,0.0,36.0
1204,70.72627969020152,20.831611612393644,1.0,0.0,36.0
1205,70.73673561660992,20.83697255353864,1.0,0.0,36.0
1206,70.70948533338338,20.848362068707086,1.0,0.0,36.0
1207,70.74436414639936,20.83549599782075,1.0,0.0,36.0
1208,70.71224258871636,20.86161152054518,1.0,0.0,36.0
1209,70.74439882195583,20.84856626619783,1.0,0.0,36.0
1210,70.72951488061695,20.86443304678356,1.0,0.0,36.0
1211,70.73608427750459,20.862793215084192,1.0,0.0,36.0
1212,70.75013229366978,20.820115064250867,1.0,0.0,36.0
1213,70.73433168564833,20.85622868032226,1.0,0.0,36.0
1214,70.73689901592279,20.874058238622645,1.0,0.0,36.0
1215,70.72109094927026,20.842865581162915,1.0,0.0,36.0
1216,70.7257503672291,20.845793214247507,1.0,0.0,36.0
1217,70.73552893826665,20.829009442520896,1.0,0.0,36.0
1218,70.74390009732629,20.826319882570996,1.0,0.0,36.0
1219,70.73867515967433,20.84975043474929,1.0,0.0,36.0
1220,70.72846258244145,20.830767698909124,1.0,0.0,36.0
1221,70.73982361945201,20.827650443257582,1.0,0.0,36.0
1222,70.7459679647447,20.839762777418606,1.0,0.0,36.0
1223,70.7352993890629,20.870463198914482,1.0,0.0,36.0
1224,70.73833034084483,20.82652543567612,1.0,0.0,36.0
1225,70.74009785077348,20.865128633708938,1.0,0.0,36.0
1226,70.74597219346171,20.85249385117642,1.0,0.0,36.0
1227,70.74269928189116,20.836099481433173,1.0,0.0,36.0
1228,70.76940501851165,20.840260161664826,1.0,0.0,36.0
1229,70.72916483719648,20.818778749998145,1.0,0.0,36.0
1230,70.7402333941599,20.855029823471593,1.0,0.0,36.0
1231,70.72904048580489,20.844165740911635,1.0,0.0,36.0
1232,70.71905692924146,20.85792051896008,1.0,0.0,36.0
1233,70.73007787774318,20.838534127819074,1.0,0.0,36.0
1234,70.74258116335965,20.833137231793756,1.0,0.0,36.0
1235,70.75135936061368,20.82498305636346,1.0,0.0,36.0
1236,70.73422887770276,20.837283655650435,1.0,0.0,36.0
1237,70.71013077332013,20.821830018509484,1.0,0.0,36.0
1238,70.7413506530444,20.834791640594197,1.0,0.0,36.0
1239,70.7505245801046,20.83188667395993,1.0,0.0,36.0
1240,70.72344453367053,20.829358087415972,1.0,0.0,36.0
1241,70.73491583882912,20.833348645976585,1.0,0.0,36.0
1242,70.71728142793444,20.831196377971413,1.0,0.0,36.0
1243,70.73376357098294,20.826631634074563,1.0,0.0,36.0
1244,70.74288142528611,20.85281077339945,1.0,0.0,36.0
1245,70.7346480006789,20.842573985203142,1.0,0.0,36.0
1246,70.74303690409839,20.83797246927518,1.0,0.0,36.0
1247,70.75031585157083,20.849589188667434,1.0,0.0,36.0
1248,70.73234052174405,20.84588872099613,1.0,0.0,36.0
1249,70.72737603369083,20.82852889970231,1.0,0.0,36.0
1250,70.71316889703328,20.853290033576776,1.0,0.0,36.0
1251,70.7264906415789,20.863982755159054,1.0,0.0,36.0
1252,70.72863579089497,20.86489255113115,1.0,0.0,36.0
1253,70.74716056635785,20.85305695557376,1.0,0.0,36.0
1254,70.7458721080632,20.850898473631315,1.0,0.0,36.0
1255,70.72938090672972,20.870655869483468,1.0,0.0,36.0
1256,70.73985269926632,20.85097779176052,1.0,0.0,36.0
1257,70.74146214464548,20.857199672308347,1.0,0.0,36.0
1258,70.75454380378173,20.85220032864419,1.0,0.0,36.0
1259,70.72085465463857,20.84493652684245,1.0,0.0,36.0
1260,70.75591801786719,20.84683806437194,1.0,0.0,36.0
1261,70.72653211410163,20.863044578634305,1.0,0.0,36.0
1262,70.70221072651556,20.839381706724474,1.0,0.0,36.0
1263,70.75641705397233,20.846046521970422,1.0,0.0,36.0
1264,70.72978424185241,20.83602371528676,1.0,0.0,36.0
1265,70.71569389232765,20.888878171952058,1.0,0.0,36.0
1266,70.71133569389318,20.84609893942565,1.0,0.0,36.0
1267,70.7585470825996,20.84790151796228,1.0,0.0,36.0
1268,70.72273160771093,20.87764698892991,1.0,0.0,36.0
1269,70.74964113406685,20.844099728394376,1.0,0.0,36.0
1270,70.74213850584596,20.850472178332513,1.0,0.0,36.0
1271,70.72448057282972,20.846536173815625,1.0,0.0,36.0
1272,70.72406377288723,20.877902502049874,1.0,0.0,36.0
1273,70.75112528381757,20.82216527514663,1.0,0.0,36.0
1274,70.72986503196861,20.836114859952705,1.0,0.0,36.0
1275,70.75407796173097,20.851525665560235,1.0,0.0,36.0
1276,70.72313194676057,20.855003967563277,1.0,0.0,36.0
1277,70.7467579722557,20.8433699649448,1.0,0.0,36.0
1278,70.74093064399483,20.8196513546457,1.0,0.0,36.0
1279,70.71807971619683,20.871062169704533,1.0,0.0,36.0
1280,70.72045974720481,20.87186410399248,1.0,0.0,36.0
1281,70.73783822254494,20.828332882939442,1.0,0.0,36.0
1282,70.72914640806833,20.863927776648143,1.0,0.0,36.0
1283,70.72229646422169,20.849340117473258,1.0,0.0,36.0
1284,70.74247612526932,20.86559730530413,1.0,0.0,36.0
1285,70.74416454302829,20.82160219819936,1.0,0.0,36.0
1286,70.73812701314226,20.855119062458616,1.0,0.0,36.0
1287,70.72674418533533,20.83063117889284,1.0,0.0,36.0
1288,70.7278977479356,20.849800437405783,1.0,0.0,36.0
1289,70.74034493247626,20.847331241808266,1.0,0.0,36.0
1290,70.74623039176657,20.85192061347293,1.0,0.0,36.0
1291,70.73200617835515,20.83575656930908,1.0,0.0,36.0
1292,70.70871605577274,20.842564034355956,1.0,0.0,36.0
1293,70.74012073085404,20.873098905396656,1.0,0.0,36.0
1294,70.7361049873493,20.812354992051397,1.0,0.0,36.0
1295,70.75603146723083,20.87210817353418,1.0,0.0,36.0
1296,70.73997527407852,20.869064723956075,1.0,0.0,36.0
1297,70.7570996562191,20.86500949752785,1.0,0.0,36.0
1298,70.74687025504491,20.82997804305186,1.0,0.0,36.0
1299,70.74009590891343,20.842467837209185,1.0,0.0,36.0
1300,70.756709289444,20.839487312839438,1.0,0.0,36.0
1301,70.7201310895657,20.857545798253664,1.0,0.0,36.0
1302,70.74941133731103,20.86909847149327,1.0,0.0,36.0
1303,70.76443937344393,20.837828264074016,1.0,0.0,36.0
1304,70.70537057415235,20.834288712910283,1.0,0.0,36.0
1305,70.71802469200739,20.856826222252483,1.0,0.0,36.0
1306,70.75428217437904,20.83614819634813,1.0,0.0,36.0
1307,70.74003586849143,20.856685925175523,1.0,0.0,36.0
1308,70.75527457898174,20.857491842734117,1.0,0.0,36.0
1309,70.72945678635597,20.816131175539844,1.0,0.0,36.0
1310,70.76032357152079,20.834679378256535,1.0,0.0,36.0
1311,70.72909661508203,20.838925194838673,1.0,0.0,36.0
1312,70.70593396088486,20.858435527298195,1.0,0.0,36.0
1313,70.7411606956069,20.835837749903696,1.0,0.0,36.0
1314,70.71139221159542,20.85839794096922,1.0,0.0,36.0
1315,70.7351437498972,20.83710161522487,1.0,0.0,36.0
1316,70.71551499666634,20.842706895437185,1.0,0.0,36.0
1317,70.7578093779774,20.837376865063536,1.0,0.0,36.0
1318,70.71526875776512,20.83398196247393,1.0,0.0,36.0
1319,70.73933551547265,20.85920637449495,1.0,0.0,36.0
1320,70.76446240447537,20.86370259017054,1.0,0.0,36.0
1321,70.7300747003043,20.874390507252908,1.0,0.0,36.0
1322,70.74801669920403,20.838488367978695,1.0,0.0,36.0
1323,70.72977656281728,20.846015531952585,1.0,0.0,36.0
1324,70.73874731629223,20.8741884396818,1.0,0.0,36.0
1325,70.76179647806764,20.852108098546932,1.0,0.0,36.0
1326,70.76841843506566,20.84065681569939,1.0,0.0,36.0
1327,70.74459017957375,20.8640018198214,1.0,0.0,36.0
1328,70.74975919774288,20.858645378488973,1.0,0.0,36.0
1329,70.73005931979264,20.845662685457384,1.0,0.0,36.0
1330,70.74373776053508,20.823048295719943,1.0,0.0,36.0
1331,70.76582750098339,20.852623510976784,1.0,0.0,36.0
1332,70.7619074353331,20.878264241238202,1.0,0.0,36.0
1333,70.73981672518826,20.810585576528975,1.0,0.0,36.0
1334,70.74195458285995,20.859334478992665,1.0,0.0,36.0
1335,70.75083980064001,20.85323199437508,1.0,0.0,36.0
1336,70.74513636056696,20.850079544096022,1.0,0.0,36.0
1337,70.73622688207047,20.850385231049884,1.0,0.0,36.0
1338,70.75119037490197,20.842540241624043,1.0,0.0,36.0
1339,70.73536110061103,20.825210129685516,1.0,0.0,36.0
1340,70.73601596395501,20.847774933371372,1.0,0.0,36.0
1341,70.73212601924723,20.83152537588048,1.0,0.0,36.0
1342,70.73440750649931,20.825249683619827,1.0,0.0,36.0
1343,70.7259322144524,20.810992465938945,1.0,0.0,36.0
1344,70.75152548210903,20.866660907314486,1.0,0.0,36.0
1345,70.71355503770525,20.855890614277907,1.0,0.0,36.0
1346,70.72168408463496,20.820696823226218,1.0,0.0,36.0
1347,70.7531609626128,20.844697452185294,1.0,0.0,36.0
1348,70.73946483950776,20.869911770200783,1.0,0.0,36.0
1349,70.72714636075438,20.846415188841178,1.0,0.0,36.0
1350,70.74493908213634,20.86309293534404,1.0,0.0,36.0
1351,70.74587048891577,20.827088573852155,1.0,0.0,36.0
1352,70.74324342493215,20.844024520395063,1.0,0.0,36.0
1353,70.73145885392589,20.851105240559995,1.0,0.0,36.0
1354,70.72541634955824,20.832620726657638,1.0,0.0,36.0
1355,70.73620433683388,20.856665858062765,1.0,0.0,36.0
1356,70.72126248173873,20.845104654423942,1.0,0.0,36.0
1357,70.74846363210486,20.86363576270789,1.0,0.0,36.0
1358,70.7306092602305,20.838753642069157,1.0,0.0,36.0
1359,70.72742627133465,20.833223614766784,1.0,0.0,36.0
1360,70.75093727153347,20.850769224805045,1.0,0.0,36.0
1361,70.74380160323902,20.863467005167827,1.0,0.0,36.0
1362,70.71980531870321,20.854919039913142,1.0,0.0,36.0
1363,70.72995820611004,20.87376729515782,1.0,0.0,36.0
1364,70.75425755751266,20.85969631886069,1.0,0.0,36.0
1365,70.7577129534838,20.844835832114597,1.0,0.0,36.0
1366,70.7729336446688,20.847454126059606,1.0,0.0,36.0
1367,70.72433137643685,20.840341548524357,1.0,0.0,36.0
1368,70.7110438794154,20.829884349930836,1.0,0.0,36.0
1369,70.74004118790401,20.83834875903477,1.0,0.0,36.0
1370,70.73323192658768,20.85306391127663,1.0,0.0,36.0
1371,70.71279684761114,20.862638901588575,1.0,0.0,36.0
1372,70.75136874743819,20.855386455007476,1.0,0.0,36.0
1373,70.75740693413071,20.844472466430553,1.0,0.0,36.0
1374,70.73766256903225,20.873724035684532,1.0,0.0,36.0
1375,70.73093264512264,20.847077684031515,1.0,0.0,36.0
1376,70.72592619069015,20.84070501534345,1.0,0.0,36.0
1377,70.76134780899346,20.82100998562252,1.0,0.0,36.0
1378,70.71939183128427,20.837991617399965,1.0,0.0,36.0
1379,70.73046078484639,20.858122598684446,1.0,0.0,36.0
1380,70.7366202318197,20.820101278879747,1.0,0.0,36.0
1381,70.76076998248966,20.84875827866947,1.0,0.0,36.0
1382,70.72892441128653,20.817276647455458,1.0,0.0,36.0
1383,70.73217636715896,20.883093876081432,1.0,0.0,36.0
1384,70.71896580495464,20.844329413895,1.0,0.0,36.0
1385,70.72834561722954,20.863506843866816,1.0,0.0,36.0
1386,70.7335475241217,20.832999635207745,1.0,0.0,36.0
1387,70.74595679353608,20.854139945784556,1.0,0.0,36.0
1388,70.7269344789434,20.839202363000044,1.0,0.0,36.0
1389,70.76376252327572,20.86468666657606,1.0,0.0,36.0
1390,70.72421128439282,20.852274096273494,1.0,0.0,36.0
1391,70.7357131262652,20.8638683108076,1.0,0.0,36.0
1392,70.72263724522766,20.851135943863568,1.0,0.0,36.0
1393,70.72557404189104,20.849471458520696,1.0,0.0,36.0
1394,70.70768888624842,20.832164196302415,1.0,0.0,36.0
1395,70.73082439926986,20.816804646590803,1.0,0.0,36.0
1396,70.74350750779031,20.833697887762025,1.0,0.0,36.0
1397,70.7461699496544,20.824588734560983,1.0,0.0,36.0
1398,70.72266461747448,20.874041969829833,1.0,0.0,36.0
1399,70.74358783607346,20.814256825045074,1.0,0.0,36.0
1400,70.7466268071242,20.84339798457522,1.0,0.0,36.0
1401,70.72336669922824,20.840490167924177,1.0,0.0,36.0
1402,70.75276936506285,20.817601338182104,1.0,0.0,36.0
1403,70.73872380563517,20.876156342330866,1.0,0.0,36.0
1404,70.74835399644876,20.832919801215436,1.0,0.0,36.0
1405,70.74283913003646,20.85615608129004,1.0,0.0,36.0
1406,70.75051012516708,20.839055510138444,1.0,0.0,36.0
1407,70.73092019485674,20.83881826770402,1.0,0.0,36.0
1408,70.73617181876753,20.838000310683693,1.0,0.0,36.0
1409,70.76352318726218,20.84299705575002,1.0,0.0,36.0
1410,70.73729409445711,20.846754620886337,1.0,0.0,36.0
1411,70.75093624350707,20.82650471377963,1.0,0.0,36.0
1412,70.72577291284571,20.83116654502946,1.0,0.0,36.0
1413,70.74693611637835,20.8335983887724,1.0,0.0,36.0
1414,70.72943961685414,20.85879580910332,1.0,0.0,36.0
1415,70.73642673767353,20.86516031206328,1.0,0.0,36.0
1416,70.72633007103919,20.836503471355005,1.0,0.0,36.0
1417,70.73392740007762,20.861939001793516,1.0,0.0,36.0
1418,70.74231255191361,20.85066043954716,1.0,0.0,36.0
1419,70.73302785379828,20.861419500233712,1.0,0.0,36.0
1420,70.7407176698741,20.861467778896184,1.0,0.0,36.0
1421,70.73573272102477,20.84949101401605,1.0,0.0,36.0
1422,70.70634137913314,20.85835368686351,1.0,0.0,36.0
1423,70.72672444787787,20.871844254374384,1.0,0.0,36.0
1424,70.73040160374488,20.861266773844097,1.0,0.0,36.0
1425,70.74338176987021,20.829040279573544,1.0,0.0,36.0
1426,70.71503473014221,20.868090780808064,1.0,0.0,36.0
1427,70.74570416568305,20.84575361958708,1.0,0.0,36.0
1428,70.73679655688579,20.839396583489545,1.0,0.0,36.0
1429,70.75600972478661,20.837652963528644,1.0,0.0,36.0
1430,70.74876669331944,20.828014294735848,1.0,0.0,36.0
1431,70.73855669418231,20.853339526443246,1.0,0.0,36.0
1432,70.7465431131239,20.842057770554987,1.0,0.0,36.0
1433,70.74871020425249,20.8548868799088,1.0,0.0,36.0
1434,70.7532826089912,20.859284157402985,1.0,0.0,36.0
1435,70.73433581753841,20.849064680201927,1.0,0.0,36.0
1436,70.73161945063563,20.84475790870655,1.0,0.0,36.0
1437,70.72756601032967,20.8699637218973,1.0,0.0,36.0
1438,70.72948754127518,20.861305965047805,1.0,0.0,36.0
1439,70.73798210322715,20.834317042502697,1.0,0.0,36.0
1440,70.70482636391633,20.83986603922651,1.0,0.0,36.0
1441,70.75212245410081,20.839274385738793,1.0,0.0,36.0
1442,70.73459322080187,20.863530855008744,1.0,0.0,36.0
1443,70.72969054416423,20.846849013128725,1.0,0.0,36.0
1444,70.74266842336579,20.857644992709577,1.0,0.0,36.0
1445,70.7539072285305,20.86406196272937,1.0,0.0,36.0
1446,70.72614055102387,20.846802956770297,1.0,0.0,36.0
1447,70.73277437721522,20.8084266914499,1.0,0.0,36.0
1448,70.71949367232656,20.85340698610958,1.0,0.0,36.0
1449,70.7570646125589,20.848312154697336,1.0,0.0,36.0
1450,70.72321961071904,20.862455747361984,1.0,0.0,36.0
1451,70.70772740364822,20.819911428669638,1.0,0.0,36.0
1452,70.72863676460378,20.867746281238144,1.0,0.0,36.0
1453,70.74114070549669,20.854518017307303,1.0,0.0,36.0
1454,70.76484040365396,20.855818548972604,1.0,0.0,36.0
1455,70.72663726306871,20.838914170960816,1.0,0.0,36.0
1456,70.74294074573773,20.833979777148315,1.0,0.0,36.0
1457,70.74588864164393,20.809968472777122,1.0,0.0,36.0
1458,70.75447045204166,20.858659916013345,1.0,0.0,36.0
1459,70.68694417108871,20.87361976721275,1.0,0.0,36.0
1460,70.71672658192146,20.831478293406562,1.0,0.0,36.0
1461,70.72805085221862,20.855483151018205,1.0,0.0,36.0
1462,70.76049300763196,20.875251732593462,1.0,0.0,36.0
1463,70.74201532426642,20.8342016943052,1.0,0.0,36.0
1464,70.73349370490371,20.82900194867266,1.0,0.0,36.0
1465,70.74050576565757,20.845100355223995,1.0,0.0,36.0
1466,70.75353354426069,20.87107028867111,1.0,0.0,36.0
1467,70.76498521498198,20.843493521555274,1.0,0.0,36.0
1468,70.7584000887576,20.850518930884625,1.0,0.0,36.0
1469,70.73182211176338,20.886735058054416,1.0,0.0,36.0
1470,70.75554411424939,20.850490061517885,1.0,0.0,36.0
1471,70.76514979952755,20.82515110049187,1.0,0.0,36.0
1472,70.77514903070823,20.85625446269617,1.0,0.0,36.0
1473,70.7317644802989,20.829224749479717,1.0,0.0,36.0
1474,70.74799993184935,20.857281175644946,1.0,0.0,36.0
1475,70.73463432338393,20.83170485874514,1.0,0.0,36.0
1476,70.73037242556549,20.809954709122593,1.0,0.0,36.0
1477,70.7287260509432,20.831659175888216,1.0,0.0,36.0
1478,70.72577622222299,20.832464194025924,1.0,0.0,36.0
1479,70.74173511498154,20.85259310632499,1.0,0.0,36.0
1480,70.72331910481726,20.839543900939958,1.0,0.0,36.0
1481,70.74730472837004,20.860588270108195,1.0,0.0,36.0
1482,70.73389753603192,20.86731599799437,1.0,0.0,36.0
1483,70.75458739061327,20.82551890427853,1.0,0.0,36.0
1484,70.75042505192229,20.838493400687856,1.0,0.0,36.0
1485,70.73650962770262,20.84023126701814,1.0,0.0,36.0
1486,70.72915929212678,20.845491831782102,1.0,0.0,36.0
1487,70.73103455827199,20.83879395493736,1.0,0.0,36.0
1488,70.73529787621798,20.832146393960972,1.0,0.0,36.0
1489,70.73406165519607,20.830727028493257,1.0,0.0,36.0
1490,70.72849426551716,20.839115440744322,1.0,0.0,36.0
1491,70.73557931368005,20.834260150865667,1.0,0.0,36.0
1492,70.72760004020083,20.8607803878197,1.0,0.0,36.0
1493,70.7298229930193,20.819745302568826,1.0,0.0,36.0
1494,70.72380496855367,20.859887418562607,1.0,0.0,36.0
1495,70.74142119694332,20.858129255480918,1.0,0.0,36.0
1496,70.74544832480912,20.85035388863842,1.0,0.0,36.0
1497,70.7271150637432,20.84398850379503,1.0,0.0,36.0
1498,70.72574938742545,20.835308284315683,1.0,0.0,36.0
1499,70.75357025436016,20.82834053949861,1.0,0.0,36.0
1500,70.75280089259539,20.84880267277381,1.0,0.0,36.0
1501,70.76650615999499,20.859986058661327,1.0,0.0,36.0
1502,70.7189371826546,20.85311974160055,1.0,0.0,36.0
1503,70.73001285157592,20.83220411715876,1.0,0.0,36.0
1504,70.74762499216239,20.84038031461852,1.0,0.0,36.0
1505,70.73052410481176,20.850906224336754,1.0,0.0,36.0
1506,70.74244003492373,20.86308183566422,1.0,0.0,36.0
1507,70.71371759025783,20.849835010544563,1.0,0.0,36.0
1508,70.74121035262354,20.83268225725321,1.0,0.0,36.0
1509,70.74329547850833,20.84157989052539,1.0,0.0,36.0
1510,70.76506443190554,20.85681414653941,1.0,0.0,36.0
1511,70.73188694526931,20.899353862083622,1.0,0.0,36.0
1512,70.74547612445367,20.85881821105917,1.0,0.0,36.0
1513,70.71879325952726,20.824985010011346,1.0,0.0,36.0
1514,70.7406497926362,20.839215956823903,1.0,0.0,36.0
1515,70.72921197513905,20.827614071478312,1.0,0.0,36.0
1516,70.71561651590562,20.873804669156446,1.0,0.0,36.0
1517,70.74664731834739,20.850077808428363,1.0,0.0,36.0
1518,70.72809762687399,20.833932903916057,1.0,0.0,36.0
1519,70.736774578401,20.852253816823776,1.0,0.0,36.0
1520,70.74096189108938,20.84534871479367,1.0,0.0,36.0
1521,70.75573278131692,20.83322109944318,1.0,0.0,36.0
1522,70.74606180274264,20.85259946272564,1.0,0.0,36.0
1523,70.71658918208652,20.860849342341364,1.0,0.0,36.0
1524,70.75077779576513,20.832741302041537,1.0,0.0,36.0
1525,70.75607270142737,20.84085987403098,1.0,0.0,36.0
1526,70.75307207515841,20.845870462689135,1.0,0.0,36.0
1527,70.74548861778206,20.858676219395807,1.0,0.0,36.0
1528,70.70307999855984,20.82920966701777,1.0,0.0,36.0
1529,70.74620346188185,20.844640739020686,1.0,0.0,36.0
1530,70.73054684979972,20.84258877023351,1.0,0.0,36.0
1531,70.72655764376258,20.826039372971195,1.0,0.0,36.0
1532,70.76044403636794,20.870054548513156,1.0,0.0,36.0
1533,70.73693381521304,20.868956637131404,1.0,0.0,36.0
1534,70.73301239001593,20.82799820047457,1.0,0.0,36.0
1535,70.73825440539969,20.84450386979132,1.0,0.0,36.0
1536,70.74912039386943,20.872606925049922,1.0,0.0,36.0
1537,70.7222807296097,20.814201553158075,1.0,0.0,36.0
1538,70.73180646909911,20.873632204466652,1.0,0.0,36.0
1539,70.7456697220898,20.863105905957045,1.0,0.0,36.0
1540,70.73996595872822,20.83099722958615,1.0,0.0,36.0
1541,70.72916485319021,20.85074105465517,1.0,0.0,36.0
1542,70.73947181278177,20.826507394155996,1.0,0.0,36.0
1543,70.72550628578821,20.84966772324089,1.0,0.0,36.0
1544,70.74946020757874,20.84382625164084,1.0,0.0,36.0
1545,70.75151885252879,20.843623083225026,1.0,0.0,36.0
1546,70.73594251174765,20.858184183791202,1.0,0.0,36.0
1547,70.73739063382926,20.832656269692894,1.0,0.0,36.0
1548,70.73628076593248,20.844652276496564,1.0,0.0,36.0
1549,70.73385193576624,20.848463506632218,1.0,0.0,36.0
1550,70.70674914867743,20.859519633877074,1.0,0.0,36.0
1551,70.72460368429937,20.819835217612226,1.0,0.0,36.0
1552,70.73206027813696,20.864839329462335,1.0,0.0,36.0
1553,70.72902383482656,20.8438540251038,1.0,0.0,36.0
1554,70.7351921025691,20.853035395254967,1.0,0.0,36.0
1555,70.7255032780133,20.823304364540395,1.0,0.0,36.0
1556,70.72409490257722,20.844112234756995,1.0,0.0,36.0
1557,70.74833929055737,20.84274160249791,1.0,0.0,36.0
1558,70.74370104512334,20.83643749712867,1.0,0.0,36.0
1559,70.72392489396498,20.81314199365111,1.0,0.0,36.0
1560,70.74484620862529,20.851387814573037,1.0,0.0,36.0
1561,70.7325323812255,20.863484990463768,1.0,0.0,36.0
1562,70.72876479815618,20.87224196179163,1.0,0.0,36.0
1563,70.73902608911354,20.870475891153266,1.0,0.0,36.0
1564,70.700241736695,20.866750185652602,1.0,0.0,36.0
1565,70.74718269292451,20.86770294776392,1.0,0.0,36.0
1566,70.73808198886775,20.85713026592999,1.0,0.0,36.0
1567,70.72368765375944,20.805704446168797,1.0,0.0,36.0
1568,70.74851930099643,20.863586545293252,1.0,0.0,36.0
1569,70.7490591140874,20.83115254198936,1.0,0.0,36.0
1570,70.72101604795091,20.834210420823485,1.0,0.0,36.0
1571,70.74569483295728,20.829680858254278,1.0,0.0,36.0
1572,70.70998289527218,20.878742051067885,1.0,0.0,36.0
1573,70.758167137408,20.83021560169726,1.0,0.0,36.0
1574,70.7639882649548,20.861839016056678,1.0,0.0,36.0
1575,70.75870628618789,20.830991171358843,1.0,0.0,36.0
1576,70.73430568312324,20.850797933964554,1.0,0.0,36.0
1577,70.71594862829603,20.84726863690572,1.0,0.0,36.0
1578,70.75879770491464,20.837435111732116,1.0,0.0,36.0
1579,70.75283122248078,20.84360074300618,1.0,0.0,36.0
1580,70.73440607793528,20.8331973342799,1.0,0.0,36.0
1581,70.75149664646402,20.838817607691876,1.0,0.0,36.0
1582,70.6998221225587,20.823657461182066,1.0,0.0,36.0
1583,70.73695540664502,20.850709900702654,1.0,0.0,36.0
1584,70.73815583502721,20.830387942202876,1.0,0.0,36.0
1585,70.7461803464147,20.857830885347244,1.0,0.0,36.0
1586,70.73429180115787,20.864628648905196,1.0,0.0,36.0
1587,70.73710289067758,20.8549390355012,1.0,0.0,36.0
1588,70.71969870310336,20.836387931268913,1.0,0.0,36.0
1589,70.747464066556,20.84457200114889,1.0,0.0,36.0
1590,70.7370449645057,20.84086616636429,1.0,0.0,36.0
1591,70.75846536896832,20.866010823223835,1.0,0.0,36.0
1592,70.7303577348085,20.853855974532728,1.0,0.0,36.0
1593,70.7111398147912,20.861321330230858,1.0,0.0,36.0
1594,70.7345075811567,20.856954103944457,1.0,0.0,36.0
1595,70.72405983714818,20.816591210889932,1.0,0.0,36.0
1596,70.72363903811925,20.871991523814767,1.0,0.0,36.0
1597,70.7566536070189,20.83006467284176,1.0,0.0,36.0
1598,70.72057511641755,20.86170653650752,1.0,0.0,36.0
1599,70.73970732799974,20.845698187956714,1.0,0.0,36.0
1600,70.71153714786857,20.84006703080684,1.0,0.0,36.0
1601,70.7340264366406,20.847171508887953,1.0,0.0,36.0
1602,70.72018585733325,20.859647367896436,1.0,0.0,36.0
1603,70.71506099586985,20.84882243046311,1.0,0.0,36.0
1604,70.73811645786296,20.83538120694356,1.0,0.0,36.0
1605,70.72277911029893,20.854845956957654,1.0,0.0,36.0
1606,70.74106813602472,20.83405979516208,1.0,0.0,36.0
1607,70.70821736151399,20.84696426678928,1.0,0.0,36.0
1608,70.74740738704348,20.878525583808802,1.0,0.0,36.0
1609,70.71227878915258,20.83549515912126,1.0,0.0,36.0
1610,70.74031716220048,20.860863585593837,1.0,0.0,36.0
1611,70.73321130095539,20.862192615722908,1.0,0.0,36.0
1612,70.73005562662608,20.858005058908706,1.0,0.0,36.0
1613,70.74413736127946,20.814830542547067,1.0,0.0,36.0
1614,70.71447293891576,20.847579040122124,1.0,0.0,36.0
1615,70.77126126970353,20.869575057355448,1.0,0.0,36.0
1616,70.75522511066225,20.847186740857335,1.0,0.0,36.0
1617,70.72901279943704,20.862097778394983,1.0,0.0,36.0
1618,70.7676244800631,20.824490727224006,1.0,0.0,36.0
1619,70.74651103749913,20.838694732628856,1.0,0.0,36.0
1620,70.74328160848312,20.856165239976477,1.0,0.0,36.0
1621,70.75233402445602,20.81272094926351,1.0,0.0,36.0
1622,70.74193252884912,20.84556795264097,1.0,0.0,36.0
1623,70.72221060948124,20.845518053913267,1.0,0.0,36.0
1624,70.7321838594011,20.864511625109966,1.0,0.0,36.0
1625,70.71828055257934,20.86762844831853,1.0,0.0,36.0
1626,70.70975651482264,20.839488375348182,1.0,0.0,36.0
1627,70.73169846355259,20.862388444973025,1.0,0.0,36.0
1628,70.71707547116874,20.827269145501177,1.0,0.0,36.0
1629,70.73422331356521,20.838497937780026,1.0,0.0,36.0
1630,70.73965021815033,20.82698131527078,1.0,0.0,36.0
1631,70.72413721225435,20.831987159997063,1.0,0.0,36.0
1632,70.7194551137068,20.835601623761935,1.0,0.0,36.0
1633,70.7163338895018,20.844642732733856,1.0,0.0,36.0
1634,70.75546982348848,20.8523666688539,1.0,0.0,36.0
1635,70.73149334774764,20.84177871962491,1.0,0.0,36.0
1636,70.73897248324764,20.85144834795661,1.0,0.0,36.0
1637,70.73680270100702,20.840825518896196,1.0,0.0,36.0
1638,70.7394984002355,20.827262956338217,1.0,0.0,36.0
1639,70.76175760912437,20.85724058096187,1.0,0.0,36.0
1640,70.7515366860686,20.826011426098624,1.0,0.0,36.0
1641,70.71383058725839,20.830683686414137,1.0,0.0,36.0
1642,70.69666725519919,20.844528068321786,1.0,0.0,36.0
1643,70.75516816386579,20.821023425949335,1.0,0.0,36.0
1644,70.75846207885738,20.857617255733228,1.0,0.0,36.0
1645,70.73287478914345,20.865010315141777,1.0,0.0,36.0
1646,70.7497992550904,20.828078325105434,1.0,0.0,36.0
1647,70.73953386655494,20.851085029006732,1.0,0.0,36.0
1648,70.71357911949606,20.839862990755726,1.0,0.0,36.0
1649,70.72284648490587,20.882968371084434,1.0,0.0,36.0
1650,70.72039971595656,20.864700637321313,1.0,0.0,36.0
1651,70.70268648403479,20.84020097789622,1.0,0.0,36.0
1652,70.76248792241061,20.867396104870426,1.0,0.0,36.0
1653,70.76455809063373,20.833035930175622,1.0,0.0,36.0
1654,70.71907554298232,20.826935940314517,1.0,0.0,36.0
1655,70.73756820355003,20.839815479881768,1.0,0.0,36.0
1656,70.70827651792978,20.840281414529645,1.0,0.0,36.0
1657,70.72130735479388,20.869645148081027,1.0,0.0,36.0
1658,70.72919397009984,20.86009578675595,1.0,0.0,36.0
1659,70.73690412297628,20.828150885704567,1.0,0.0,36.0
1660,70.75289654663027,20.840279135524025,1.0,0.0,36.0
1661,70.70350055305941,20.858262912044008,1.0,0.0,36.0
1662,70.75297453886944,20.82682968999742,1.0,0.0,36.0
1663,70.72812554552593,20.87592735856897,1.0,0.0,36.0
1664,70.7479962583793,20.83818416617474,1.0,0.0,36.0
1665,70.72518128742325,20.80565052026787,1.0,0.0,36.0
1666,70.74574702392847,20.8659103105096,1.0,0.0,36.0
1667,70.73161031138201,20.825789735684655,1.0,0.0,36.0
1668,70.74074077916747,20.85166750028747,1.0,0.0,36.0
1669,70.72540481502118,20.868165534759967,1.0,0.0,36.0
1670,70.75026478206192,20.86665271707062,1.0,0.0,36.0
1671,70.71970213871336,20.86156306088557,1.0,0.0,36.0
1672,70.74322955920412,20.848822932337928,1.0,0.0,36.0
1673,70.76220790098796,20.852509432095204,1.0,0.0,36.0
1674,70.7181137118707,20.829153171648066,1.0,0.0,36.0
1675,70.73893666363932,20.875267281492842,1.0,0.0,36.0
1676,70.73391791393423,20.84249548956934,1.0,0.0,36.0
1677,70.71995264872403,20.836584007774118,1.0,0.0,36.0
1678,70.73390845507066,20.83779720660846,1.0,0.0,36.0
1679,70.72652797123654,20.82764564943439,1.0,0.0,36.0
1680,70.73576428792335,20.85250121109475,1.0,0.0,36.0
1681,70.72938380248507,20.867045531104218,1.0,0.0,36.0
1682,70.73610766611472,20.84891322977655,1.0,0.0,36.0
1683,70.73164017069598,20.822832845735135,1.0,0.0,36.0
1684,70.72243304750695,20.870046108657103,1.0,0.0,36.0
1685,70.7357555013422,20.868212441965365,1.0,0.0,36.0
1686,70.75574333512162,20.842659099808554,1.0,0.0,36.0
1687,70.71128204693123,20.836253573137213,1.0,0.0,36.0
1688,70.72431198057399,20.864579321890023,1.0,0.0,36.0
1689,70.73860089456596,20.876215244894833,1.0,0.0,36.0
1690,70.73358828826206,20.84415817451326,1.0,0.0,36.0
1691,70.73546040145217,20.840759068318725,1.0,0.0,36.0
1692,70.72024461110243,20.829573903886068,1.0,0.0,36.0
1693,70.72306395866313,20.833218382071067,1.0,0.0,36.0
1694,70.74008340670892,20.85470596886456,1.0,0.0,36.0
1695,70.74765525652512,20.829498866791198,1.0,0.0,36.0
1696,70.73374687266029,20.870962118862163,1.0,0.0,36.0
1697,70.73674714749089,20.86170487204243,1.0,0.0,36.0
1698,70.74178415377658,20.85663956408068,1.0,0.0,36.0
1699,70.75919540072091,20.854521006239157,1.0,0.0,36.0
1700,70.74716483815402,20.836582975742328,1.0,0.0,36.0
1701,70.73250507449194,20.86098263828882,1.0,0.0,36.0
1702,70.71863216092731,20.87217520045696,1.0,0.0,36.0
1703,70.72525336099491,20.84586482317502,1.0,0.0,36.0
1704,70.72855863815778,20.868465119936776,1.0,0.0,36.0
1705,70.73191387474684,20.873656849167155,1.0,0.0,36.0
1706,70.73797021973574,20.86818778759365,1.0,0.0,36.0
1707,70.7157569380826,20.821575744878274,1.0,0.0,36.0
1708,70.74874817276242,20.847196499268286,1.0,0.0,36.0
1709,70.7304591596464,20.854066706732063,1.0,0.0,36.0
1710,70.7178917256205,20.853361824913343,1.0,0.0,36.0
1711,70.72147455823846,20.855265203996613,1.0,0.0,36.0
1712,70.73673286546448,20.849032500970935,1.0,0.0,36.0
1713,70.73508533618018,20.845127073708685,1.0,0.0,36.0
1714,70.73662483454265,20.85859422980035,1.0,0.0,36.0
1715,70.74864530917607,20.870064703495615,1.0,0.0,36.0
1716,70.73016176258803,20.84889079185144,1.0,0.0,36.0
1717,70.73863084914102,20.8590738663216,1.0,0.0,36.0
1718,70.73839781022706,20.83823070564271,1.0,0.0,36.0
1719,70.72542186331297,20.83806818377797,1.0,0.0,36.0
1720,70.74226106580277,20.86927297647859,1.0,0.0,36.0
1721,70.72915897863318,20.859424307008872,1.0,0.0,36.0
1722,70.7501809499886,20.859332577905565,1.0,0.0,36.0
1723,70.73528717948543,20.84715453734734,1.0,0.0,36.0
1724,70.72918413010711,20.859403657302625,1.0,0.0,36.0
1725,70.72583476721293,20.817438096040174,1.0,0.0,36.0
1726,70.72430657127677,20.83619935838571,1.0,0.0,36.0
1727,70.7270062377003,20.823545158565736,1.0,0.0,36.0
1728,70.73379008926582,20.804890982284704,1.0,0.0,36.0
1729,70.73316307059264,20.843721698134637,1.0,0.0,36.0
1730,70.72413962535039,20.834779749800816,1.0,0.0,36.0
1731,70.73700424763976,20.849845855648702,1.0,0.0,36.0
1732,70.71986346715732,20.833109002185463,1.0,0.0,36.0
1733,70.72663743197928,20.844911667288905,1.0,0.0,36.0
1734,70.75174965796359,20.844296643818023,1.0,0.0,36.0
1735,70.72113181088724,20.864133027723046,1.0,0.0,36.0
1736,70.7481769789755,20.87415262697669,1.0,0.0,36.0
1737,70.74978334645945,20.87873518194743,1.0,0.0,36.0
1738,70.73062261215716,20.82276594300302,1.0,0.0,36.0
1739,70.74478010014667,20.82157023004846,1.0,0.0,36.0
1740,70.72935155936561,20.862400301111634,1.0,0.0,36.0
1741,70.7597762806385,20.828320305403253,1.0,0.0,36.0
1742,70.74737171358124,20.87629542340841,1.0,0.0,36.0
1743,70.7408727016548,20.814817491649602,1.0,0.0,36.0
1744,70.71032796325419,20.845818944095633,1.0,0.0,36.0
1745,70.73517552655667,20.83109694478755,1.0,0.0,36.0
1746,70.73394195083769,20.83110287311987,1.0,0.0,36.0
1747,70.73375729491414,20.8614686580832,1.0,0.0,36.0
1748,70.74024478463325,20.856492309931465,1.0,0.0,36.0
1749,70.6992526366604,20.859148038786046,1.0,0.0,36.0
1750,70.73326339881159,20.838047533438157,1.0,0.0,36.0
1751,70.72959305933603,20.846135954880847,1.0,0.0,36.0
1752,70.74689430417568,20.861258103808343,1.0,0.0,36.0
1753,70.72867612170911,20.81733368678867,1.0,0.0,36.0
1754,70.7318746125439,20.831831295703,1.0,0.0,36.0
1755,70.6945129384311,20.811269728316674,1.0,0.0,36.0
1756,70.73139440953445,20.862698305871803,1.0,0.0,36.0
1757,70.7657210147607,20.852852608118692,1.0,0.0,36.0
1758,70.73521049099111,20.84365010889206,1.0,0.0,36.0
1759,70.7645910357713,20.86147567008504,1.0,0.0,36.0
1760,70.73048325055655,20.80951932860842,1.0,0.0,36.0
1761,70.70907938537569,20.828860419216127,1.0,0.0,36.0
1762,70.7441703164345,20.870960719058075,1.0,0.0,36.0
1763,70.72289756937217,20.881489515228115,1.0,0.0,36.0
1764,70.71462488589583,20.86426711339327,1.0,0.0,36.0
1765,70.73260229530787,20.834903532786498,1.0,0.0,36.0
1766,70.72996180232154,20.803060444490274,1.0,0.0,36.0
1767,70.7518943632114,20.851141786043556,1.0,0.0,36.0
1768,70.75448647738416,20.864465994375426,1.0,0.0,36.0
1769,70.75179830631176,20.847294880284302,1.0,0.0,36.0
1770,70.75376061230828,20.84710632872799,1.0,0.0,36.0
1771,70.7369441809397,20.835197417516934,1.0,0.0,36.0
1772,70.73630189794957,20.83903970480711,1.0,0.0,36.0
1773,70.75675781698519,20.846767514288366,1.0,0.0,36.0
1774,70.73491571308035,20.83942107067437,1.0,0.0,36.0
1775,70.73685634276767,20.85669986864324,1.0,0.0,36.0
1776,70.74178111171645,20.808049138293022,1.0,0.0,36.0
1777,70.71426585252574,20.894322646865714,1.0,0.0,36.0
1778,70.75593308536342,20.841382470052608,1.0,0.0,36.0
1779,70.72297875993294,20.854691021087003,1.0,0.0,36.0
1780,70.72298086620125,20.83606741943982,1.0,0.0,36.0
1781,70.71613688184006,20.847449182478,1.0,0.0,36.0
1782,70.75370244908557,20.845954856390616,1.0,0.0,36.0
1783,70.75079517921368,20.870576705318204,1.0,0.0,36.0
1784,70.73391876401286,20.852789984495136,1.0,0.0,36.0
1785,70.73428340136975,20.849081812572923,1.0,0.0,36.0
1786,70.75978513816776,20.866155605798706,1.0,0.0,36.0
1787,70.73227929496208,20.824484727789752,1.0,0.0,36.0
1788,70.7265251529323,20.86018604451856,1.0,0.0,36.0
1789,70.70911674449975,20.812010531822075,1.0,0.0,36.0
1790,70.73670961134665,20.85499036311842,1.0,0.0,36.0
1791,70.73232367181011,20.833366517148413,1.0,0.0,36.0
1792,70.72583293692817,20.8443997760345,1.0,0.0,36.0
1793,70.74744292627967,20.829038532958478,1.0,0.0,36.0
1794,70.72294008166743,20.83873751987989,1.0,0.0,36.0
1795,70.74103759790789,20.86948936439907,1.0,0.0,36.0
1796,70.70354260431331,20.815766029317977,1.0,0.0,36.0
1797,70.73769877819602,20.858418549127283,1.0,0.0,36.0
1798,70.73348449068718,20.866889401713884,1.0,0.0,36.0
1799,70.71652139785115,20.843651302419836,1.0,0.0,36.0
1800,70.74328218594327,20.828493548368904,1.0,0.0,36.0
1801,70.75694088145842,20.851290976425016,1.0,0.0,36.0
1802,70.75818449476873,20.87206123818594,1.0,0.0,36.0
1803,70.73986431095173,20.84740349793541,1.0,0.0,36.0
1804,70.75066760709939,20.829412932679475,1.0,0.0,36.0
1805,70.7511109956312,20.82567239129099,1.0,0.0,36.0
1806,70.71606769344281,20.87433829771696,1.0,0.0,36.0
1807,70.74662150503106,20.860332324079767,1.0,0.0,36.0
1808,70.74808525993295,20.860905760467798,1.0,0.0,36.0
1809,70.74649567201573,20.84400839710728,1.0,0.0,36.0
1810,70.73576412703117,20.847549645593567,1.0,0.0,36.0
1811,70.73783685474943,20.845653330130737,1.0,0.0,36.0
1812,70.75294010243303,20.85898113457591,1.0,0.0,36.0
1813,70.74397829674514,20.857717096195348,1.0,0.0,36.0
1814,70.77985715160575,20.868224212942838,1.0,0.0,36.0
1815,70.73903388599308,20.84268767622533,1.0,0.0,36.0
1816,70.72264034908007,20.84710389891643,1.0,0.0,36.0
1817,70.7597784397507,20.870408717478348,1.0,0.0,36.0
1818,70.73437492124313,20.853910225217557,1.0,0.0,36.0
1819,70.7369634365615,20.822829814713216,1.0,0.0,36.0
1820,70.71567426255804,20.84173207094959,1.0,0.0,36.0
1821,70.72529940101217,20.882099780088133,1.0,0.0,36.0
1822,70.73303597776383,20.847830732645892,1.0,0.0,36.0
1823,70.71459976599026,20.84928302334035,1.0,0.0,36.0
1824,70.74266149481845,20.858827071663594,1.0,0.0,36.0
1825,70.72947180363192,20.83601100423662,1.0,0.0,36.0
1826,70.73122533378806,20.83495551900753,1.0,0.0,36.0
1827,70.7470021123138,20.843311825042644,1.0,0.0,36.0
1828,70.7307614866119,20.85452556499681,1.0,0.0,36.0
1829,70.73631314837883,20.83638148728494,1.0,0.0,36.0
1830,70.73044534184352,20.85144149938852,1.0,0.0,36.0
1831,70.77280245401418,20.83689907037121,1.0,0.0,36.0
1832,70.73952736858476,20.841742628373954,1.0,0.0,36.0
1833,70.75585440938569,20.844004114193428,1.0,0.0,36.0
1834,70.73752791073044,20.84878474524799,1.0,0.0,36.0
1835,70.75181725778612,20.832443847880782,1.0,0.0,36.0
1836,70.72551872619417,20.853178733922284,1.0,0.0,36.0
1837,70.72065943555488,20.827117988070956,1.0,0.0,36.0
1838,70.7475606733823,20.871566346902746,1.0,0.0,36.0
1839,70.73595102736518,20.84916318394389,1.0,0.0,36.0
1840,70.72328763357318,20.850817927506853,1.0,0.0,36.0
1841,70.7332794598747,20.832962901976934,1.0,0.0,36.0
1842,70.76715939719504,20.855880026933562,1.0,0.0,36.0
1843,70.7470473538249,20.834935353712392,1.0,0.0,36.0
1844,70.73310625033446,20.86217322300385,1.0,0.0,36.0
1845,70.74634098058436,20.848630030260523,1.0,0.0,36.0
1846,70.76091997506869,20.865707442335502,1.0,0.0,36.0
1847,70.71713395882736,20.81814551072391,1.0,0.0,36.0
1848,70.72021193458465,20.859288982740143,1.0,0.0,36.0
1849,70.71133149705756,20.836704448507486,1.0,0.0,36.0
1850,70.72731123066106,20.85995755284914,1.0,0.0,36.0
1851,70.736919065453,20.85896968009217,1.0,0.0,36.0
1852,70.71249241527646,20.85367622547935,1.0,0.0,36.0
1853,70.74407539582371,20.831085666742265,1.0,0.0,36.0
1854,70.7446490305401,20.850055961243452,1.0,0.0,36.0
1855,70.72770820388617,20.832342543550944,1.0,0.0,36.0
1856,70.75342172957932,20.88636007147163,1.0,0.0,36.0
1857,70.71161875451112,20.815279067233817,1.0,0.0,36.0
1858,70.74969471624269,20.846281492721946,1.0,0.0,36.0
1859,70.74322486790837,20.84378889845854,1.0,0.0,36.0
1860,70.72449656435353,20.87120490982004,1.0,0.0,36.0
1861,70.74857969364732,20.85365125262613,1.0,0.0,36.0
1862,70.74115184406294,20.848849128728734,1.0,0.0,36.0
1863,70.74309387392839,20.832133220931716,1.0,0.0,36.0
1864,70.72338380363604,20.81887763662239,1.0,0.0,36.0
1865,70.74392153524107,20.83822953750923,1.0,0.0,36.0
1866,70.72633531662224,20.826353574480102,1.0,0.0,36.0
1867,70.71984375102481,20.838786839825424,1.0,0.0,36.0
1868,70.75276004118928,20.855768368628052,1.0,0.0,36.0
1869,70.7430353269851,20.840881969875163,1.0,0.0,36.0
1870,70.71667601674552,20.884808609106646,1.0,0.0,36.0
1871,70.73966856164854,20.81075845918304,1.0,0.0,36.0
1872,70.69367508593517,20.859942425485478,1.0,0.0,36.0
1873,70.73163431768167,20.83818492512724,1.0,0.0,36.0
1874,70.73894349999681,20.873553599912622,1.0,0.0,36.0
1875,70.74059105412854,20.82760106657623,1.0,0.0,36.0
1876,70.75565683276102,20.874248932296368,1.0,0.0,36.0
1877,70.74489745283275,20.880871073757724,1.0,0.0,36.0
1878,70.75384972145031,20.8274308900133,1.0,0.0,36.0
1879,70.71751878157568,20.844691954187773,1.0,0.0,36.0
1880,70.73901844047624,20.877816787789463,1.0,0.0,36.0
1881,70.73654117139873,20.860820591577735,1.0,0.0,36.0
1882,70.71736031413903,20.864360238412893,1.0,0.0,36.0
1883,70.7594430348522,20.88381332460978,1.0,0.0,36.0
1884,70.71838358558517,20.84960948619531,1.0,0.0,36.0
1885,70.7409804268028,20.853137521527,1.0,0.0,36.0
1886,70.73660504764615,20.858283458486714,1.0,0.0,36.0
1887,70.7383131788281,20.84194313666752,1.0,0.0,36.0
1888,70.73210157148866,20.862484534556724,1.0,0.0,36.0
1889,70.74225953841211,20.84349065299431,1.0,0.0,36.0
1890,70.75389466468587,20.83078802307523,1.0,0.0,36.0
1891,70.73477738749847,20.850794679895607,1.0,0.0,36.0
1892,70.7509810753846,20.830748397250037,1.0,0.0,36.0
1893,70.73115640854469,20.844084508169725,1.0,0.0,36.0
1894,70.74741324033931,20.865852170232582,1.0,0.0,36.0
1895,70.73729902193386,20.850258062961398,1.0,0.0,36.0
1896,70.72137453925106,20.857680341166404,1.0,0.0,36.0
1897,70.74374685468351,20.86279545826439,1.0,0.0,36.0
1898,70.72927533821742,20.851623032828538,1.0,0.0,36.0
1899,70.73671347812953,20.8481023989913,1.0,0.0,36.0
1900,70.72587235814093,20.847785658915445,1.0,0.0,36.0
1901,70.73355999561471,20.85430520519389,1.0,0.0,36.0
1902,70.73905714518287,20.834432181282533,1.0,0.0,36.0
1903,70.7355563955734,20.84118094443958,1.0,0.0,36.0
1904,70.71966313701402,20.82888592639298,1.0,0.0,36.0
1905,70.75200963171466,20.809120011613185,1.0,0.0,36.0
1906,70.7465393123319,20.846591540437572,1.0,0.0,36.0
1907,70.74424062336365,20.845690091406812,1.0,0.0,36.0
1908,70.74310917181903,20.872197932751824,1.0,0.0,36.0
1909,70.7343492625058,20.844622136876932,1.0,0.0,36.0
1910,70.76067131951518,20.8443500677395,1.0,0.0,36.0
1911,70.72380844346986,20.85768991404429,1.0,0.0,36.0
1912,70.72072146991917,20.83684813326508,1.0,0.0,36.0
1913,70.7362950780135,20.875376739393907,1.0,0.0,36.0
1914,70.74103107279437,20.856517981185217,1.0,0.0,36.0
1915,70.74115323011013,20.869916397529654,1.0,0.0,36.0
1916,70.75047565185454,20.815384155218904,1.0,0.0,36.0
1917,70.7390050307063,20.842065716568474,1.0,0.0,36.0
1918,70.74074025733532,20.852390114537855,1.0,0.0,36.0
1919,70.72329239520762,20.859333530731725,1.0,0.0,36.0
1920,70.72616563029136,20.85763784572991,1.0,0.0,36.0
1921,70.71098680238738,20.861027408950303,1.0,0.0,36.0
1922,70.73276418987679,20.88880743168268,1.0,0.0,36.0
1923,70.74354030931612,20.815147703446538,1.0,0.0,36.0
1924,70.71596906347435,20.83192723360689,1.0,0.0,36.0
1925,70.72725637334463,20.845786948270494,1.0,0.0,36.0
1926,70.72830447200855,20.859036933898917,1.0,0.0,36.0
1927,70.72257894944839,20.82902069711384,1.0,0.0,36.0
1928,70.75055153421461,20.85576298475342,1.0,0.0,36.0
1929,70.73109205254752,20.854167560313364,1.0,0.0,36.0
1930,70.74446158651116,20.830281124666747,1.0,0.0,36.0
1931,70.71876382712682,20.837372790655397,1.0,0.0,36.0
1932,70.70293535805615,20.824970671728963,1.0,0.0,36.0
1933,70.7294123315936,20.8931247419119,1.0,0.0,36.0
1934,70.74834751492651,20.819644600760963,1.0,0.0,36.0
1935,70.71127376090524,20.86139349195582,1.0,0.0,36.0
1936,70.71319977437507,20.85403137343185,1.0,0.0,36.0
1937,70.7136008239206,20.830347854888753,1.0,0.0,36.0
1938,70.74922910126205,20.85589719688134,1.0,0.0,36.0
1939,70.71962526824285,20.85172588290895,1.0,0.0,36.0
1940,70.74752061011485,20.869216273176516,1.0,0.0,36.0
1941,70.74053359794718,20.846299227768892,1.0,0.0,36.0
1942,70.73676765530278,20.832072435578596,1.0,0.0,36.0
1943,70.75040070284354,20.853899030540624,1.0,0.0,36.0
1944,70.75900911039439,20.8635904256951,1.0,0.0,36.0
1945,70.75572559195065,20.882893653632948,1.0,0.0,36.0
1946,70.73663602464227,20.833528636011167,1.0,0.0,36.0
1947,70.76652866954944,20.86056399204375,1.0,0.0,36.0
1948,70.73626524055727,20.83561668986268,1.0,0.0,36.0
1949,70.7186503605547,20.83910955541092,1.0,0.0,36.0
1950,70.7196090568422,20.847786468394126,1.0,0.0,36.0
1951,70.74681413809064,20.862254355199607,1.0,0.0,36.0
1952,70.72847925246424,20.807414049469728,1.0,0.0,36.0
1953,70.74632922704646,20.81709956845987,1.0,0.0,36.0
1954,70.73848042397344,20.848268088435656,1.0,0.0,36.0
1955,70.73453642315802,20.86155199003045,1.0,0.0,36.0
1956,70.74653600292775,20.830729526756226,1.0,0.0,36.0
1957,70.73617164766249,20.855695993898546,1.0,0.0,36.0
1958,70.74840603757737,20.841791088309538,1.0,0.0,36.0
1959,70.72617754243697,20.874561313381463,1.0,0.0,36.0
1960,70.70392328351473,20.847078409423798,1.0,0.0,36.0
1961,70.72569086795717,20.81777358314643,1.0,0.0,36.0
1962,70.72109766249174,20.854350331851343,1.0,0.0,36.0
1963,70.73852484909258,20.87148346154225,1.0,0.0,36.0
1964,70.73397264132687,20.867060637599824,1.0,0.0,36.0
1965,70.73024343495382,20.850103728148305,1.0,0.0,36.0
1966,70.76311140616693,20.831314975732738,1.0,0.0,36.0
1967,70.74965226748661,20.84635975068545,1.0,0.0,36.0
1968,70.75412902080402,20.84414234950437,1.0,0.0,36.0
1969,70.74157441175427,20.862132891497097,1.0,0.0,36.0
1970,70.7340846555578,20.855196490284094,1.0,0.0,36.0
1971,70.72826088047043,20.866740169746528,1.0,0.0,36.0
1972,70.70545427045741,20.843217286873223,1.0,0.0,36.0
1973,70.72675229885125,20.85089686949526,1.0,0.0,36.0
1974,70.73541269369528,20.844202212478724,1.0,0.0,36.0
1975,70.73464769211894,20.830760884807486,1.0,0.0,36.0
1976,70.72860696464069,20.85144937536737,1.0,0.0,36.0
1977,70.71868842738202,20.85876313685737,1.0,0.0,36.0
1978,70.73961842753256,20.82591834693717,1.0,0.0,36.0
1979,70.74255336795068,20.856664578598064,1.0,0.0,36.0
1980,70.72913131223854,20.870613620847386,1.0,0.0,36.0
1981,70.75069240619418,20.824309522960434,1.0,0.0,36.0
1982,70.74499366771049,20.86954216826656,1.0,0.0,36.0
1983,70.71684910139365,20.82182682642235,1.0,0.0,36.0
1984,70.75595883484813,20.826934166822547,1.0,0.0,36.0
1985,70.73823408914296,20.822299071555403,1.0,0.0,36.0
1986,70.74237791536792,20.85467580778131,1.0,0.0,36.0
1987,70.71607510229407,20.88002920756794,1.0,0.0,36.0
1988,70.7353069763243,20.86708577113936,1.0,0.0,36.0
1989,70.73397724520198,20.825200279453473,1.0,0.0,36.0
1990,70.73475256921161,20.885486787640478,1.0,0.0,36.0
1991,70.72416398661483,20.851457440220386,1.0,0.0,36.0
1992,70.72091983491126,20.85472156078437,1.0,0.0,36.0
1993,70.74259249054398,20.840793395148474,1.0,0.0,36.0
1994,70.73462117109926,20.864952362917407,1.0,0.0,36.0
1995,70.7526811616011,20.869048920103175,1.0,0.0,36.0
1996,70.74920149813757,20.849561104182733,1.0,0.0,36.0
1997,70.74055907565729,20.849215134443796,1.0,0.0,36.0
1998,70.71898267010812,20.837818474748854,1.0,0.0,36.0
1999,70.72055262795472,20.833251000216467,1.0,0.0,36.0
2000,70.74144204216648,20.823454869235928,1.0,0.0,36.0
2001,70.75520136417798,20.83872847052112,1.0,0.0,36.0
2002,70.74167120400779,20.827174815597083,1.0,0.0,36.0
2003,70.7439879619542,20.836573336967632,1.0,0.0,36.0
2004,70.73915542271406,20.85202666094658,1.0,0.0,36.0
2005,70.75114744820192,20.860199166717784,1.0,0.0,36.0
2006,70.72055354410628,20.857032055797383,1.0,0.0,36.0
2007,70.71764834421045,20.867888612605196,1.0,0.0,36.0
2008,70.73017301413876,20.859926675667303,1.0,0.0,36.0
2009,70.73330892670555,20.83136304003262,1.0,0.0,36.0
2010,70.72766435427815,20.838850152633032,1.0,0.0,36.0
2011,70.740512254011,20.868115163135837,1.0,0.0,36.0
2012,70.73715065075564,20.83403758224344,1.0,0.0,36.0
2013,70.73650120078807,20.823613267837896,1.0,0.0,36.0
2014,70.71040052099282,20.85435372918643,1.0,0.0,36.0
2015,70.75363849439539,20.8745654706987,1.0,0.0,36.0
2016,70.74459570743623,20.837475490207122,1.0,0.0,36.0
2017,70.73903207356325,20.859288283535758,1.0,0.0,36.0
2018,70.73572426604076,20.83148402634917,1.0,0.0,36.0
2019,70.7268833535979,20.84502602341281,1.0,0.0,36.0
2020,70.73968053057432,20.856102049887266,1.0,0.0,36.0
2021,70.72630641863,20.816788919704127,1.0,0.0,36.0
2022,70.72972723385661,20.83991050119849,1.0,0.0,36.0
2023,70.73376163799558,20.86501511180948,1.0,0.0,36.0
2024,70.75361744968764,20.842957379068135,1.0,0.0,36.0
2025,70.74388077636247,20.831466823301525,1.0,0.0,36.0
2026,70.72010900768196,20.84166720011285,1.0,0.0,36.0
2027,70.7298271126089,20.84687461799238,1.0,0.0,36.0
2028,70.73121518519628,20.847313119814817,1.0,0.0,36.0
2029,70.72699942754231,20.853090680334827,1.0,0.0,36.0
2030,70.73182835405329,20.824004587513592,1.0,0.0,36.0
2031,70.73161506974668,20.844962751962893,1.0,0.0,36.0
2032,70.72802722499549,20.850315392530945,1.0,0.0,36.0
2033,70.72736138896535,20.843202460609284,1.0,0.0,36.0
2034,70.74977909233678,20.844557581469132,1.0,0.0,36.0
2035,70.69712671540007,20.83217581872201,1.0,0.0,36.0
2036,70.73697915588386,20.843432192994854,1.0,0.0,36.0
2037,70.73476036028978,20.85655128490227,1.0,0.0,36.0
2038,70.72464076647793,20.834025333251166,1.0,0.0,36.0
2039,70.71388521520626,20.841120662660035,1.0,0.0,36.0
2040,70.75027331015947,20.828842245814872,1.0,0.0,36.0
2041,70.73629969913416,20.850427330174824,1.0,0.0,36.0
2042,70.73267601526238,20.834128013777214,1.0,0.0,36.0
2043,70.71527241270093,20.85799125134903,1.0,0.0,36.0
2044,70.72977744730109,20.849067215784384,1.0,0.0,36.0
2045,70.73121533502066,20.839921376683147,1.0,0.0,36.0
2046,70.73822898085625,20.897020506388035,1.0,0.0,36.0
2047,70.7293978697071,20.84112604022627,1.0,0.0,36.0
2048,70.73414760480313,20.870778448363243,1.0,0.0,36.0
2049,70.72729738641105,20.828296213178547,1.0,0.0,36.0
2050,70.73760456736305,20.843682663422488,1.0,0.0,36.0
2051,70.75606423420976,20.869026414454943,1.0,0.0,36.0
2052,70.74852739818563,20.821576720278287,1.0,0.0,36.0
2053,70.73607606673285,20.81540661847218,1.0,0.0,36.0
2054,70.72555331312134,20.84828512862728,1.0,0.0,36.0
2055,70.75316318367904,20.8472727349757,1.0,0.0,36.0
2056,70.73362791211925,20.8583963359087,1.0,0.0,36.0
2057,70.73073376778765,20.83911623186841,1.0,0.0,36.0
2058,70.72201516815068,20.862576575607427,1.0,0.0,36.0
2059,70.74765980401034,20.845455239108077,1.0,0.0,36.0
2060,70.73890655840701,20.868484460570187,1.0,0.0,36.0
2061,70.73697793801487,20.817160146283868,1.0,0.0,36.0
2062,70.73144085587509,20.852335351133043,1.0,0.0,36.0
2063,70.74778280022707,20.871502869916487,1.0,0.0,36.0
2064,70.742495242713,20.82468679532258,1.0,0.0,36.0
2065,70.74954351789886,20.85414848406359,1.0,0.0,36.0
2066,70.73210489260755,20.85006246177768,1.0,0.0,36.0
2067,70.73171885984621,20.847036646309537,1.0,0.0,36.0
2068,70.71925236177927,20.854271385478132,1.0,0.0,36.0
2069,70.73528186089129,20.844712354045683,1.0,0.0,36.0
2070,70.75879896579795,20.86805866102882,1.0,0.0,36.0
2071,70.71859140813424,20.838806026923905,1.0,0.0,36.0
2072,70.74409761663738,20.84856613294484,1.0,0.0,36.0
2073,70.72300196171525,20.851796610373277,1.0,0.0,36.0
2074,70.72909690400026,20.87941954704849,1.0,0.0,36.0
2075,70.73043394754404,20.84442958829666,1.0,0.0,36.0
2076,70.75011558047646,20.81840320718478,1.0,0.0,36.0
2077,70.70186041294004,20.856441335667196,1.0,0.0,36.0
2078,70.74884179383663,20.857613486122496,1.0,0.0,36.0
2079,70.7267396522296,20.844024891823256,1.0,0.0,36.0
2080,70.7385374523003,20.817313998418935,1.0,0.0,36.0
2081,70.72216085774131,20.832074204084176,1.0,0.0,36.0
2082,70.74012257005657,20.841706101171926,1.0,0.0,36.0
2083,70.75590222949103,20.859958915624617,1.0,0.0,36.0
2084,70.73413573032227,20.841875873071672,1.0,0.0,36.0
2085,70.73797691775748,20.874819711440338,1.0,0.0,36.0
2086,70.75071407269446,20.862983947559425,1.0,0.0,36.0
2087,70.74453622129192,20.8433006865917,1.0,0.0,36.0
2088,70.72842025279904,20.85699415766,1.0,0.0,36.0
2089,70.74155030538941,20.843450118844657,1.0,0.0,36.0
2090,70.73704746215908,20.857641527963594,1.0,0.0,36.0
2091,70.74254359348411,20.848031061609184,1.0,0.0,36.0
2092,70.73565832087871,20.846332752212984,1.0,0.0,36.0
2093,70.7293195219154,20.858620180745575,1.0,0.0,36.0
2094,70.73772368388573,20.85692938178919,1.0,0.0,36.0
2095,70.73027955974258,20.85898939021592,1.0,0.0,36.0
2096,70.75974673959784,20.879410141384707,1.0,0.0,36.0
2097,70.74025525165435,20.8617438862002,1.0,0.0,36.0
2098,70.73229159403822,20.869025180935182,1.0,0.0,36.0
2099,70.72272051031271,20.817872803501082,1.0,0.0,36.0
2100,70.73877017441134,20.849030768046855,1.0,0.0,36.0
2101,70.74331488553459,20.853343895405928,1.0,0.0,36.0
2102,70.7205857218787,20.839709218580303,1.0,0.0,36.0
2103,70.74313740587246,20.827260640828637,1.0,0.0,36.0
2104,70.7396738832086,20.863303916633992,1.0,0.0,36.0
2105,70.73016207017689,20.85832029809092,1.0,0.0,36.0
2106,70.74264584740472,20.85509071989784,1.0,0.0,36.0
2107,70.73381561477115,20.845611503866433,1.0,0.0,36.0
2108,70.72515547792996,20.846959955670425,1.0,0.0,36.0
2109,70.73141106421372,20.82850265182281,1.0,0.0,36.0
2110,70.73197585766393,20.849096168484476,1.0,0.0,36.0
2111,70.75304402967303,20.858686004423344,1.0,0.0,36.0
2112,70.75943736104132,20.861207890222783,1.0,0.0,36.0
2113,70.73050645519827,20.86726974513646,1.0,0.0,36.0
2114,70.71018456841858,20.826041365783716,1.0,0.0,36.0
2115,70.73930421018432,20.84703757574911,1.0,0.0,36.0
2116,70.71327754500102,20.852499686592452,1.0,0.0,36.0
2117,70.756370110715,20.855053143834436,1.0,0.0,36.0
2118,70.71706903602342,20.855349340917424,1.0,0.0,36.0
2119,70.71410622975722,20.84522934848744,1.0,0.0,36.0
2120,70.74270417625706,20.869870731391615,1.0,0.0,36.0
2121,70.73310700802128,20.85079105326772,1.0,0.0,36.0
2122,70.7792682557832,20.844449451707106,1.0,0.0,36.0
2123,70.73666870428995,20.871264679754056,1.0,0.0,36.0
2124,70.69198829661757,20.859783939021746,1.0,0.0,36.0
2125,70.72769195573916,20.844352992666007,1.0,0.0,36.0
2126,70.7279869831461,20.83163840073096,1.0,0.0,36.0
2127,70.73015046974106,20.824082271558545,1.0,0.0,36.0
2128,70.75640963975492,20.82943836703655,1.0,0.0,36.0
2129,70.73367548085272,20.812148584719182,1.0,0.0,36.0
2130,70.73594973991307,20.862958276243692,1.0,0.0,36.0
2131,70.73439136597032,20.83639201539095,1.0,0.0,36.0
2132,70.73409826016791,20.822658118978975,1.0,0.0,36.0
2133,70.73304206047149,20.845661485436246,1.0,0.0,36.0
2134,70.74744147671645,20.855121633482597,1.0,0.0,36.0
2135,70.72692535573135,20.848975301559843,1.0,0.0,36.0
2136,70.73601618510475,20.847762532164968,1.0,0.0,36.0
2137,70.73159305787486,20.856911089511755,1.0,0.0,36.0
2138,70.73799739847502,20.825980177759902,1.0,0.0,36.0
2139,70.70882521166955,20.825744698993386,1.0,0.0,36.0
2140,70.74050098481807,20.838178305263423,1.0,0.0,36.0
2141,70.71456616633184,20.853214382837038,1.0,0.0,36.0
2142,70.74133352907702,20.855101969275374,1.0,0.0,36.0
2143,70.73490357477677,20.834782475931405,1.0,0.0,36.0
2144,70.71421933970736,20.865903442775082,1.0,0.0,36.0
2145,70.7733263333136,20.87688774491803,1.0,0.0,36.0
2146,70.72684385738728,20.835853136078597,1.0,0.0,36.0
2147,70.73628746694602,20.875591957621587,1.0,0.0,36.0
2148,70.71740965659936,20.844354381249843,1.0,0.0,36.0
2149,70.72132937629908,20.86815818912638,1.0,0.0,36.0
2150,70.72779005929446,20.832728463530454,1.0,0.0,36.0
2151,70.76482176988709,20.853773558480388,1.0,0.0,36.0
2152,70.74136873531653,20.854763025731966,1.0,0.0,36.0
2153,70.74173688460556,20.83169848979844,1.0,0.0,36.0
2154,70.7320740086234,20.84476093479543,1.0,0.0,36.0
2155,70.75787319885343,20.856838014717614,1.0,0.0,36.0
2156,70.75227210787926,20.832153008243726,1.0,0.0,36.0
2157,70.762619658206,20.837262916494854,1.0,0.0,36.0
2158,70.7475962768946,20.863842755490897,1.0,0.0,36.0
2159,70.73246304170284,20.875515072127214,1.0,0.0,36.0
2160,70.74074067368431,20.844384012670023,1.0,0.0,36.0
2161,70.74354497836991,20.842426513045,1.0,0.0,36.0
2162,70.72520306963035,20.885686234338937,1.0,0.0,36.0
2163,70.75731668537237,20.879768451739093,1.0,0.0,36.0
2164,70.72923763414252,20.833989797594676,1.0,0.0,36.0
2165,70.73490366863204,20.85565830497427,1.0,0.0,36.0
2166,70.75400184954286,20.85401756247238,1.0,0.0,36.0
2167,70.72890161505175,20.84840994704096,1.0,0.0,36.0
2168,70.72737600769848,20.835941419943698,1.0,0.0,36.0
2169,70.72494055512506,20.822337051561252,1.0,0.0,36.0
2170,70.72686779557468,20.845064214684538,1.0,0.0,36.0
2171,70.74574318021035,20.84660380999885,1.0,0.0,36.0
2172,70.7506041633172,20.855851657703973,1.0,0.0,36.0
2173,70.75125582765585,20.865319545626697,1.0,0.0,36.0
2174,70.72919330353787,20.859486308504433,1.0,0.0,36.0
2175,70.74146939537809,20.837464601926733,1.0,0.0,36.0
2176,70.72893792589073,20.85369139070029,1.0,0.0,36.0
2177,70.73249274321847,20.878051908576733,1.0,0.0,36.0
2178,70.71085136650537,20.889268115096918,1.0,0.0,36.0
2179,70.72505629799092,20.82652372490412,1.0,0.0,36.0
2180,70.73409635155855,20.865965278978873,1.0,0.0,36.0
2181,70.72458909470905,20.86955374011739,1.0,0.0,36.0
2182,70.72843723219745,20.830220748448287,1.0,0.0,36.0
2183,70.74132386814236,20.830905254242975,1.0,0.0,36.0
2184,70.74930493096737,20.828474021912353,1.0,0.0,36.0
2185,70.76037754300368,20.833873596784144,1.0,0.0,36.0
2186,70.7649988774869,20.84733998268902,1.0,0.0,36.0
2187,70.71945467117821,20.835801228685998,1.0,0.0,36.0
2188,70.74917406177181,20.854541801455174,1.0,0.0,36.0
2189,70.7453111981213,20.836890306738486,1.0,0.0,36.0
2190,70.75035335229792,20.831589730538486,1.0,0.0,36.0
2191,70.72134405284669,20.836561938788048,1.0,0.0,36.0
2192,70.71409774696478,20.817500800989166,1.0,0.0,36.0
2193,70.7089812856319,20.838283068290522,1.0,0.0,36.0
2194,70.74700500626179,20.81770532042842,1.0,0.0,36.0
2195,70.72844207259361,20.833492011849188,1.0,0.0,36.0
2196,70.73830776390584,20.82830529431813,1.0,0.0,36.0
2197,70.74352208943434,20.863391922362897,1.0,0.0,36.0
2198,70.7206330243334,20.841807022320214,1.0,0.0,36.0
2199,70.71402397225017,20.866310773694163,1.0,0.0,36.0
2200,70.77803004123837,20.8393683756962,1.0,0.0,36.0
2201,70.76634092718218,20.844331719606597,1.0,0.0,36.0
2202,70.7477153800925,20.852482452647923,1.0,0.0,36.0
2203,70.73153953440362,20.86125370498325,1.0,0.0,36.0
2204,70.73406622099607,20.855033777692483,1.0,0.0,36.0
2205,70.72195084656867,20.82536357222008,1.0,0.0,36.0
2206,70.72151535730191,20.844953359910296,1.0,0.0,36.0
2207,70.74617506955178,20.86206203300151,1.0,0.0,36.0
2208,70.74334571992674,20.84203360981854,1.0,0.0,36.0
2209,70.73813767786187,20.854555392076264,1.0,0.0,36.0
2210,70.72547430106324,20.85771300859468,1.0,0.0,36.0
2211,70.73493785659734,20.847718521927142,1.0,0.0,36.0
2212,70.7660870487653,20.837567398387673,1.0,0.0,36.0
2213,70.74948491969892,20.846672772263524,1.0,0.0,36.0
2214,70.7229798398423,20.83715533393617,1.0,0.0,36.0
2215,70.7297289946106,20.85723942280477,1.0,0.0,36.0
2216,70.7330550660692,20.829429153427295,1.0,0.0,36.0
2217,70.7307709826768,20.840013086252714,1.0,0.0,36.0
2218,70.73061213658379,20.835206140533753,1.0,0.0,36.0
2219,70.72051839740543,20.89419553627271,1.0,0.0,36.0
2220,70.72073419844111,20.832940659882254,1.0,0.0,36.0
2221,70.74825286884364,20.85050109623712,1.0,0.0,36.0
2222,70.71789210112358,20.833540189438487,1.0,0.0,36.0
2223,70.72919173574397,20.847006103897296,1.0,0.0,36.0
2224,70.74187843211229,20.824989271639147,1.0,0.0,36.0
2225,70.73105606709792,20.863478754758855,1.0,0.0,36.0
2226,70.7360568943884,20.826850724410534,1.0,0.0,36.0
2227,70.72994850516957,20.837642856144903,1.0,0.0,36.0
2228,70.72433207141583,20.846663312183345,1.0,0.0,36.0
2229,70.7304636721649,20.87271322171215,1.0,0.0,36.0
2230,70.74164374690504,20.81499357486837,1.0,0.0,36.0
2231,70.73067691621527,20.847004470152218,1.0,0.0,36.0
2232,70.71837569343636,20.84529889463175,1.0,0.0,36.0
2233,70.75174403732082,20.855209205603686,1.0,0.0,36.0
2234,70.72293471751397,20.82751374711877,1.0,0.0,36.0
2235,70.7257931751947,20.846602968919736,1.0,0.0,36.0
2236,70.74079791480658,20.825120212106054,1.0,0.0,36.0
2237,70.74056976362506,20.85369735768206,1.0,0.0,36.0
2238,70.74007522863643,20.89056977922502,1.0,0.0,36.0
2239,70.74288113024518,20.853217004700046,1.0,0.0,36.0
2240,70.71890267852707,20.844012269570023,1.0,0.0,36.0
2241,70.75251484157768,20.835761051572774,1.0,0.0,36.0
2242,70.75765963741503,20.850644816895873,1.0,0.0,36.0
2243,70.70337930980229,20.832072207844032,1.0,0.0,36.0
2244,70.74130170111856,20.866342888862672,1.0,0.0,36.0
2245,70.73816829719236,20.853250706945477,1.0,0.0,36.0
2246,70.74337705090092,20.84680194763538,1.0,0.0,36.0
2247,70.7213980923288,20.862918039633318,1.0,0.0,36.0
2248,70.7394727894463,20.82396259995164,1.0,0.0,36.0
2249,70.74354075442375,20.842338284176428,1.0,0.0,36.0
2250,70.7463369991847,20.817061681085267,1.0,0.0,36.0
2251,70.74864940218161,20.849548755947957,1.0,0.0,36.0
2252,70.75094901302452,20.86340009018004,1.0,0.0,36.0
2253,70.73468937448125,20.846136855714896,1.0,0.0,36.0
2254,70.74525737207489,20.85962932133548,1.0,0.0,36.0
2255,70.76263022236719,20.854437236091208,1.0,0.0,36.0
2256,70.71938636418734,20.86163690652868,1.0,0.0,36.0
2257,70.73652069900493,20.838299371535566,1.0,0.0,36.0
2258,70.73198565244968,20.834403341282073,1.0,0.0,36.0
2259,70.74911192194854,20.847303777077077,1.0,0.0,36.0
2260,70.7436470393097,20.84066942503652,1.0,0.0,36.0
2261,70.74273957362804,20.82676932302433,1.0,0.0,36.0
2262,70.71950576099142,20.847797115340967,1.0,0.0,36.0
2263,70.73212378700578,20.871090982489424,1.0,0.0,36.0
2264,70.74739988598466,20.85024943141795,1.0,0.0,36.0
2265,70.72915732096247,20.864194179465628,1.0,0.0,36.0
2266,70.72696349284983,20.845368189454803,1.0,0.0,36.0
2267,70.71066771061012,20.842567630524393,1.0,0.0,36.0
2268,70.75746150855682,20.843108940557556,1.0,0.0,36.0
2269,70.74266771364198,20.885417210485677,1.0,0.0,36.0
2270,70.73243958259903,20.837196755230924,1.0,0.0,36.0
2271,70.72899985894104,20.844968357380363,1.0,0.0,36.0
2272,70.74808906121844,20.864392046578992,1.0,0.0,36.0
2273,70.74394598523055,20.807118160840606,1.0,0.0,36.0
2274,70.74122684005582,20.877252527123826,1.0,0.0,36.0
2275,70.73663931512758,20.82799340164158,1.0,0.0,36.0
2276,70.7150795862306,20.85880249175168,1.0,0.0,36.0
2277,70.7526330059757,20.853859543332838,1.0,0.0,36.0
2278,70.74136738167762,20.822094757078784,1.0,0.0,36.0
2279,70.72877875079035,20.86994809065107,1.0,0.0,36.0
2280,70.73012010130236,20.844550845019302,1.0,0.0,36.0
2281,70.75219565471019,20.820321234490418,1.0,0.0,36.0
2282,70.72315773539144,20.84533930578037,1.0,0.0,36.0
2283,70.73748855937482,20.849748271804586,1.0,0.0,36.0
2284,70.7404326412524,20.837247456153882,1.0,0.0,36.0
2285,70.73533388070756,20.82564985738051,1.0,0.0,36.0
2286,70.715058411225,20.835871767978226,1.0,0.0,36.0
2287,70.72565031347051,20.857468164865754,1.0,0.0,36.0
2288,70.74887084216886,20.86109959431615,1.0,0.0,36.0
2289,70.69031507539735,20.823934781827997,1.0,0.0,36.0
2290,70.75301370659338,20.83011717764309,1.0,0.0,36.0
2291,70.75165075175859,20.830362392162318,1.0,0.0,36.0
2292,70.70500498646422,20.830520846192606,1.0,0.0,36.0
2293,70.72433666898779,20.86546878027626,1.0,0.0,36.0
2294,70.72747976589973,20.8374170873966,1.0,0.0,36.0
2295,70.74221822472434,20.827004104326313,1.0,0.0,36.0
2296,70.73695723092673,20.828121903642423,1.0,0.0,36.0
2297,70.74856322332359,20.83629583963386,1.0,0.0,36.0
2298,70.72863706128511,20.887294486288855,1.0,0.0,36.0
2299,70.71945383659293,20.828789532511806,1.0,0.0,36.0
2300,70.7533852900573,20.85504863112591,1.0,0.0,36.0
2301,70.7184773112854,20.84097249398729,1.0,0.0,36.0
2302,70.72830802005498,20.83418176893133,1.0,0.0,36.0
2303,70.7291012190025,20.829652472888334,1.0,0.0,36.0
2304,70.72766587399363,20.874742912558965,1.0,0.0,36.0
2305,70.73513363376266,20.858159566053093,1.0,0.0,36.0
2306,70.7160884697448,20.853499997139327,1.0,0.0,36.0
2307,70.7356826770617,20.86485287897312,1.0,0.0,36.0
2308,70.71619490142511,20.867866357222425,1.0,0.0,36.0
2309,70.71769616252574,20.879279623764088,1.0,0.0,36.0
2310,70.72446199955081,20.85927676882465,1.0,0.0,36.0
2311,70.72396674254256,20.836644752317504,1.0,0.0,36.0
2312,70.74280117801557,20.850931867860872,1.0,0.0,36.0
2313,70.74086268017201,20.867539583038067,1.0,0.0,36.0
2314,70.73778214421395,20.850034779409622,1.0,0.0,36.0
2315,70.7284813937288,20.843967531468014,1.0,0.0,36.0
2316,70.7517771525544,20.869336589837136,1.0,0.0,36.0
2317,70.73530244307207,20.836910525643635,1.0,0.0,36.0
2318,70.73489294002216,20.8226072216062,1.0,0.0,36.0
2319,70.74492348455082,20.81837906466228,1.0,0.0,36.0
2320,70.72491522627901,20.84686491571867,1.0,0.0,36.0
2321,70.7376876463941,20.84509316258419,1.0,0.0,36.0
2322,70.74165877235978,20.847598881231416,1.0,0.0,36.0
2323,70.73060645799617,20.854071291629396,1.0,0.0,36.0
2324,70.75115979910078,20.8345419689301,1.0,0.0,36.0
2325,70.73250128388783,20.866359795815892,1.0,0.0,36.0
2326,70.72775961237666,20.84651919383359,1.0,0.0,36.0
2327,70.73172587176416,20.846832189662464,1.0,0.0,36.0
2328,70.73380693197969,20.84233138847117,1.0,0.0,36.0
2329,70.72032544859012,20.82872782236217,1.0,0.0,36.0
2330,70.73663905358326,20.855588762932932,1.0,0.0,36.0
2331,70.703445549788,20.854573267611165,1.0,0.0,36.0
2332,70.74295522807884,20.85040865571011,1.0,0.0,36.0
2333,70.71307991929498,20.84966824094017,1.0,0.0,36.0
2334,70.77233585107282,20.825578752196506,1.0,0.0,36.0
2335,70.7083010621642,20.82252769578757,1.0,0.0,36.0
2336,70.74250569810249,20.849813414943593,1.0,0.0,36.0
2337,70.72147676264673,20.843253693637216,1.0,0.0,36.0
2338,70.7565847392304,20.84907721182667,1.0,0.0,36.0
2339,70.71823037736391,20.814079161099222,1.0,0.0,36.0
2340,70.72664911590995,20.84261199534097,1.0,0.0,36.0
2341,70.73229626588767,20.857654230290255,1.0,0.0,36.0
2342,70.71749875027321,20.828381052013093,1.0,0.0,36.0
2343,70.69226748357106,20.85456352359864,1.0,0.0,36.0
2344,70.75552182786532,20.847675530956028,1.0,0.0,36.0
2345,70.7424704926838,20.828910457212153,1.0,0.0,36.0
2346,70.77382270666835,20.851878756323675,1.0,0.0,36.0
2347,70.74051235191428,20.834102293274096,1.0,0.0,36.0
2348,70.71796771419122,20.86904361044661,1.0,0.0,36.0
2349,70.72462377783543,20.832173932842807,1.0,0.0,36.0
2350,70.77077526613024,20.847578949140942,1.0,0.0,36.0
2351,70.75740453764588,20.827748087570576,1.0,0.0,36.0
2352,70.72927407672904,20.870145844182314,1.0,0.0,36.0
2353,70.72554546194655,20.816538202509417,1.0,0.0,36.0
2354,70.73847602223069,20.82838586142554,1.0,0.0,36.0
2355,70.74762767058776,20.829959440313505,1.0,0.0,36.0
2356,70.71861868779213,20.87105183410294,1.0,0.0,36.0
2357,70.74185845053223,20.858539379631267,1.0,0.0,36.0
2358,70.71909161477987,20.850238794286955,1.0,0.0,36.0
2359,70.74508345735765,20.838139612448817,1.0,0.0,36.0
2360,70.75193127386986,20.819864150383253,1.0,0.0,36.0
2361,70.73383862774446,20.86783641388109,1.0,0.0,36.0
2362,70.74194608675045,20.869238292995625,1.0,0.0,36.0
2363,70.71808506067482,20.858563597061842,1.0,0.0,36.0
2364,70.75609737152,20.83247962597186,1.0,0.0,36.0
2365,70.72968768696131,20.86918669579399,1.0,0.0,36.0
2366,70.72967146606635,20.837694884935164,1.0,0.0,36.0
2367,70.70817714568349,20.84751502747375,1.0,0.0,36.0
2368,70.73556348449898,20.834156232575406,1.0,0.0,36.0
2369,70.71702041488737,20.843417459138085,1.0,0.0,36.0
2370,70.72577655481686,20.855229976454755,1.0,0.0,36.0
2371,70.72922531181688,20.82876349546286,1.0,0.0,36.0
2372,70.74911562192032,20.81605827204009,1.0,0.0,36.0
2373,70.72913098723947,20.857637586940967,1.0,0.0,36.0
2374,70.7282119859861,20.847228614410685,1.0,0.0,36.0
2375,70.71886159498865,20.846428741525873,1.0,0.0,36.0
2376,70.72522143429185,20.85210472731313,1.0,0.0,36.0
2377,70.7212798343993,20.848785754050695,1.0,0.0,36.0
2378,70.74652350769236,20.835905314756662,1.0,0.0,36.0
2379,70.71670950458828,20.85880328044783,1.0,0.0,36.0
2380,70.7433810946788,20.850488682701613,1.0,0.0,36.0
2381,70.72615630675122,20.85461132074507,1.0,0.0,36.0
2382,70.72370561328961,20.879264747530645,1.0,0.0,36.0
2383,70.7209721342402,20.844609958730047,1.0,0.0,36.0
2384,70.74128241155178,20.817625429638912,1.0,0.0,36.0
2385,70.74159491747629,20.851192496525734,1.0,0.0,36.0
2386,70.72968848557751,20.85750289480489,1.0,0.0,36.0
2387,70.75275194938463,20.8306123168548,1.0,0.0,36.0
2388,70.75076666598804,20.840770056588234,1.0,0.0,36.0
2389,70.73740324135389,20.844366679904777,1.0,0.0,36.0
2390,70.73853705644024,20.85727355085102,1.0,0.0,36.0
2391,70.74460315947046,20.850803829638078,1.0,0.0,36.0
2392,70.75557808696114,20.798549649019684,1.0,0.0,36.0
2393,70.70997977345046,20.870928395529063,1.0,0.0,36.0
2394,70.74030520832945,20.81389106468306,1.0,0.0,36.0
2395,70.73183333316075,20.862779578060078,1.0,0.0,36.0
2396,70.71466463719968,20.850658575304127,1.0,0.0,36.0
2397,70.74300051677378,20.85990270817634,1.0,0.0,36.0
2398,70.7272606772239,20.8298802600007,1.0,0.0,36.0
2399,70.72396657841135,20.83570713632063,1.0,0.0,36.0
2400,70.7309696457706,20.856948296711447,1.0,0.0,36.0
2401,70.72604461569257,20.86139390883064,1.0,0.0,36.0
2402,70.72988073584395,20.845833013173277,1.0,0.0,36.0
2403,70.74978379539398,20.830723502652553,1.0,0.0,36.0
2404,70.73195140463491,20.862025470687012,1.0,0.0,36.0
2405,70.73027783969407,20.88961643211935,1.0,0.0,36.0
2406,70.73817870156748,20.82840846349015,1.0,0.0,36.0
2407,70.74972412536451,20.85614995951721,1.0,0.0,36.0
2408,70.7468725855343,20.870503934801455,1.0,0.0,36.0
2409,70.71674898428599,20.855016137476177,1.0,0.0,36.0
2410,70.75164206665565,20.867180086692038,1.0,0.0,36.0
2411,70.75209872399911,20.835432047808577,1.0,0.0,36.0
2412,70.74878316280738,20.883587709140212,1.0,0.0,36.0
2413,70.72599445979509,20.84421719946826,1.0,0.0,36.0
2414,70.73855718166561,20.838850368196482,1.0,0.0,36.0
2415,70.75401694882153,20.848449712911343,1.0,0.0,36.0
2416,70.72617462236579,20.842722193586678,1.0,0.0,36.0
2417,70.76037109501488,20.85580541343648,1.0,0.0,36.0
2418,70.73147160119554,20.83047100676346,1.0,0.0,36.0
2419,70.75444395326909,20.823303269284914,1.0,0.0,36.0
2420,70.74996502831637,20.83228968804166,1.0,0.0,36.0
2421,70.74209462009465,20.870574574033867,1.0,0.0,36.0
2422,70.72046700265172,20.85423706193494,1.0,0.0,36.0
2423,70.73927798303264,20.838117011764616,1.0,0.0,36.0
2424,70.73077257541333,20.814464166167465,1.0,0.0,36.0
2425,70.70225521421997,20.84922191997438,1.0,0.0,36.0
2426,70.7344925969212,20.835117477318484,1.0,0.0,36.0
2427,70.7303205545744,20.853675136651724,1.0,0.0,36.0
2428,70.7105927272237,20.85960556009934,1.0,0.0,36.0
2429,70.71349792203428,20.872011116001264,1.0,0.0,36.0
2430,70.71150430664935,20.817508710301873,1.0,0.0,36.0
2431,70.72137988617234,20.84626076726325,1.0,0.0,36.0
2432,70.75347452551249,20.84437889297914,1.0,0.0,36.0
2433,70.700768533545,20.86258898927363,1.0,0.0,36.0
2434,70.73150242686393,20.853850150940183,1.0,0.0,36.0
2435,70.72622015776061,20.83173872903097,1.0,0.0,36.0
2436,70.72959298523818,20.876798730735967,1.0,0.0,36.0
2437,70.74691791765517,20.858817457774293,1.0,0.0,36.0
2438,70.73689991232737,20.821391270539166,1.0,0.0,36.0
2439,70.73918748911267,20.841004570488014,1.0,0.0,36.0
2440,70.76974026903815,20.873679548643068,1.0,0.0,36.0
2441,70.73134467978375,20.853989356382936,1.0,0.0,36.0
2442,70.73967968678677,20.84853869604846,1.0,0.0,36.0
2443,70.72978872618991,20.872220895634968,1.0,0.0,36.0
2444,70.7231484939677,20.85051678013671,1.0,0.0,36.0
2445,70.74000684584131,20.82955110740505,1.0,0.0,36.0
2446,70.72083432847388,20.854252780988542,1.0,0.0,36.0
2447,70.74773573257733,20.87475850864376,1.0,0.0,36.0
2448,70.74666793425041,20.84695431898582,1.0,0.0,36.0
2449,70.72464669076844,20.851233156007172,1.0,0.0,36.0
2450,70.7288089314261,20.84802154809711,1.0,0.0,36.0
2451,70.75921786633651,20.823553823574986,1.0,0.0,36.0
2452,70.71710828626728,20.824250470750165,1.0,0.0,36.0
2453,70.73230974412252,20.847218038748476,1.0,0.0,36.0
2454,70.73624698025476,20.85794228844322,1.0,0.0,36.0
2455,70.73340506008829,20.830365017128678,1.0,0.0,36.0
2456,70.73664849226427,20.8403436960033,1.0,0.0,36.0
2457,70.71959281977472,20.867417492135353,1.0,0.0,36.0
2458,70.72451338586112,20.861753453596712,1.0,0.0,36.0
2459,70.74559754295308,20.83435089500258,1.0,0.0,36.0
2460,70.71842846009162,20.82932187518163,1.0,0.0,36.0
2461,70.75851790006074,20.867914024669627,1.0,0.0,36.0
2462,70.75377763109111,20.831870952944257,1.0,0.0,36.0
2463,70.7349010133052,20.829045321725406,1.0,0.0,36.0
2464,70.71096105388129,20.851047310581492,1.0,0.0,36.0
2465,70.7265322984928,20.859925360378433,1.0,0.0,36.0
2466,70.7152756926687,20.845303740642926,1.0,0.0,36.0
2467,70.73305865029701,20.826130760705972,1.0,0.0,36.0
2468,70.71957334149448,20.851419749541765,1.0,0.0,36.0
2469,70.74878396157216,20.851077202983166,1.0,0.0,36.0
2470,70.72405721838845,20.84484339600182,1.0,0.0,36.0
2471,70.73707864427121,20.850227801617276,1.0,0.0,36.0
2472,70.75683628384755,20.862295203996872,1.0,0.0,36.0
2473,70.73320261197834,20.83667504119679,1.0,0.0,36.0
2474,70.72412371374827,20.872798150969842,1.0,0.0,36.0
2475,70.72659772933704,20.81962105062727,1.0,0.0,36.0
2476,70.7481000820188,20.879479442828597,1.0,0.0,36.0
2477,70.75199940678213,20.854195649362385,1.0,0.0,36.0
2478,70.75744494260181,20.839524006699296,1.0,0.0,36.0
2479,70.73946320954985,20.82658067985833,1.0,0.0,36.0
2480,70.74338401367345,20.857372490217347,1.0,0.0,36.0
2481,70.75459697520856,20.846378434646777,1.0,0.0,36.0
2482,70.71652892302184,20.84144019357612,1.0,0.0,36.0
2483,70.72985411622622,20.87233900113945,1.0,0.0,36.0
2484,70.72185299170113,20.866921197392394,1.0,0.0,36.0
2485,70.73014774165559,20.83313477748263,1.0,0.0,36.0
2486,70.71894443384929,20.85041559722624,1.0,0.0,36.0
2487,70.72151975088079,20.881515100506785,1.0,0.0,36.0
2488,70.72148527938587,20.84139630600714,1.0,0.0,36.0
2489,70.74562615600557,20.828203722397618,1.0,0.0,36.0
2490,70.74249597491546,20.829085935570365,1.0,0.0,36.0
2491,70.76772519545011,20.839012626854203,1.0,0.0,36.0
2492,70.73200252506946,20.8565126400673,1.0,0.0,36.0
2493,70.74708067162284,20.841647858619027,1.0,0.0,36.0
2494,70.72769695264563,20.819284524802217,1.0,0.0,36.0
2495,70.73094899688822,20.863850303434848,1.0,0.0,36.0
2496,70.74790558769506,20.847557581150436,1.0,0.0,36.0
2497,70.76155451731553,20.846715979282006,1.0,0.0,36.0
2498,70.76276712477681,20.853869389548382,1.0,0.0,36.0
2499,70.71952537063453,20.842959964161533,1.0,0.0,36.0
2500,70.7385215192608,20.868887955895453,1.0,0.0,36.0
2501,70.71880808833869,20.878640788090625,1.0,0.0,36.0
2502,70.73499496174402,20.871843941345496,1.0,0.0,36.0
2503,70.73283932490229,20.85009330837335,1.0,0.0,36.0
2504,70.73458982025979,20.84582074831117,1.0,0.0,36.0
2505,70.74536904420047,20.82621496760171,1.0,0.0,36.0
2506,70.72672347289397,20.837416555217498,1.0,0.0,36.0
2507,70.73067178085579,20.874411558778558,1.0,0.0,36.0
2508,70.73286837984907,20.86649439815618,1.0,0.0,36.0
2509,70.73357884843055,20.864261420672353,1.0,0.0,36.0
2510,70.72290304926324,20.849299182728313,1.0,0.0,36.0
2511,70.74699796035792,20.833840476407964,1.0,0.0,36.0
2512,70.7435586220595,20.861208312277068,1.0,0.0,36.0
2513,70.72296561966593,20.854382016808135,1.0,0.0,36.0
2514,70.76294405701545,20.877909992426176,1.0,0.0,36.0
2515,70.71300457337288,20.813678951212403,1.0,0.0,36.0
2516,70.74379354081653,20.84530787355185,1.0,0.0,36.0
2517,70.7387783729368,20.827177535381672,1.0,0.0,36.0
2518,70.73045986602303,20.858273796954293,1.0,0.0,36.0
2519,70.73309396549989,20.849844432874843,1.0,0.0,36.0
2520,70.7190868735765,20.853020039081017,1.0,0.0,36.0
2521,70.76342323814079,20.84491940305475,1.0,0.0,36.0
2522,70.72981737997756,20.85634629885225,1.0,0.0,36.0
2523,70.73821402507217,20.86946669904744,1.0,0.0,36.0
2524,70.73072141363643,20.87612908065532,1.0,0.0,36.0
2525,70.7444685998104,20.83952210726911,1.0,0.0,36.0
2526,70.75055620130473,20.855831640758048,1.0,0.0,36.0
2527,70.74301070851433,20.84698216498828,1.0,0.0,36.0
2528,70.71413191898924,20.843706396490155,1.0,0.0,36.0
2529,70.74352135796475,20.869000552945927,1.0,0.0,36.0
2530,70.74987689213798,20.850081413628534,1.0,0.0,36.0
2531,70.73003303548997,20.871317187750794,1.0,0.0,36.0
2532,70.72560322178425,20.842422180654157,1.0,0.0,36.0
2533,70.75251172487334,20.82330730439455,1.0,0.0,36.0
2534,70.7513536645452,20.842663368419633,1.0,0.0,36.0
2535,70.73786588186006,20.84035949613592,1.0,0.0,36.0
2536,70.74931485739127,20.836197034112097,1.0,0.0,36.0
2537,70.72996369073613,20.861318013318215,1.0,0.0,36.0
2538,70.75469789407067,20.83335984543158,1.0,0.0,36.0
2539,70.74531479194373,20.825632483037296,1.0,0.0,36.0
2540,70.73973595443476,20.865441686564765,1.0,0.0,36.0
2541,70.72967597308588,20.827627481776773,1.0,0.0,36.0
2542,70.72006208300922,20.845010410475663,1.0,0.0,36.0
2543,70.72705279484693,20.836571982315416,1.0,0.0,36.0
2544,70.71504986604731,20.835275664413167,1.0,0.0,36.0
2545,70.7270285246058,20.855631156704888,1.0,0.0,36.0
2546,70.73013188266533,20.878907054945255,1.0,0.0,36.0
2547,70.74900072549502,20.83826486848944,1.0,0.0,36.0
2548,70.75759944325233,20.85583872400125,1.0,0.0,36.0
2549,70.74946509362302,20.818923545525543,1.0,0.0,36.0
2550,70.72412561288846,20.838454793468816,1.0,0.0,36.0
2551,70.75215877141336,20.842635985823343,1.0,0.0,36.0
2552,70.73867445403454,20.84278170889865,1.0,0.0,36.0
2553,70.72796004337854,20.832270957627927,1.0,0.0,36.0
2554,70.75686960397327,20.823387341872863,1.0,0.0,36.0
2555,70.72700862404628,20.851240592862734,1.0,0.0,36.0
2556,70.73685580332895,20.816857258881445,1.0,0.0,36.0
2557,70.73641661255226,20.83738952774152,1.0,0.0,36.0
2558,70.7616364641286,20.872211562508536,1.0,0.0,36.0
2559,70.72446437423487,20.866238009723173,1.0,0.0,36.0
2560,70.73590744427061,20.81778061799692,1.0,0.0,36.0
2561,70.74672415910197,20.84454674976673,1.0,0.0,36.0
2562,70.74530770116588,20.84193091282951,1.0,0.0,36.0
2563,70.7558640328663,20.85210374672418,1.0,0.0,36.0
2564,70.72343617413878,20.809058730121755,1.0,0.0,36.0
2565,70.76101961346457,20.848339104410496,1.0,0.0,36.0
2566,70.73516865380275,20.81251527136798,1.0,0.0,36.0
2567,70.74782492216002,20.86008716938004,1.0,0.0,36.0
2568,70.7364603018865,20.81823552642657,1.0,0.0,36.0
2569,70.76080096279495,20.85772964629755,1.0,0.0,36.0
2570,70.71545613660214,20.847883954117822,1.0,0.0,36.0
2571,70.73897991655483,20.83917248640786,1.0,0.0,36.0
2572,70.72032542397463,20.857299877723793,1.0,0.0,36.0
2573,70.76168957859895,20.871402266137324,1.0,0.0,36.0
2574,70.76037447945548,20.861812914151198,1.0,0.0,36.0
2575,70.74024825501665,20.839970132101215,1.0,0.0,36.0
2576,70.74466135094603,20.870595606955327,1.0,0.0,36.0
2577,70.73893338007505,20.850219149617004,1.0,0.0,36.0
2578,70.74440627782937,20.856545667008167,1.0,0.0,36.0
2579,70.73800738221884,20.82344361855571,1.0,0.0,36.0
2580,70.74039386210477,20.85887394301829,1.0,0.0,36.0
2581,70.75475940681092,20.836918711363555,1.0,0.0,36.0
2582,70.72726670418989,20.86327603954311,1.0,0.0,36.0
2583,70.73967707417246,20.846333625139977,1.0,0.0,36.0
2584,70.7459825722189,20.84873304094914,1.0,0.0,36.0
2585,70.70430705247152,20.86612213943317,1.0,0.0,36.0
2586,70.73775428247502,20.808737678214836,1.0,0.0,36.0
2587,70.72111566375513,20.81912498882522,1.0,0.0,36.0
2588,70.74142050739776,20.85014645589657,1.0,0.0,36.0
2589,70.72026303705624,20.843656985537404,1.0,0.0,36.0
2590,70.73906651961975,20.825862478910793,1.0,0.0,36.0
2591,70.72426511544826,20.826595848426205,1.0,0.0,36.0
2592,70.75985592467262,20.855815126010203,1.0,0.0,36.0
2593,70.72311429069106,20.861635835236385,1.0,0.0,36.0
2594,70.70881169714212,20.868488876193783,1.0,0.0,36.0
2595,70.74628449557596,20.82926174218979,1.0,0.0,36.0
2596,70.74200776502744,20.850990395211287,1.0,0.0,36.0
2597,70.7531600604967,20.861760483907208,1.0,0.0,36.0
2598,70.74887104312884,20.840255669014937,1.0,0.0,36.0
2599,70.74590566782595,20.843034357286175,1.0,0.0,36.0
2600,70.72959004613887,20.831332597098037,1.0,0.0,36.0
2601,70.73845869333869,20.840185027068618,1.0,0.0,36.0
2602,70.736126037274,20.820850110540537,1.0,0.0,36.0
2603,70.72115840803328,20.840466134281538,1.0,0.0,36.0
2604,70.71901499812559,20.879139595858426,1.0,0.0,36.0
2605,70.7416127959751,20.86899215171343,1.0,0.0,36.0
2606,70.73380053069863,20.84694380297939,1.0,0.0,36.0
2607,70.73265900979102,20.864255549966355,1.0,0.0,36.0
2608,70.74347990350904,20.850502553497936,1.0,0.0,36.0
2609,70.73666158099451,20.850179690565955,1.0,0.0,36.0
2610,70.72882240563989,20.871929353751796,1.0,0.0,36.0
2611,70.74232719110773,20.84552932057387,1.0,0.0,36.0
2612,70.72227343202957,20.838737624708337,1.0,0.0,36.0
2613,70.73957740705082,20.83813659555593,1.0,0.0,36.0
2614,70.75836682582018,20.844844533423935,1.0,0.0,36.0
2615,70.74168960784515,20.84333491460892,1.0,0.0,36.0
2616,70.74849506398262,20.882001187417558,1.0,0.0,36.0
2617,70.74443864627433,20.826537898344053,1.0,0.0,36.0
2618,70.715039993745,20.841886250610667,1.0,0.0,36.0
2619,70.73325893692649,20.827394794184084,1.0,0.0,36.0
2620,70.75738918344983,20.847249470671613,1.0,0.0,36.0
2621,70.72660396117949,20.862309860181522,1.0,0.0,36.0
2622,70.74987348435242,20.84920016676416,1.0,0.0,36.0
2623,70.74956799051347,20.841333800368325,1.0,0.0,36.0
2624,70.72687299524002,20.82671736646431,1.0,0.0,36.0
2625,70.71459718824718,20.812689903284102,1.0,0.0,36.0
2626,70.76022445003119,20.865608141146577,1.0,0.0,36.0
2627,70.72554133454419,20.87885053309819,1.0,0.0,36.0
2628,70.71942957598206,20.8298869521836,1.0,0.0,36.0
2629,70.71287460956232,20.871701955372593,1.0,0.0,36.0
2630,70.74837530007454,20.869319995107357,1.0,0.0,36.0
2631,70.73410780916316,20.826311684436252,1.0,0.0,36.0
2632,70.71376141133986,20.84333332983011,1.0,0.0,36.0
2633,70.72867975433945,20.85967418187751,1.0,0.0,36.0
2634,70.74896735837176,20.804616504877522,1.0,0.0,36.0
2635,70.72981386069556,20.835699256101243,1.0,0.0,36.0
2636,70.76142248132578,20.832969311967627,1.0,0.0,36.0
2637,70.75382936403852,20.83138900040694,1.0,0.0,36.0
2638,70.74049870671512,20.83279067419982,1.0,0.0,36.0
2639,70.73143266531437,20.86013171816827,1.0,0.0,36.0
2640,70.742881582334,20.85048033070359,1.0,0.0,36.0
2641,70.75058257815485,20.816788857729602,1.0,0.0,36.0
2642,70.74716586877967,20.88311512094068,1.0,0.0,36.0
2643,70.74330461535114,20.856626712649586,1.0,0.0,36.0
2644,70.760862121089,20.85452602083495,1.0,0.0,36.0
2645,70.74304624687727,20.855321230432498,1.0,0.0,36.0
2646,70.73283354297608,20.82008312478948,1.0,0.0,36.0
2647,70.76336216972486,20.852405166188987,1.0,0.0,36.0
2648,70.7255780928281,20.840134106649536,1.0,0.0,36.0
2649,70.7436405064324,20.866318458449904,1.0,0.0,36.0
2650,70.7366587567966,20.828710528418675,1.0,0.0,36.0
2651,70.73598708625019,20.85079113631267,1.0,0.0,36.0
2652,70.75544974003678,20.859388124176196,1.0,0.0,36.0
2653,70.73549593755263,20.84641203530481,1.0,0.0,36.0
2654,70.74292385743962,20.886146556489464,1.0,0.0,36.0
2655,70.75329441204292,20.845980016164873,1.0,0.0,36.0
2656,70.72150005619642,20.872255256959168,1.0,0.0,36.0
2657,70.7758680676417,20.84088713906167,1.0,0.0,36.0
2658,70.724051225584,20.859322778360635,1.0,0.0,36.0
2659,70.74615578072364,20.86078192179653,1.0,0.0,36.0
2660,70.74543529747336,20.873220042945817,1.0,0.0,36.0
2661,70.7377109469328,20.838143654328423,1.0,0.0,36.0
2662,70.74043257506499,20.841530665407532,1.0,0.0,36.0
2663,70.7614375249431,20.842215683416942,1.0,0.0,36.0
2664,70.73313996156413,20.850543276800842,1.0,0.0,36.0
2665,70.75476485149454,20.871509862328598,1.0,0.0,36.0
2666,70.7175020360909,20.834833807570014,1.0,0.0,36.0
2667,70.72538817713273,20.874453281649014,1.0,0.0,36.0
2668,70.73380747364881,20.842629895943688,1.0,0.0,36.0
2669,70.73581080713743,20.823420401307363,1.0,0.0,36.0
2670,70.74864925986398,20.887043099352127,1.0,0.0,36.0
2671,70.73292179885681,20.83401832278582,1.0,0.0,36.0
2672,70.7475260812541,20.83563040425718,1.0,0.0,36.0
2673,70.75346560084162,20.834933114574902,1.0,0.0,36.0
2674,70.73835487689561,20.8643475893707,1.0,0.0,36.0
2675,70.74987656985033,20.85086190564269,1.0,0.0,36.0
2676,70.71843671171675,20.837829763340505,1.0,0.0,36.0
2677,70.74368821581922,20.853181278637674,1.0,0.0,36.0
2678,70.75133498041735,20.84611485848351,1.0,0.0,36.0
2679,70.72342636467447,20.846561661313235,1.0,0.0,36.0
2680,70.74770521891264,20.864128131564023,1.0,0.0,36.0
2681,70.75722124271792,20.87948625229446,1.0,0.0,36.0
2682,70.74760496572999,20.868950237512255,1.0,0.0,36.0
2683,70.74536795811592,20.872620225653144,1.0,0.0,36.0
2684,70.73583046737959,20.851310152187423,1.0,0.0,36.0
2685,70.7135645967891,20.851920764220175,1.0,0.0,36.0
2686,70.71634753378511,20.838343760919155,1.0,0.0,36.0
2687,70.74491577594587,20.81849766803648,1.0,0.0,36.0
2688,70.7363319143001,20.85985633129357,1.0,0.0,36.0
2689,70.75752118331314,20.834818300206003,1.0,0.0,36.0
2690,70.75616913402928,20.86821336450673,1.0,0.0,36.0
2691,70.7425381882303,20.83132995477996,1.0,0.0,36.0
2692,70.73296525760693,20.836733969498376,1.0,0.0,36.0
2693,70.75450172510476,20.82892200744152,1.0,0.0,36.0
2694,70.75041095696523,20.871385049166545,1.0,0.0,36.0
2695,70.71946305940544,20.80383761838374,1.0,0.0,36.0
2696,70.69917554954363,20.830975884987776,1.0,0.0,36.0
2697,70.70997298143972,20.8538858653222,1.0,0.0,36.0
2698,70.72321062988819,20.852945461104127,1.0,0.0,36.0
2699,70.71850510884694,20.840103364480346,1.0,0.0,36.0
2700,70.75039603845454,20.864716716757822,1.0,0.0,36.0
2701,70.7168297939152,20.842476264572998,1.0,0.0,36.0
2702,70.73825822303245,20.83721004320133,1.0,0.0,36.0
2703,70.70749159873704,20.856726846468753,1.0,0.0,36.0
2704,70.72919278006627,20.876194357569048,1.0,0.0,36.0
2705,70.69905286037512,20.857459554265574,1.0,0.0,36.0
2706,70.73936447033996,20.847806958326224,1.0,0.0,36.0
2707,70.75088297973264,20.83904944165586,1.0,0.0,36.0
2708,70.70871424873721,20.833943467462387,1.0,0.0,36.0
2709,70.7352040980292,20.848107131345028,1.0,0.0,36.0
2710,70.73936398526384,20.867716893863022,1.0,0.0,36.0
2711,70.73751557014435,20.836688353327343,1.0,0.0,36.0
2712,70.73279275761837,20.84666541436387,1.0,0.0,36.0
2713,70.74843745053458,20.83319168810791,1.0,0.0,36.0
2714,70.73559864426177,20.865754323836672,1.0,0.0,36.0
2715,70.74720107690004,20.856120192735265,1.0,0.0,36.0
2716,70.74638877099413,20.87108908962887,1.0,0.0,36.0
2717,70.74568503689436,20.851862627417024,1.0,0.0,36.0
2718,70.73882408290869,20.838401864141787,1.0,0.0,36.0
2719,70.76233112065992,20.82274146368911,1.0,0.0,36.0
2720,70.72896630111698,20.85276666711956,1.0,0.0,36.0
2721,70.7279668629339,20.86854440829641,1.0,0.0,36.0
2722,70.74154430374095,20.862206775783466,1.0,0.0,36.0
2723,70.70529511639981,20.857535816311945,1.0,0.0,36.0
2724,70.7279038673514,20.82711417710541,1.0,0.0,36.0
2725,70.72478864739138,20.84959639768728,1.0,0.0,36.0
2726,70.73069998159833,20.829565031976383,1.0,0.0,36.0
2727,70.76420349593124,20.836908861954335,1.0,0.0,36.0
2728,70.73162805783676,20.849807490825448,1.0,0.0,36.0
2729,70.73049627613128,20.837251072042143,1.0,0.0,36.0
2730,70.72159484847516,20.860391241499304,1.0,0.0,36.0
2731,70.72501990571267,20.839680123902305,1.0,0.0,36.0
2732,70.75494764483378,20.845180408251267,1.0,0.0,36.0
2733,70.74245307177667,20.871507863265055,1.0,0.0,36.0
2734,70.73747395623388,20.812100430352736,1.0,0.0,36.0
2735,70.7222342604339,20.83330852423665,1.0,0.0,36.0
2736,70.73609951077786,20.85576651191519,1.0,0.0,36.0
2737,70.74251924156411,20.85895499733857,1.0,0.0,36.0
2738,70.7165116556049,20.83734186560711,1.0,0.0,36.0
2739,70.72707607466465,20.849968901181153,1.0,0.0,36.0
2740,70.7315663757451,20.814086635806284,1.0,0.0,36.0
2741,70.73589178849227,20.834345084058047,1.0,0.0,36.0
2742,70.71413614955344,20.846575254633102,1.0,0.0,36.0
2743,70.70819802943329,20.855840421522625,1.0,0.0,36.0
2744,70.72515581059454,20.875374844279545,1.0,0.0,36.0
2745,70.75028124255529,20.845495989796518,1.0,0.0,36.0
2746,70.74686891734393,20.868632491022247,1.0,0.0,36.0
2747,70.70904353951816,20.85021406671794,1.0,0.0,36.0
2748,70.74203412305089,20.846155635990566,1.0,0.0,36.0
2749,70.71465032512552,20.84383811847548,1.0,0.0,36.0
2750,70.70755695293367,20.83006470597952,1.0,0.0,36.0
2751,70.75135849550762,20.83886391068652,1.0,0.0,36.0
2752,70.77534764357733,20.845316418359808,1.0,0.0,36.0
2753,70.70871433444525,20.835069933092758,1.0,0.0,36.0
2754,70.742736305151,20.852401312715926,1.0,0.0,36.0
2755,70.72584545158425,20.80872402636186,1.0,0.0,36.0
2756,70.72007754799698,20.83760674454324,1.0,0.0,36.0
2757,70.72841365172992,20.866457379842686,1.0,0.0,36.0
2758,70.7567757616484,20.840246639119705,1.0,0.0,36.0
2759,70.73216334915487,20.83995691745016,1.0,0.0,36.0
2760,70.75921943203217,20.85656059933038,1.0,0.0,36.0
2761,70.71759604899869,20.82661944563979,1.0,0.0,36.0
2762,70.71752495685493,20.853175592272212,1.0,0.0,36.0
2763,70.75132762392761,20.83079495996906,1.0,0.0,36.0
2764,70.73483543917033,20.829953537628317,1.0,0.0,36.0
2765,70.73807688371168,20.84425087262641,1.0,0.0,36.0
2766,70.73285853710424,20.823333685034417,1.0,0.0,36.0
2767,70.74400238190903,20.869930680500953,1.0,0.0,36.0
2768,70.71487439874053,20.887964137061353,1.0,0.0,36.0
2769,70.73862834549814,20.86410653591664,1.0,0.0,36.0
2770,70.76859253852383,20.856805733683565,1.0,0.0,36.0
2771,70.72087994503457,20.86425579572838,1.0,0.0,36.0
2772,70.74688046029796,20.84090338900761,1.0,0.0,36.0
2773,70.72262089341599,20.845402018744377,1.0,0.0,36.0
2774,70.75825415545506,20.864756376985923,1.0,0.0,36.0
2775,70.72458282289021,20.860594793174833,1.0,0.0,36.0
2776,70.74094774216954,20.843849953884813,1.0,0.0,36.0
2777,70.73739914172292,20.855305106788883,1.0,0.0,36.0
2778,70.70946011501604,20.85430708626483,1.0,0.0,36.0
2779,70.7039147287077,20.838089944708845,1.0,0.0,36.0
2780,70.7248473572851,20.845049365647323,1.0,0.0,36.0
2781,70.72966581558728,20.83796170147879,1.0,0.0,36.0
2782,70.73363214549286,20.83840125556982,1.0,0.0,36.0
2783,70.72733765484487,20.830600330527005,1.0,0.0,36.0
2784,70.75836032905482,20.843788261603418,1.0,0.0,36.0
2785,70.74608643212846,20.864987611666137,1.0,0.0,36.0
2786,70.7314689106184,20.825332372341343,1.0,0.0,36.0
2787,70.70972524730176,20.844999216256426,1.0,0.0,36.0
2788,70.73736235204348,20.857457024274087,1.0,0.0,36.0
2789,70.73041681256142,20.863856829718532,1.0,0.0,36.0
2790,70.7514598130435,20.865392324553298,1.0,0.0,36.0
2791,70.72785904314009,20.851627417906997,1.0,0.0,36.0
2792,70.75424253236811,20.83671869242404,1.0,0.0,36.0
2793,70.73718071145969,20.84144081997216,1.0,0.0,36.0
2794,70.73121841352929,20.872078493957805,1.0,0.0,36.0
2795,70.7335075256174,20.839694303299154,1.0,0.0,36.0
2796,70.70511650572713,20.83968011315657,1.0,0.0,36.0
2797,70.72927179989657,20.85730211307278,1.0,0.0,36.0
2798,70.7465660187546,20.834481430087703,1.0,0.0,36.0
2799,70.73014475149866,20.837277811436554,1.0,0.0,36.0
2800,70.72872039173089,20.843312702921608,1.0,0.0,36.0
2801,70.7399566892934,20.864932476376435,1.0,0.0,36.0
2802,70.71408362935382,20.860903647181374,1.0,0.0,36.0
2803,70.72749367273421,20.873940947217807,1.0,0.0,36.0
2804,70.74988821396174,20.858873713597156,1.0,0.0,36.0
2805,70.74499654239142,20.858288949814295,1.0,0.0,36.0
2806,70.72997793172746,20.824443247219367,1.0,0.0,36.0
2807,70.71521102666033,20.85801581957131,1.0,0.0,36.0
2808,70.75107076341129,20.865378243004148,1.0,0.0,36.0
2809,70.74535214015708,20.848926508164347,1.0,0.0,36.0
2810,70.77008173832218,20.838543850095004,1.0,0.0,36.0
2811,70.73890994402568,20.856146445591566,1.0,0.0,36.0
2812,70.74930514450669,20.829109699702766,1.0,0.0,36.0
2813,70.74826498050466,20.856126145878996,1.0,0.0,36.0
2814,70.73745309737156,20.829265940838788,1.0,0.0,36.0
2815,70.72627524838902,20.845754946688285,1.0,0.0,36.0
2816,70.7382955619168,20.844355323611993,1.0,0.0,36.0
2817,70.72014914372056,20.883726783522153,1.0,0.0,36.0
2818,70.73781667973017,20.85019360739353,1.0,0.0,36.0
2819,70.73181999094572,20.8475425981501,1.0,0.0,36.0
2820,70.74812622587771,20.828049196837558,1.0,0.0,36.0
2821,70.70751938978036,20.836087524211415,1.0,0.0,36.0
2822,70.74111682939694,20.835214853937735,1.0,0.0,36.0
2823,70.7313184406872,20.84042678576866,1.0,0.0,36.0
2824,70.75855463745532,20.827810921005877,1.0,0.0,36.0
2825,70.73937632677618,20.853756874549237,1.0,0.0,36.0
2826,70.73472511522742,20.84864980403964,1.0,0.0,36.0
2827,70.72135250308524,20.854316986483468,1.0,0.0,36.0
2828,70.75022342758498,20.84627908437642,1.0,0.0,36.0
2829,70.73511009438437,20.842995623244462,1.0,0.0,36.0
2830,70.72228867153714,20.847128165123657,1.0,0.0,36.0
2831,70.75054413449841,20.82901712922506,1.0,0.0,36.0
2832,70.74777744628246,20.843298729592416,1.0,0.0,36.0
2833,70.72206754669898,20.828887255454287,1.0,0.0,36.0
2834,70.71116254841681,20.85414131716758,1.0,0.0,36.0
2835,70.74337284903966,20.87771232416859,1.0,0.0,36.0
2836,70.74630271894925,20.841833467969902,1.0,0.0,36.0
2837,70.74942751806674,20.838252571742025,1.0,0.0,36.0
2838,70.74373509492698,20.84387389989731,1.0,0.0,36.0
2839,70.72320538646663,20.82340688898112,1.0,0.0,36.0
2840,70.7272225533047,20.847551608885425,1.0,0.0,36.0
2841,70.72616923014431,20.844000363806483,1.0,0.0,36.0
2842,70.74191048567982,20.891140115456118,1.0,0.0,36.0
2843,70.71615448570473,20.86083323605534,1.0,0.0,36.0
2844,70.75553215072948,20.83837243322795,1.0,0.0,36.0
2845,70.7559484901958,20.838395927382244,1.0,0.0,36.0
2846,70.7286950392948,20.83776328007182,1.0,0.0,36.0
2847,70.75668875231435,20.828105174587773,1.0,0.0,36.0
2848,70.73650678509127,20.82720007703709,1.0,0.0,36.0
2849,70.72395769241098,20.826465372546213,1.0,0.0,36.0
2850,70.73204646310457,20.833501156077297,1.0,0.0,36.0
2851,70.73652756678749,20.819343755905,1.0,0.0,36.0
2852,70.75637592675847,20.85582292942795,1.0,0.0,36.0
2853,70.73340500598016,20.83509173609833,1.0,0.0,36.0
2854,70.74707462429598,20.81940084771852,1.0,0.0,36.0
2855,70.74667065553385,20.862594470544245,1.0,0.0,36.0
2856,70.7352368775162,20.84199613652586,1.0,0.0,36.0
2857,70.7078946887264,20.8373437279772,1.0,0.0,36.0
2858,70.7071959111315,20.84547985406937,1.0,0.0,36.0
2859,70.75435928211812,20.838011560069436,1.0,0.0,36.0
2860,70.72891811227655,20.842520752889698,1.0,0.0,36.0
2861,70.72553933899182,20.844809382147336,1.0,0.0,36.0
2862,70.73664362879272,20.82784877773231,1.0,0.0,36.0
2863,70.71515261469493,20.840043694787564,1.0,0.0,36.0
2864,70.7491193515862,20.828650824317734,1.0,0.0,36.0
2865,70.71226631757476,20.837713002532148,1.0,0.0,36.0
2866,70.74089325667144,20.830315792420027,1.0,0.0,36.0
2867,70.70886890596498,20.83666844465095,1.0,0.0,36.0
2868,70.72527618368414,20.846744272178153,1.0,0.0,36.0
2869,70.73436825086394,20.87224316876673,1.0,0.0,36.0
2870,70.71249981075698,20.82946530209149,1.0,0.0,36.0
2871,70.73947676697901,20.82816759629897,1.0,0.0,36.0
2872,70.70299137420969,20.84018281037556,1.0,0.0,36.0
2873,70.74715541409397,20.846706992508285,1.0,0.0,36.0
2874,70.7397033548356,20.858179228454713,1.0,0.0,36.0
2875,70.70988613506968,20.833535084075308,1.0,0.0,36.0
2876,70.72041107673145,20.861883811636016,1.0,0.0,36.0
2877,70.70903902956485,20.84780496303093,1.0,0.0,36.0
2878,70.72812125572857,20.827344168876095,1.0,0.0,36.0
2879,70.76775194327662,20.876084459046396,1.0,0.0,36.0
2880,70.7342874587137,20.82198254555928,1.0,0.0,36.0
2881,70.76032093887893,20.863532319133785,1.0,0.0,36.0
2882,70.72539478073502,20.82791831256972,1.0,0.0,36.0
2883,70.73867673009455,20.85376526004263,1.0,0.0,36.0
2884,70.76196299498194,20.83966502874386,1.0,0.0,36.0
2885,70.75036870024324,20.84129114018585,1.0,0.0,36.0
2886,70.74698829417875,20.852801006196554,1.0,0.0,36.0
2887,70.72718982622018,20.822677988499112,1.0,0.0,36.0
2888,70.74727877494641,20.85374177919943,1.0,0.0,36.0
2889,70.73755112049516,20.8453459087616,1.0,0.0,36.0
2890,70.72509094601006,20.86107764868616,1.0,0.0,36.0
2891,70.71820351521347,20.829515579204546,1.0,0.0,36.0
2892,70.75101224327429,20.8241627923299,1.0,0.0,36.0
2893,70.75251646031136,20.84633386344525,1.0,0.0,36.0
2894,70.75208244699512,20.85430884543177,1.0,0.0,36.0
2895,70.71692667190973,20.853338183110974,1.0,0.0,36.0
2896,70.71984204883641,20.84562195528507,1.0,0.0,36.0
2897,70.74408997075466,20.8393243899196,1.0,0.0,36.0
2898,70.7230983563266,20.834177258066852,1.0,0.0,36.0
2899,70.75538777923829,20.829832465565143,1.0,0.0,36.0
2900,70.74556720262278,20.829972196497376,1.0,0.0,36.0
2901,70.72276306905569,20.848874547873486,1.0,0.0,36.0
2902,70.70890331021705,20.834006834172964,1.0,0.0,36.0
2903,70.73920199285416,20.86468919714464,1.0,0.0,36.0
2904,70.75864973750306,20.856162630237847,1.0,0.0,36.0
2905,70.75107853220474,20.835483638520383,1.0,0.0,36.0
2906,70.75384758299234,20.838584449518127,1.0,0.0,36.0
2907,70.73108142560271,20.816870189856854,1.0,0.0,36.0
2908,70.7188871803126,20.870994968235753,1.0,0.0,36.0
2909,70.72296032943049,20.83379698861961,1.0,0.0,36.0
2910,70.73970478116698,20.839545308185425,1.0,0.0,36.0
2911,70.73699138245651,20.85361754826854,1.0,0.0,36.0
2912,70.74539983086473,20.83900149545862,1.0,0.0,36.0
2913,70.73083608893197,20.834478842794827,1.0,0.0,36.0
2914,70.75862531548779,20.855897898658196,1.0,0.0,36.0
2915,70.76676843009545,20.852117517261092,1.0,0.0,36.0
2916,70.7400785265566,20.850590487448,1.0,0.0,36.0
2917,70.72515682718792,20.847851380326716,1.0,0.0,36.0
2918,70.7599065819332,20.820188702239435,1.0,0.0,36.0
2919,70.72125793174315,20.83875827926963,1.0,0.0,36.0
2920,70.7298084214345,20.816320552453643,1.0,0.0,36.0
2921,70.71758711459961,20.828538426050407,1.0,0.0,36.0
2922,70.75510015409928,20.80779276051817,1.0,0.0,36.0
2923,70.75194469158357,20.847498423700277,1.0,0.0,36.0
2924,70.73671432416761,20.866422886826573,1.0,0.0,36.0
2925,70.72869807870215,20.83426353350684,1.0,0.0,36.0
2926,70.72733653303851,20.85212643856267,1.0,0.0,36.0
2927,70.72477750420792,20.839772999554217,1.0,0.0,36.0
2928,70.74544555161133,20.800674942581246,1.0,0.0,36.0
2929,70.73420181776224,20.875821888185243,1.0,0.0,36.0
2930,70.73088069942365,20.829806481354343,1.0,0.0,36.0
2931,70.72090156302998,20.835613998737532,1.0,0.0,36.0
2932,70.72404336016209,20.843608987116426,1.0,0.0,36.0
2933,70.71968379803668,20.839830829143263,1.0,0.0,36.0
2934,70.74578392244692,20.848550607068972,1.0,0.0,36.0
2935,70.74569777724619,20.83308284097502,1.0,0.0,36.0
2936,70.72590941993704,20.818711384488683,1.0,0.0,36.0
2937,70.72885469477797,20.834603755066265,1.0,0.0,36.0
2938,70.74434005189865,20.839278515559467,1.0,0.0,36.0
2939,70.74351446885888,20.84875454004104,1.0,0.0,36.0
2940,70.71529643167102,20.854162420758108,1.0,0.0,36.0
2941,70.75532666988971,20.822104198829845,1.0,0.0,36.0
2942,70.73817761656827,20.845695264174847,1.0,0.0,36.0
2943,70.73007190676816,20.84697631797836,1.0,0.0,36.0
2944,70.76164515639303,20.86321736946548,1.0,0.0,36.0
2945,70.7477062237391,20.832699487638827,1.0,0.0,36.0
2946,70.74354799287171,20.859159489408682,1.0,0.0,36.0
2947,70.7471368260164,20.82787449132571,1.0,0.0,36.0
2948,70.75389947401636,20.872290434336623,1.0,0.0,36.0
2949,70.72402821434657,20.85337886987831,1.0,0.0,36.0
2950,70.72608454517459,20.83302105898056,1.0,0.0,36.0
2951,70.75472615775533,20.838933812642352,1.0,0.0,36.0
2952,70.70780636892172,20.85107745054801,1.0,0.0,36.0
2953,70.75758891135814,20.85597191528588,1.0,0.0,36.0
2954,70.74862894255857,20.854241054321914,1.0,0.0,36.0
2955,70.7316246585397,20.848442391481722,1.0,0.0,36.0
2956,70.75293368050605,20.859393651497193,1.0,0.0,36.0
2957,70.75101834509036,20.851830525508042,1.0,0.0,36.0
2958,70.73226526616394,20.850681268099432,1.0,0.0,36.0
2959,70.72482691283632,20.84990545722026,1.0,0.0,36.0
2960,70.74893408630152,20.8305626264317,1.0,0.0,36.0
2961,70.74628544060711,20.879702624818343,1.0,0.0,36.0
2962,70.73303505147116,20.849403968228,1.0,0.0,36.0
2963,70.73978619176975,20.830995391067322,1.0,0.0,36.0
2964,70.73980789680597,20.85243596506555,1.0,0.0,36.0
2965,70.72809521235021,20.859379111179212,1.0,0.0,36.0
2966,70.72195533445975,20.819293063252637,1.0,0.0,36.0
2967,70.74657849771954,20.859974888919805,1.0,0.0,36.0
2968,70.73380649779493,20.857387060432284,1.0,0.0,36.0
2969,70.75504188228061,20.833974212419903,1.0,0.0,36.0
2970,70.72828228998496,20.82243734690519,1.0,0.0,36.0
2971,70.73791075863345,20.85585246955068,1.0,0.0,36.0
2972,70.72283892348807,20.853313252052423,1.0,0.0,36.0
2973,70.70902020454527,20.8482731554406,1.0,0.0,36.0
2974,70.73470891769065,20.835192299573137,1.0,0.0,36.0
2975,70.7456279197653,20.865302713045935,1.0,0.0,36.0
2976,70.7289209481,20.857523442113493,1.0,0.0,36.0
2977,70.74628233705984,20.821888610296458,1.0,0.0,36.0
2978,70.7492177075467,20.846054714347055,1.0,0.0,36.0
2979,70.76708823386828,20.853608451411166,1.0,0.0,36.0
2980,70.73630097203619,20.865386380504926,1.0,0.0,36.0
2981,70.76385088251591,20.854975366358673,1.0,0.0,36.0
2982,70.73220874053956,20.830140314309897,1.0,0.0,36.0
2983,70.7150038521451,20.868291042326675,1.0,0.0,36.0
2984,70.72988652561651,20.848609577630214,1.0,0.0,36.0
2985,70.71286648894363,20.843849810981375,1.0,0.0,36.0
2986,70.73526353710932,20.86071710280943,1.0,0.0,36.0
2987,70.70550038045397,20.86540287854546,1.0,0.0,36.0
2988,70.73158331657416,20.829416274981416,1.0,0.0,36.0
2989,70.73628907849448,20.855582408614083,1.0,0.0,36.0
2990,70.72342247512545,20.832911622483987,1.0,0.0,36.0
2991,70.73853444025914,20.869694089652054,1.0,0.0,36.0
2992,70.74240228653349,20.84546781594766,1.0,0.0,36.0
2993,70.73404054164894,20.859960286779042,1.0,0.0,36.0
2994,70.71490201376467,20.83947179059807,1.0,0.0,36.0
2995,70.73714658355784,20.839755319132117,1.0,0.0,36.0
2996,70.74328994894542,20.824548539113795,1.0,0.0,36.0
2997,70.70926487260294,20.86311466134644,1.0,0.0,36.0
2998,70.76005427878493,20.873074051822588,1.0,0.0,36.0
2999,70.7539852790251,20.856975637858934,1.0,0.0,36.0
3000,70.7172936485256,20.85361112864617,1.0,0.0,36.0
3001,70.73915410274729,20.830090025424497,1.0,0.0,36.0
3002,70.69808876980805,20.853661437418165,1.0,0.0,36.0
3003,70.75614943277162,20.856632383347684,1.0,0.0,36.0
3004,70.72772173894813,20.844228204135334,1.0,0.0,36.0
3005,70.72873924105755,20.84929132667458,1.0,0.0,36.0
3006,70.74970304513795,20.884870380415105,1.0,0.0,36.0
3007,70.73533357525108,20.86398288362404,1.0,0.0,36.0
3008,70.74306900707957,20.85985733272427,1.0,0.0,36.0
3009,70.72381769559536,20.863290170977017,1.0,0.0,36.0
3010,70.72931709679106,20.86451068240585,1.0,0.0,36.0
3011,70.7383320887084,20.865546730487697,1.0,0.0,36.0
3012,70.75500396043005,20.829912543640273,1.0,0.0,36.0
3013,70.73524600395386,20.840650641108372,1.0,0.0,36.0
3014,70.74794731291641,20.875394777463107,1.0,0.0,36.0
3015,70.72933799310839,20.831195276363744,1.0,0.0,36.0
3016,70.73732450611334,20.84243331944261,1.0,0.0,36.0
3017,70.73871005736841,20.853476945064408,1.0,0.0,36.0
3018,70.73250141708307,20.855603256224963,1.0,0.0,36.0
3019,70.70751124925896,20.85923146769887,1.0,0.0,36.0
3020,70.73871885430913,20.8653427499128,1.0,0.0,36.0
3021,70.73101222959878,20.82114244217676,1.0,0.0,36.0
3022,70.7313307692532,20.849388335433492,1.0,0.0,36.0
3023,70.72034375664428,20.840586984642385,1.0,0.0,36.0
3024,70.74606311793472,20.836426303063153,1.0,0.0,36.0
3025,70.70734180099512,20.823649221393786,1.0,0.0,36.0
3026,70.72856136033458,20.84987176642315,1.0,0.0,36.0
3027,70.73923805547611,20.832139900718182,1.0,0.0,36.0
3028,70.74901774080011,20.852202644024892,1.0,0.0,36.0
3029,70.74611830011855,20.86091285025073,1.0,0.0,36.0
3030,70.76666361495512,20.848753768720382,1.0,0.0,36.0
3031,70.74902293840871,20.830716883521553,1.0,0.0,36.0
3032,70.73815950034094,20.832937798504922,1.0,0.0,36.0
3033,70.7528317502063,20.816874534115374,1.0,0.0,36.0
3034,70.7344894656861,20.832318432826465,1.0,0.0,36.0
3035,70.71596012076144,20.8316868710544,1.0,0.0,36.0
3036,70.72794553442283,20.872963877081887,1.0,0.0,36.0
3037,70.73522461279795,20.86044429982412,1.0,0.0,36.0
3038,70.73997763663576,20.837284081682668,1.0,0.0,36.0
3039,70.73123725657207,20.86713249162912,1.0,0.0,36.0
3040,70.729267384665,20.87561351574964,1.0,0.0,36.0
3041,70.72504537434119,20.884039462472437,1.0,0.0,36.0
3042,70.73685119900495,20.87081089806223,1.0,0.0,36.0
3043,70.74440850914456,20.870646287069498,1.0,0.0,36.0
3044,70.71880705648839,20.830555204018967,1.0,0.0,36.0
3045,70.75468233367583,20.861668482729602,1.0,0.0,36.0
3046,70.71516443209595,20.828739951897624,1.0,0.0,36.0
3047,70.71804044665657,20.881283534147183,1.0,0.0,36.0
3048,70.74039071581963,20.835034154653684,1.0,0.0,36.0
3049,70.72263479598293,20.811549786850012,1.0,0.0,36.0
3050,70.72750727370783,20.851930129574544,1.0,0.0,36.0
3051,70.74231589730748,20.86448600396755,1.0,0.0,36.0
3052,70.72490870579327,20.813274225108295,1.0,0.0,36.0
3053,70.74910548310487,20.851718655659607,1.0,0.0,36.0
3054,70.72649273186535,20.88203812749564,1.0,0.0,36.0
3055,70.74088319938866,20.829100177450307,1.0,0.0,36.0
3056,70.73618334867398,20.85641373988521,1.0,0.0,36.0
3057,70.7237510458402,20.859295455412962,1.0,0.0,36.0
3058,70.71779202992536,20.840453786443067,1.0,0.0,36.0
3059,70.7434261424216,20.863405922627486,1.0,0.0,36.0
3060,70.76519109877358,20.839648951007153,1.0,0.0,36.0
3061,70.74674805148054,20.851719208242734,1.0,0.0,36.0
3062,70.72666372855078,20.86657329638383,1.0,0.0,36.0
3063,70.72286423982362,20.853008331889676,1.0,0.0,36.0
3064,70.72336291196216,20.86613766126594,1.0,0.0,36.0
3065,70.73265932474146,20.865664221150503,1.0,0.0,36.0
3066,70.75837115598203,20.840084516261722,1.0,0.0,36.0
3067,70.72918204427899,20.850859009317823,1.0,0.0,36.0
3068,70.71764733129147,20.840138032263795,1.0,0.0,36.0
3069,70.72192831861557,20.863171447876688,1.0,0.0,36.0
3070,70.76128219751371,20.8551063096968,1.0,0.0,36.0
3071,70.71942484148322,20.84165761657611,1.0,0.0,36.0
3072,70.77754247889781,20.85725491757735,1.0,0.0,36.0
3073,70.7546893076625,20.855130356836202,1.0,0.0,36.0
3074,70.73831992268171,20.842808993469806,1.0,0.0,36.0
3075,70.71918149607414,20.823725505268346,1.0,0.0,36.0
3076,70.7305351571539,20.81834959887713,1.0,0.0,36.0
3077,70.73095842361363,20.83820639286356,1.0,0.0,36.0
3078,70.71193757693207,20.821143512932196,1.0,0.0,36.0
3079,70.75495051648399,20.8399768427542,1.0,0.0,36.0
3080,70.7501941299715,20.869168368104916,1.0,0.0,36.0
3081,70.73910859476409,20.86948828309998,1.0,0.0,36.0
3082,70.74167152853842,20.838702737865145,1.0,0.0,36.0
3083,70.73220632082614,20.845612937704086,1.0,0.0,36.0
3084,70.76584745043155,20.84957623046035,1.0,0.0,36.0
3085,70.74427217601692,20.843542599259504,1.0,0.0,36.0
3086,70.73278689983472,20.845655108308527,1.0,0.0,36.0
3087,70.73908499359436,20.852791941858868,1.0,0.0,36.0
3088,70.72506042948618,20.818247336835416,1.0,0.0,36.0
3089,70.75905723749047,20.83540952454651,1.0,0.0,36.0
3090,70.74337438282731,20.841287405299372,1.0,0.0,36.0
3091,70.73252165445707,20.836858657607902,1.0,0.0,36.0
3092,70.73134966933227,20.86364777533653,1.0,0.0,36.0
3093,70.72568211895218,20.81589894657337,1.0,0.0,36.0
3094,70.73007592904958,20.851056026044088,1.0,0.0,36.0
3095,70.74011000797626,20.81122815831984,1.0,0.0,36.0
3096,70.71267798432854,20.844240728419884,1.0,0.0,36.0
3097,70.75418491556266,20.831487500287704,1.0,0.0,36.0
3098,70.75143546359442,20.844591646615505,1.0,0.0,36.0
3099,70.71433369507761,20.846479623886577,1.0,0.0,36.0
3100,70.74751434263366,20.870781321214704,1.0,0.0,36.0
3101,70.75062668517677,20.85181758617926,1.0,0.0,36.0
3102,70.75778768369442,20.85858118261575,1.0,0.0,36.0
3103,70.74055360683691,20.82443987524738,1.0,0.0,36.0
3104,70.72776658268809,20.85365626495958,1.0,0.0,36.0
3105,70.7264655185486,20.87549963410818,1.0,0.0,36.0
3106,70.74078575576068,20.820628571869186,1.0,0.0,36.0
3107,70.73790842667131,20.867132220055225,1.0,0.0,36.0
3108,70.74239043102989,20.88857711908037,1.0,0.0,36.0
3109,70.74177364657888,20.85068526162675,1.0,0.0,36.0
3110,70.75064166040792,20.87048289935603,1.0,0.0,36.0
3111,70.74797553935957,20.817271607879828,1.0,0.0,36.0
3112,70.72784613241407,20.838294253923777,1.0,0.0,36.0
3113,70.71117065118882,20.8631495246369,1.0,0.0,36.0
3114,70.744651684946,20.849950932443576,1.0,0.0,36.0
3115,70.71035750880738,20.86144517066341,1.0,0.0,36.0
3116,70.72573033409171,20.86294752116608,1.0,0.0,36.0
3117,70.73599556070353,20.852265622663033,1.0,0.0,36.0
3118,70.75132201572276,20.86978084444385,1.0,0.0,36.0
3119,70.73215518060312,20.829574619695705,1.0,0.0,36.0
3120,70.77032015823899,20.852975468667662,1.0,0.0,36.0
3121,70.71433269887962,20.819429422693783,1.0,0.0,36.0
3122,70.74058146366093,20.850390678189584,1.0,0.0,36.0
3123,70.73008472547079,20.8462096162031,1.0,0.0,36.0
3124,70.72685644428901,20.84932431601016,1.0,0.0,36.0
3125,70.72207142222794,20.848456383758283,1.0,0.0,36.0
3126,70.73070025644554,20.87471601109142,1.0,0.0,36.0
3127,70.75352416488121,20.845516964050418,1.0,0.0,36.0
3128,70.74114755241669,20.857191617534095,1.0,0.0,36.0
3129,70.73949393816133,20.825207532961965,1.0,0.0,36.0
3130,70.74481365260633,20.831385746277277,1.0,0.0,36.0
3131,70.72247395355097,20.856508111311935,1.0,0.0,36.0
3132,70.73261707964052,20.820830206121737,1.0,0.0,36.0
3133,70.76273001806855,20.848507450117115,1.0,0.0,36.0
3134,70.73318765811794,20.825348923413575,1.0,0.0,36.0
3135,70.75988934099139,20.843653456215733,1.0,0.0,36.0
3136,70.72515599222916,20.868109884451524,1.0,0.0,36.0
3137,70.7328671110809,20.84298422825621,1.0,0.0,36.0
3138,70.73421127889378,20.851104696425484,1.0,0.0,36.0
3139,70.73728867877885,20.86012023886572,1.0,0.0,36.0
3140,70.72699693981237,20.876503855135176,1.0,0.0,36.0
3141,70.74515872010838,20.844940699743344,1.0,0.0,36.0
3142,70.73821829330495,20.83610479404788,1.0,0.0,36.0
3143,70.77643990831467,20.8316684923204,1.0,0.0,36.0
3144,70.74328551682588,20.84880554759227,1.0,0.0,36.0
3145,70.7385382233545,20.837160108252494,1.0,0.0,36.0
3146,70.71255886820174,20.834580949071597,1.0,0.0,36.0
3147,70.75546735746725,20.859275547490082,1.0,0.0,36.0
3148,70.75149794297542,20.834151370000438,1.0,0.0,36.0
3149,70.74706923950741,20.849939030412155,1.0,0.0,36.0
3150,70.74394998973817,20.842250740902735,1.0,0.0,36.0
3151,70.70449244487003,20.8185306347877,1.0,0.0,36.0
3152,70.73666528901134,20.85609397030473,1.0,0.0,36.0
3153,70.73252079535297,20.842768670509844,1.0,0.0,36.0
3154,70.75515125859165,20.858064262430727,1.0,0.0,36.0
3155,70.73155043906968,20.863806925330465,1.0,0.0,36.0
3156,70.73762015737236,20.87641900524585,1.0,0.0,36.0
3157,70.73473132386644,20.84378026811384,1.0,0.0,36.0
3158,70.75720734017034,20.854665575931808,1.0,0.0,36.0
3159,70.74844918077574,20.858597211365684,1.0,0.0,36.0
3160,70.77232727027551,20.84531343826589,1.0,0.0,36.0
3161,70.74362397853199,20.860592340755723,1.0,0.0,36.0
3162,70.73789144649984,20.86140647170436,1.0,0.0,36.0
3163,70.74341956168637,20.84145165208067,1.0,0.0,36.0
3164,70.74200293505203,20.864133437500335,1.0,0.0,36.0
3165,70.71198551276197,20.86513934920547,1.0,0.0,36.0
3166,70.72250689118829,20.869205858651462,1.0,0.0,36.0
3167,70.74015562489568,20.840477088525958,1.0,0.0,36.0
3168,70.74639679137277,20.849067699120404,1.0,0.0,36.0
3169,70.72702887445158,20.845283955675644,1.0,0.0,36.0
3170,70.72931432432662,20.845910318859232,1.0,0.0,36.0
3171,70.7424379884814,20.848110301806287,1.0,0.0,36.0
3172,70.75569562692579,20.822129181364478,1.0,0.0,36.0
3173,70.72599087947685,20.836672283748847,1.0,0.0,36.0
3174,70.7349653688093,20.839917883441412,1.0,0.0,36.0
3175,70.74312489833312,20.85099131570275,1.0,0.0,36.0
3176,70.74445110938333,20.846555112712817,1.0,0.0,36.0
3177,70.7261446601699,20.826973536423736,1.0,0.0,36.0
3178,70.74227214070987,20.83179227496013,1.0,0.0,36.0
3179,70.74520219940865,20.87359986321844,1.0,0.0,36.0
3180,70.72426999967263,20.859868793036828,1.0,0.0,36.0
3181,70.70458387626383,20.836179641480314,1.0,0.0,36.0
3182,70.76792538621436,20.855137246539172,1.0,0.0,36.0
3183,70.75674795392459,20.849144801011565,1.0,0.0,36.0
3184,70.7493103522023,20.834243411779084,1.0,0.0,36.0
3185,70.72397400375262,20.81945982016473,1.0,0.0,36.0
3186,70.73968288523298,20.884515441084304,1.0,0.0,36.0
3187,70.74530628688899,20.875974770155764,1.0,0.0,36.0
3188,70.74923199008512,20.85216999132651,1.0,0.0,36.0
3189,70.72029751470069,20.85614154960391,1.0,0.0,36.0
3190,70.74136764549434,20.82270239854189,1.0,0.0,36.0
3191,70.73266582840246,20.837400759479266,1.0,0.0,36.0
3192,70.73466725921769,20.863923041417205,1.0,0.0,36.0
3193,70.7410451365979,20.82836711973299,1.0,0.0,36.0
3194,70.72659884254911,20.85188370748549,1.0,0.0,36.0
3195,70.74365234502501,20.824530155854205,1.0,0.0,36.0
3196,70.73809118749676,20.861935157107915,1.0,0.0,36.0
3197,70.76068888640582,20.845050634806263,1.0,0.0,36.0
3198,70.73908605496645,20.848416046980486,1.0,0.0,36.0
3199,70.73548387492464,20.839932720455078,1.0,0.0,36.0
3200,70.74818782623416,20.843391364455698,1.0,0.0,36.0
3201,70.74064140481894,20.811100965125448,1.0,0.0,36.0
3202,70.72370653345419,20.86618964317203,1.0,0.0,36.0
3203,70.7498521104059,20.862348681955698,1.0,0.0,36.0
3204,70.73441252477204,20.849675389843448,1.0,0.0,36.0
3205,70.74491462759165,20.860757497435163,1.0,0.0,36.0
3206,70.75751575155793,20.860081777031226,1.0,0.0,36.0
3207,70.74710694719673,20.829367252898397,1.0,0.0,36.0
3208,70.73409019866516,20.852478826546694,1.0,0.0,36.0
3209,70.76241931347387,20.841620091403552,1.0,0.0,36.0
3210,70.72694595767001,20.812822346316043,1.0,0.0,36.0
3211,70.72739907024351,20.844442776787414,1.0,0.0,36.0
3212,70.73194872039394,20.847386165704012,1.0,0.0,36.0
3213,70.73573218416658,20.85448895817275,1.0,0.0,36.0
3214,70.74428827177539,20.85388312329002,1.0,0.0,36.0
3215,70.72499125053226,20.85922086233674,1.0,0.0,36.0
3216,70.74957533899797,20.82949146803885,1.0,0.0,36.0
3217,70.7193449169812,20.87083757912294,1.0,0.0,36.0
3218,70.74657594855793,20.85184325711868,1.0,0.0,36.0
3219,70.73055829368948,20.8569366166732,1.0,0.0,36.0
3220,70.73519072108957,20.85642023932843,1.0,0.0,36.0
3221,70.73825818143492,20.821947262222825,1.0,0.0,36.0
3222,70.74681250644258,20.84858315132577,1.0,0.0,36.0
3223,70.71989649454528,20.85535565727907,1.0,0.0,36.0
3224,70.74257071427238,20.83373987481555,1.0,0.0,36.0
3225,70.76664842569951,20.839027977335117,1.0,0.0,36.0
3226,70.7365140446724,20.826599837361325,1.0,0.0,36.0
3227,70.74603708790916,20.84377393632445,1.0,0.0,36.0
3228,70.75002387861686,20.862514304774038,1.0,0.0,36.0
3229,70.73504462278123,20.839428375437283,1.0,0.0,36.0
3230,70.73010209719449,20.84830829444616,1.0,0.0,36.0
3231,70.74902561245027,20.85460279871812,1.0,0.0,36.0
3232,70.73094477045922,20.836692490834224,1.0,0.0,36.0
3233,70.74252046277465,20.85131866047521,1.0,0.0,36.0
3234,70.74378908632632,20.833160314301807,1.0,0.0,36.0
3235,70.73697214520382,20.83734638098533,1.0,0.0,36.0
3236,70.74082754875123,20.8259944736282,1.0,0.0,36.0
3237,70.7581501642003,20.83403986896315,1.0,0.0,36.0
3238,70.75343736395357,20.84505477316047,1.0,0.0,36.0
3239,70.72300239183562,20.872600008910805,1.0,0.0,36.0
3240,70.72237187637657,20.83846819874606,1.0,0.0,36.0
3241,70.73244497426246,20.850865359562484,1.0,0.0,36.0
3242,70.74111315796503,20.82410490243496,1.0,0.0,36.0
3243,70.72732537160877,20.845921417712407,1.0,0.0,36.0
3244,70.70882495025886,20.842413457119427,1.0,0.0,36.0
3245,70.73027163258712,20.823260343184135,1.0,0.0,36.0
3246,70.74164400415526,20.8416929985313,1.0,0.0,36.0
3247,70.72676665835358,20.837484529352654,1.0,0.0,36.0
3248,70.72220448267987,20.83895432624292,1.0,0.0,36.0
3249,70.72649542627788,20.844311727687604,1.0,0.0,36.0
3250,70.73652399269848,20.84680600051243,1.0,0.0,36.0
3251,70.74124226022344,20.829410363167682,1.0,0.0,36.0
3252,70.71952638362089,20.864322251216898,1.0,0.0,36.0
3253,70.72893913748372,20.852194930438795,1.0,0.0,36.0
3254,70.74108857772279,20.873406310961304,1.0,0.0,36.0
3255,70.74742008891596,20.834627962621997,1.0,0.0,36.0
3256,70.74368683543213,20.851340607184696,1.0,0.0,36.0
3257,70.7000759899436,20.8605249759219,1.0,0.0,36.0
3258,70.72337453101464,20.84341940893317,1.0,0.0,36.0
3259,70.68737986178068,20.852728317191968,1.0,0.0,36.0
3260,70.75214109647739,20.853263322954163,1.0,0.0,36.0
3261,70.7459277378864,20.862945424912784,1.0,0.0,36.0
3262,70.72326372416738,20.852031077902392,1.0,0.0,36.0
3263,70.73872216258577,20.86533642437062,1.0,0.0,36.0
3264,70.75188356577866,20.875845806704703,1.0,0.0,36.0
3265,70.74569458648429,20.84591057273498,1.0,0.0,36.0
3266,70.73239354285877,20.849542940854693,1.0,0.0,36.0
3267,70.72450013647662,20.854939387082723,1.0,0.0,36.0
3268,70.75259777074216,20.85419023459325,1.0,0.0,36.0
3269,70.75119494719735,20.84567866696462,1.0,0.0,36.0
3270,70.72864214960256,20.855883385984967,1.0,0.0,36.0
3271,70.72500590665258,20.823236598368094,1.0,0.0,36.0
3272,70.75728810749018,20.8297026833005,1.0,0.0,36.0
3273,70.74454709365212,20.841112244854738,1.0,0.0,36.0
3274,70.74316074235787,20.872182731586122,1.0,0.0,36.0
3275,70.71945760236025,20.845336173733266,1.0,0.0,36.0
3276,70.73795275761388,20.862602205135715,1.0,0.0,36.0
3277,70.74938907294519,20.861793242096855,1.0,0.0,36.0
3278,70.73080979051204,20.87457011918279,1.0,0.0,36.0
3279,70.72577923110086,20.833425186118266,1.0,0.0,36.0
3280,70.72828049875547,20.85806546090924,1.0,0.0,36.0
3281,70.7263227216525,20.8606867029314,1.0,0.0,36.0
3282,70.73295650948673,20.839911058227557,1.0,0.0,36.0
3283,70.73814843559158,20.84151875194002,1.0,0.0,36.0
3284,70.72131595549689,20.82939678315618,1.0,0.0,36.0
3285,70.72975696498594,20.851232913862905,1.0,0.0,36.0
3286,70.72896388862131,20.83880065158766,1.0,0.0,36.0
3287,70.72721111921945,20.844492059497256,1.0,0.0,36.0
3288,70.70904737909805,20.86687017916122,1.0,0.0,36.0
3289,70.71300968513712,20.836191345071555,1.0,0.0,36.0
3290,70.74613393256004,20.845084734729692,1.0,0.0,36.0
3291,70.75232170486926,20.83027923519345,1.0,0.0,36.0
3292,70.74250614079929,20.856355759215276,1.0,0.0,36.0
3293,70.72179008197743,20.855959556672143,1.0,0.0,36.0
3294,70.71961130554502,20.832809499869015,1.0,0.0,36.0
3295,70.72357610925494,20.8429691714453,1.0,0.0,36.0
3296,70.7311223882016,20.869776076557578,1.0,0.0,36.0
3297,70.75608806775935,20.866391873718094,1.0,0.0,36.0
3298,70.7461460150455,20.851157113609826,1.0,0.0,36.0
3299,70.73355363868244,20.84448754331117,1.0,0.0,36.0
3300,70.71820964594029,20.883350792696895,1.0,0.0,36.0
3301,70.72597222857961,20.8130572062147,1.0,0.0,36.0
3302,70.7664172864066,20.857557396895313,1.0,0.0,36.0
3303,70.75104880203527,20.858858209616137,1.0,0.0,36.0
3304,70.7504894162756,20.82760698805106,1.0,0.0,36.0
3305,70.72385956770454,20.85149609309273,1.0,0.0,36.0
3306,70.73522526405272,20.839143369824477,1.0,0.0,36.0
3307,70.73110997423109,20.863041135551917,1.0,0.0,36.0
3308,70.7733445089169,20.844729913945166,1.0,0.0,36.0
3309,70.74185834582117,20.853358507538598,1.0,0.0,36.0
3310,70.73506939195839,20.84941426244349,1.0,0.0,36.0
3311,70.74114199360659,20.858867929094973,1.0,0.0,36.0
3312,70.74843472875041,20.817556464107405,1.0,0.0,36.0
3313,70.7142744365337,20.858600597357828,1.0,0.0,36.0
3314,70.7293597918127,20.846747973864698,1.0,0.0,36.0
3315,70.7540744548324,20.84058901840345,1.0,0.0,36.0
3316,70.73587914408192,20.83460536098709,1.0,0.0,36.0
3317,70.73711841231099,20.8180695465723,1.0,0.0,36.0
3318,70.73150568871657,20.86917608338315,1.0,0.0,36.0
3319,70.73871607851832,20.881306786544567,1.0,0.0,36.0
3320,70.71748185161793,20.85924272512593,1.0,0.0,36.0
3321,70.71991804732235,20.82451560744584,1.0,0.0,36.0
3322,70.73851115095651,20.81087944550323,1.0,0.0,36.0
3323,70.71883858968012,20.827316098143957,1.0,0.0,36.0
3324,70.7390404413797,20.87280187023345,1.0,0.0,36.0
3325,70.72377161508825,20.853141452311135,1.0,0.0,36.0
3326,70.755526586851,20.84011250545919,1.0,0.0,36.0
3327,70.7463720064015,20.85692664594226,1.0,0.0,36.0
3328,70.72185621986279,20.853489498925452,1.0,0.0,36.0
3329,70.72162407692394,20.86831489980206,1.0,0.0,36.0
3330,70.73340981661315,20.862421310071536,1.0,0.0,36.0
3331,70.72705681775706,20.824675474948556,1.0,0.0,36.0
3332,70.74791735065179,20.85571505716816,1.0,0.0,36.0
3333,70.73085525418057,20.85561003984952,1.0,0.0,36.0
3334,70.7037122049467,20.86300644394083,1.0,0.0,36.0
3335,70.72555331996483,20.846563795251445,1.0,0.0,36.0
3336,70.74182506924035,20.859090758990614,1.0,0.0,36.0
3337,70.74243930091224,20.855531040665,1.0,0.0,36.0
3338,70.75174317118426,20.85687870282125,1.0,0.0,36.0
3339,70.75013898451243,20.833452181741055,1.0,0.0,36.0
3340,70.70362802083736,20.854436905741558,1.0,0.0,36.0
3341,70.74146975946717,20.83805419858258,1.0,0.0,36.0
3342,70.71048018817905,20.835998427549104,1.0,0.0,36.0
3343,70.7705996331081,20.822389543282778,1.0,0.0,36.0
3344,70.73969417592603,20.868098954820386,1.0,0.0,36.0
3345,70.75912953800945,20.85681052014274,1.0,0.0,36.0
3346,70.70937942493416,20.845760749547804,1.0,0.0,36.0
3347,70.74108487671684,20.84204702928346,1.0,0.0,36.0
3348,70.73092356692406,20.860708079208138,1.0,0.0,36.0
3349,70.73182048201376,20.84444208406982,1.0,0.0,36.0
3350,70.71551601541205,20.8635934371838,1.0,0.0,36.0
3351,70.76142518071389,20.864751787447293,1.0,0.0,36.0
3352,70.7512568114571,20.858531537786096,1.0,0.0,36.0
3353,70.74403239756259,20.838361083704054,1.0,0.0,36.0
3354,70.73675799261905,20.86269665198435,1.0,0.0,36.0
3355,70.74463286677718,20.837943909244707,1.0,0.0,36.0
3356,70.74072968567404,20.83614414315216,1.0,0.0,36.0
3357,70.74238284474205,20.842399466984183,1.0,0.0,36.0
3358,70.7362098380848,20.850184974270878,1.0,0.0,36.0
3359,70.7307100292851,20.845027049108594,1.0,0.0,36.0
3360,70.72666618461417,20.830832935009127,1.0,0.0,36.0
3361,70.74915491339605,20.865846682744433,1.0,0.0,36.0
3362,70.74051612538165,20.822894054678653,1.0,0.0,36.0
3363,70.73379634130215,20.850976831974414,1.0,0.0,36.0
3364,70.70207965399565,20.85108901900853,1.0,0.0,36.0
3365,70.70726402967227,20.8541501384008,1.0,0.0,36.0
3366,70.72931580539424,20.83679324729454,1.0,0.0,36.0
3367,70.74258751020217,20.85207557126527,1.0,0.0,36.0
3368,70.70859452238874,20.827622283274938,1.0,0.0,36.0
3369,70.71062249996177,20.85589584663677,1.0,0.0,36.0
3370,70.74346311264853,20.84229297611102,1.0,0.0,36.0
3371,70.74494311847315,20.840372509904633,1.0,0.0,36.0
3372,70.72799868144153,20.86536604757092,1.0,0.0,36.0
3373,70.73553597040788,20.81916847714006,1.0,0.0,36.0
3374,70.73327349299345,20.83146885075528,1.0,0.0,36.0
3375,70.72403176828098,20.848241464589726,1.0,0.0,36.0
3376,70.72783501943661,20.86019852299118,1.0,0.0,36.0
3377,70.72749360724916,20.861934896453626,1.0,0.0,36.0
3378,70.76095236067411,20.82120816279527,1.0,0.0,36.0
3379,70.73080865298473,20.860041549413612,1.0,0.0,36.0
3380,70.73459815783878,20.82152830933912,1.0,0.0,36.0
3381,70.71041072833796,20.85490273681471,1.0,0.0,36.0
3382,70.75037145296233,20.84282996097665,1.0,0.0,36.0
3383,70.73919097171117,20.840388360963683,1.0,0.0,36.0
3384,70.72013452096326,20.833231391041693,1.0,0.0,36.0
3385,70.74078315622718,20.838656499738082,1.0,0.0,36.0
3386,70.7472077961333,20.78807353437683,1.0,0.0,36.0
3387,70.7329101674409,20.840800811617903,1.0,0.0,36.0
3388,70.74075200570577,20.87854259858994,1.0,0.0,36.0
3389,70.74344079001796,20.84325012161541,1.0,0.0,36.0
3390,70.73528358044751,20.82444372612986,1.0,0.0,36.0
3391,70.7506143182602,20.852033749709307,1.0,0.0,36.0
3392,70.74301905604337,20.857537614875163,1.0,0.0,36.0
3393,70.73676912658325,20.81556191999741,1.0,0.0,36.0
3394,70.7431323523452,20.831839608574658,1.0,0.0,36.0
3395,70.744786110224,20.84379214580194,1.0,0.0,36.0
3396,70.76387692904692,20.860018208559488,1.0,0.0,36.0
3397,70.76374203769403,20.833711045879458,1.0,0.0,36.0
3398,70.71900969181988,20.84532526728025,1.0,0.0,36.0
3399,70.72907149090722,20.83686615394882,1.0,0.0,36.0
3400,70.73880439970038,20.8337058445516,1.0,0.0,36.0
3401,70.72554022757828,20.84511043953958,1.0,0.0,36.0
3402,70.69964160979346,20.85403522169549,1.0,0.0,36.0
3403,70.75421490901176,20.84450887554866,1.0,0.0,36.0
3404,70.73717390534429,20.820751226663948,1.0,0.0,36.0
3405,70.752458049082,20.854597189281666,1.0,0.0,36.0
3406,70.74284626630157,20.83274661809071,1.0,0.0,36.0
3407,70.74512032170021,20.849238054007206,1.0,0.0,36.0
3408,70.73841441776122,20.830327526501737,1.0,0.0,36.0
3409,70.72934345039681,20.83520899556503,1.0,0.0,36.0
3410,70.74698434567932,20.847448841164354,1.0,0.0,36.0
3411,70.7394017731502,20.848390581594984,1.0,0.0,36.0
3412,70.75463892004724,20.83975107400525,1.0,0.0,36.0
3413,70.74585404114191,20.853212471832567,1.0,0.0,36.0
3414,70.73069747170717,20.872800701236226,1.0,0.0,36.0
3415,70.7334299058733,20.85070451275605,1.0,0.0,36.0
3416,70.7280556062695,20.844482908288207,1.0,0.0,36.0
3417,70.733420767394,20.841660896120942,1.0,0.0,36.0
3418,70.73494353442251,20.86009652783666,1.0,0.0,36.0
3419,70.74636730669596,20.854542873405368,1.0,0.0,36.0
3420,70.73623208729046,20.838151310582735,1.0,0.0,36.0
3421,70.74192735745031,20.833282292158334,1.0,0.0,36.0
3422,70.71093383609703,20.834884715019662,1.0,0.0,36.0
3423,70.73880673704807,20.86307137955938,1.0,0.0,36.0
3424,70.74594908757133,20.836469601973523,1.0,0.0,36.0
3425,70.71970373587438,20.862483975693124,1.0,0.0,36.0
3426,70.75042384434538,20.81123526691185,1.0,0.0,36.0
3427,70.69792697341741,20.85003543641509,1.0,0.0,36.0
3428,70.7395455125766,20.85834643220372,1.0,0.0,36.0
3429,70.73830988755738,20.838630657245456,1.0,0.0,36.0
3430,70.75024247582746,20.85672205949149,1.0,0.0,36.0
3431,70.73410754350692,20.852220516558855,1.0,0.0,36.0
3432,70.74430847062641,20.85463614101686,1.0,0.0,36.0
3433,70.74916207370688,20.83469366117349,1.0,0.0,36.0
3434,70.71925307161223,20.85391990234983,1.0,0.0,36.0
3435,70.73807739613689,20.836409262435613,1.0,0.0,36.0
3436,70.735277112304,20.84076546485513,1.0,0.0,36.0
3437,70.7439357066051,20.846189988554254,1.0,0.0,36.0
3438,70.73968817741313,20.85423987396564,1.0,0.0,36.0
3439,70.71257285818275,20.8545030639122,1.0,0.0,36.0
3440,70.72207196901186,20.8741913761209,1.0,0.0,36.0
3441,70.73433393374042,20.835889516028523,1.0,0.0,36.0
3442,70.72112103583146,20.857617132466867,1.0,0.0,36.0
3443,70.75008486449758,20.84204126728493,1.0,0.0,36.0
3444,70.71705969006476,20.82820035850813,1.0,0.0,36.0
3445,70.71889611563358,20.863566808294006,1.0,0.0,36.0
3446,70.7203021477494,20.840518029942277,1.0,0.0,36.0
3447,70.73351447480152,20.8559144133999,1.0,0.0,36.0
3448,70.7233224859313,20.836339381640684,1.0,0.0,36.0
3449,70.72712613507969,20.84299907380806,1.0,0.0,36.0
3450,70.73620783546393,20.84147741202873,1.0,0.0,36.0
3451,70.7357539276209,20.862585531451554,1.0,0.0,36.0
3452,70.73754359897832,20.84955355258366,1.0,0.0,36.0
3453,70.77409216802496,20.855357210958164,1.0,0.0,36.0
3454,70.7361355348053,20.841379969013275,1.0,0.0,36.0
3455,70.7396768035119,20.843713856147282,1.0,0.0,36.0
3456,70.75487343280666,20.868782498796207,1.0,0.0,36.0
3457,70.73938340972673,20.832841686294966,1.0,0.0,36.0
3458,70.7443289425821,20.86781937456613,1.0,0.0,36.0
3459,70.75723857996636,20.860377138515453,1.0,0.0,36.0
3460,70.73136394516035,20.87755523610494,1.0,0.0,36.0
3461,70.72695909976245,20.813911907805316,1.0,0.0,36.0
3462,70.73618015452718,20.833035378542366,1.0,0.0,36.0
3463,70.72286842211908,20.806509733662846,1.0,0.0,36.0
3464,70.73059752729793,20.827695534843535,1.0,0.0,36.0
3465,70.71121795155258,20.83229272333757,1.0,0.0,36.0
3466,70.7707239119845,20.831863933657417,1.0,0.0,36.0
3467,70.74055685154855,20.841965314880856,1.0,0.0,36.0
3468,70.76631339991448,20.820086412026342,1.0,0.0,36.0
3469,70.72959335813891,20.83400392811282,1.0,0.0,36.0
3470,70.70337196606764,20.84642776474298,1.0,0.0,36.0
3471,70.72730637556852,20.854066505403956,1.0,0.0,36.0
3472,70.72223999010819,20.86324784350406,1.0,0.0,36.0
3473,70.7704654858754,20.844731891922578,1.0,0.0,36.0
3474,70.70504073122825,20.8357413481305,1.0,0.0,36.0
3475,70.75207643837197,20.847231434257427,1.0,0.0,36.0
3476,70.75437327421058,20.83417472716925,1.0,0.0,36.0
3477,70.7389777497857,20.85445303143566,1.0,0.0,36.0
3478,70.74312627627341,20.87239203959586,1.0,0.0,36.0
3479,70.72320828015644,20.86817396491663,1.0,0.0,36.0
3480,70.72902949770747,20.833233004273904,1.0,0.0,36.0
3481,70.71924849679925,20.823120069461854,1.0,0.0,36.0
3482,70.72752385559514,20.79880910848826,1.0,0.0,36.0
3483,70.73951660508556,20.823525297338882,1.0,0.0,36.0
3484,70.71800837299556,20.863363133683745,1.0,0.0,36.0
3485,70.73464874762924,20.84400205043373,1.0,0.0,36.0
3486,70.72716884221418,20.840088608151692,1.0,0.0,36.0
3487,70.72255517186815,20.845301594916815,1.0,0.0,36.0
3488,70.73860784475546,20.857788077762265,1.0,0.0,36.0
3489,70.73525506238119,20.868166756540898,1.0,0.0,36.0
3490,70.73351216799992,20.84853933319919,1.0,0.0,36.0
3491,70.72827331257737,20.86549826898411,1.0,0.0,36.0
3492,70.74624053783545,20.873043930914598,1.0,0.0,36.0
3493,70.72695585261663,20.84568166572282,1.0,0.0,36.0
3494,70.73821136163943,20.819699591060413,1.0,0.0,36.0
3495,70.73194409240243,20.84103062418193,1.0,0.0,36.0
3496,70.71261074760804,20.844583589935848,1.0,0.0,36.0
3497,70.75076167691574,20.82080606032357,1.0,0.0,36.0
3498,70.73186720529127,20.857258856063158,1.0,0.0,36.0
3499,70.73928553188694,20.858374996718748,1.0,0.0,36.0
3500,70.7158527598322,20.837734867949298,1.0,0.0,36.0
3501,70.74205433874589,20.82940282000188,1.0,0.0,36.0
3502,70.74417448362325,20.835100353894024,1.0,0.0,36.0
3503,70.72977421051108,20.835932730584293,1.0,0.0,36.0
3504,70.74917711500113,20.841791101880695,1.0,0.0,36.0
3505,70.73673657359491,20.83866728064931,1.0,0.0,36.0
3506,70.74863723204807,20.80084673798039,1.0,0.0,36.0
3507,70.72949406478607,20.829659941646465,1.0,0.0,36.0
3508,70.72124553099509,20.890779574085162,1.0,0.0,36.0
3509,70.75300666304082,20.84813369860735,1.0,0.0,36.0
3510,70.70830310897213,20.8443835448659,1.0,0.0,36.0
3511,70.72776895052483,20.8344613505815,1.0,0.0,36.0
3512,70.72690946984092,20.833579240486227,1.0,0.0,36.0
3513,70.73811188730822,20.853101225387803,1.0,0.0,36.0
3514,70.73600993597123,20.844462995225335,1.0,0.0,36.0
3515,70.74938348894227,20.857809132695518,1.0,0.0,36.0
3516,70.73912936493329,20.842880467270273,1.0,0.0,36.0
3517,70.72913584707834,20.834094968407744,1.0,0.0,36.0
3518,70.72297667759123,20.868759436384572,1.0,0.0,36.0
3519,70.74363343579516,20.868729953543127,1.0,0.0,36.0
3520,70.74048484491807,20.840879352709138,1.0,0.0,36.0
3521,70.76746611214527,20.856337181796345,1.0,0.0,36.0
3522,70.76282366262814,20.853423798445487,1.0,0.0,36.0
3523,70.77457062924115,20.84802112187243,1.0,0.0,36.0
3524,70.74070474942872,20.871933408794266,1.0,0.0,36.0
3525,70.75853486220537,20.816554554507903,1.0,0.0,36.0
3526,70.73316586965437,20.859053797309617,1.0,0.0,36.0
3527,70.73527456846796,20.851672814538567,1.0,0.0,36.0
3528,70.7385199835345,20.874980073547245,1.0,0.0,36.0
3529,70.725976806608,20.876116486243838,1.0,0.0,36.0
3530,70.73259070495268,20.8696297165099,1.0,0.0,36.0
3531,70.74536443443746,20.840922955925965,1.0,0.0,36.0
3532,70.7184243054128,20.812838621260106,1.0,0.0,36.0
3533,70.72170273921776,20.8923926746401,1.0,0.0,36.0
3534,70.73454663030327,20.844745560864926,1.0,0.0,36.0
3535,70.7228448946865,20.87472477190871,1.0,0.0,36.0
3536,70.73024404665424,20.84616028599406,1.0,0.0,36.0
3537,70.74819858207142,20.849551102733535,1.0,0.0,36.0
3538,70.74780966678021,20.857047427054514,1.0,0.0,36.0
3539,70.76204864822539,20.808010186660567,1.0,0.0,36.0
3540,70.73913801587723,20.84084276625416,1.0,0.0,36.0
3541,70.74360798150173,20.861993116319017,1.0,0.0,36.0
3542,70.71649876540448,20.843172531517094,1.0,0.0,36.0
3543,70.75095125622784,20.858523191091223,1.0,0.0,36.0
3544,70.73992263516608,20.844586755149063,1.0,0.0,36.0
3545,70.72899988269748,20.87260227755028,1.0,0.0,36.0
3546,70.75175282316337,20.835964396138145,1.0,0.0,36.0
3547,70.72889458650577,20.83739114810924,1.0,0.0,36.0
3548,70.70408507856776,20.833992741560554,1.0,0.0,36.0
3549,70.74327323716689,20.817381350608915,1.0,0.0,36.0
3550,70.77646700481569,20.859389407241604,1.0,0.0,36.0
3551,70.76604706746114,20.867396936975123,1.0,0.0,36.0
3552,70.75068396558555,20.840296903555377,1.0,0.0,36.0
3553,70.75354913721343,20.860225953360022,1.0,0.0,36.0
3554,70.71501620388518,20.878043104554873,1.0,0.0,36.0
3555,70.76577518111972,20.86460139802776,1.0,0.0,36.0
3556,70.72469190327575,20.85035891347876,1.0,0.0,36.0
3557,70.73797036403833,20.846477658719937,1.0,0.0,36.0
3558,70.74110875431444,20.858973877655675,1.0,0.0,36.0
3559,70.75611285492786,20.871800696888577,1.0,0.0,36.0
3560,70.73148403248429,20.838540282282366,1.0,0.0,36.0
3561,70.72258536170739,20.834417932529607,1.0,0.0,36.0
3562,70.76401830224965,20.854284263252005,1.0,0.0,36.0
3563,70.75402051273912,20.841135478595127,1.0,0.0,36.0
3564,70.71702918036036,20.85195181204413,1.0,0.0,36.0
3565,70.72009896260542,20.825172435975194,1.0,0.0,36.0
3566,70.74907681090158,20.862106411828055,1.0,0.0,36.0
3567,70.72105345628306,20.868811150305596,1.0,0.0,36.0
3568,70.74842637649247,20.835077693389593,1.0,0.0,36.0
3569,70.75645184745987,20.851569891445173,1.0,0.0,36.0
3570,70.71916880471746,20.848521851910064,1.0,0.0,36.0
3571,70.75227756593165,20.861555935850454,1.0,0.0,36.0
3572,70.74083790597676,20.854987607656845,1.0,0.0,36.0
3573,70.72726392475451,20.885223597404067,1.0,0.0,36.0
3574,70.76552269136656,20.8650856922899,1.0,0.0,36.0
3575,70.74520272413447,20.829668121224046,1.0,0.0,36.0
3576,70.72756364763225,20.837050215226853,1.0,0.0,36.0
3577,70.71892251168354,20.866281690585698,1.0,0.0,36.0
3578,70.74681985401101,20.81352375117059,1.0,0.0,36.0
3579,70.73487760758246,20.857137953544274,1.0,0.0,36.0
3580,70.73967253388119,20.854937222272476,1.0,0.0,36.0
3581,70.76270068519082,20.81598828045297,1.0,0.0,36.0
3582,70.75585043173909,20.831320395284088,1.0,0.0,36.0
3583,70.72615778010618,20.883603662585998,1.0,0.0,36.0
3584,70.73940744199174,20.852532860295145,1.0,0.0,36.0
3585,70.74365943832173,20.85362838428135,1.0,0.0,36.0
3586,70.75061756991413,20.843105881028166,1.0,0.0,36.0
3587,70.75499547609246,20.838046624172133,1.0,0.0,36.0
3588,70.7327600852425,20.826479328485995,1.0,0.0,36.0
3589,70.76567332375595,20.851034047653993,1.0,0.0,36.0
3590,70.71428690358644,20.84087207902751,1.0,0.0,36.0
3591,70.73624181123377,20.853325103765183,1.0,0.0,36.0
3592,70.71062613257045,20.864722433622827,1.0,0.0,36.0
3593,70.74038086608245,20.835344714405924,1.0,0.0,36.0
3594,70.75245485096785,20.868963359328625,1.0,0.0,36.0
3595,70.7635759802445,20.846432344570633,1.0,0.0,36.0
3596,70.73616323866027,20.837142108153586,1.0,0.0,36.0
3597,70.74404527314734,20.848475353092784,1.0,0.0,36.0
3598,70.722561709416,20.85818815279504,1.0,0.0,36.0
3599,70.72552556256633,20.869409516868643,1.0,0.0,36.0
3600,70.74542524268597,20.840273882677465,1.0,0.0,36.0
3601,70.73185989275623,20.845286100958624,1.0,0.0,36.0
3602,70.72433123141886,20.825599291517072,1.0,0.0,36.0
3603,70.72753944652203,20.86511475704954,1.0,0.0,36.0
3604,70.73879521612632,20.853807608329063,1.0,0.0,36.0
3605,70.74266466544407,20.861949170444767,1.0,0.0,36.0
3606,70.75376433781977,20.8155016751392,1.0,0.0,36.0
3607,70.73073014735996,20.845087694884846,1.0,0.0,36.0
3608,70.73336022048481,20.860722829206424,1.0,0.0,36.0
3609,70.7258965538576,20.868047312670786,1.0,0.0,36.0
3610,70.73411139518905,20.84735155664701,1.0,0.0,36.0
3611,70.75155830895325,20.837381504351768,1.0,0.0,36.0
3612,70.733528067894,20.85915771720566,1.0,0.0,36.0
3613,70.71528184774309,20.834724645775335,1.0,0.0,36.0
3614,70.7487325512478,20.82574385988848,1.0,0.0,36.0
3615,70.74768832315667,20.843913802410743,1.0,0.0,36.0
3616,70.74770493633606,20.842065044572102,1.0,0.0,36.0
3617,70.72457584822058,20.826905200673778,1.0,0.0,36.0
3618,70.73340698150693,20.856922874600446,1.0,0.0,36.0
3619,70.76729398511422,20.83486023071521,1.0,0.0,36.0
3620,70.73782360289425,20.85389755891095,1.0,0.0,36.0
3621,70.73580569570562,20.843117550565363,1.0,0.0,36.0
3622,70.73127454047578,20.864243551341076,1.0,0.0,36.0
3623,70.76068187970145,20.874424772477767,1.0,0.0,36.0
3624,70.75643337417813,20.842941780680842,1.0,0.0,36.0
3625,70.72660840234472,20.843689927806164,1.0,0.0,36.0
3626,70.72979511260426,20.85663748998076,1.0,0.0,36.0
3627,70.74897627633385,20.844295103531167,1.0,0.0,36.0
3628,70.72642966339785,20.814188201186653,1.0,0.0,36.0
3629,70.73629237784509,20.846586480568646,1.0,0.0,36.0
3630,70.74780617273612,20.89172935589052,1.0,0.0,36.0
3631,70.73248776694331,20.856271239696333,1.0,0.0,36.0
3632,70.74646364140229,20.829003444514193,1.0,0.0,36.0
3633,70.74088078794101,20.864095968825655,1.0,0.0,36.0
3634,70.74406047362207,20.82751619292749,1.0,0.0,36.0
3635,70.75509926787561,20.85652196400644,1.0,0.0,36.0
3636,70.75428456652743,20.862888983777033,1.0,0.0,36.0
3637,70.72169532456688,20.83482508355666,1.0,0.0,36.0
3638,70.74576202353849,20.846341930174535,1.0,0.0,36.0
3639,70.71516648744394,20.842746307480436,1.0,0.0,36.0
3640,70.72685504356714,20.83963059060928,1.0,0.0,36.0
3641,70.74574837183923,20.84011655403625,1.0,0.0,36.0
3642,70.73485056564701,20.84285135857157,1.0,0.0,36.0
3643,70.73861893602911,20.865690467977895,1.0,0.0,36.0
3644,70.70710891185327,20.823083135698397,1.0,0.0,36.0
3645,70.73639290750575,20.865558495963555,1.0,0.0,36.0
3646,70.76912620319035,20.848867696917726,1.0,0.0,36.0
3647,70.74600467142089,20.845243316494386,1.0,0.0,36.0
3648,70.73653392509343,20.85086650433194,1.0,0.0,36.0
3649,70.73379349887165,20.85218539614878,1.0,0.0,36.0
3650,70.72889621488261,20.83891926954414,1.0,0.0,36.0
3651,70.73776115151978,20.86442777904756,1.0,0.0,36.0
3652,70.75561810379466,20.835157018171266,1.0,0.0,36.0
3653,70.74033680125021,20.851498009281045,1.0,0.0,36.0
3654,70.72687556681137,20.84391512309384,1.0,0.0,36.0
3655,70.72617484548896,20.828400002999956,1.0,0.0,36.0
3656,70.78205717555188,20.826687188952043,1.0,0.0,36.0
3657,70.7497496226033,20.8774456623227,1.0,0.0,36.0
3658,70.73669680321969,20.843259388916188,1.0,0.0,36.0
3659,70.72012482330639,20.857388237402375,1.0,0.0,36.0
3660,70.7498592977273,20.85858062679416,1.0,0.0,36.0
3661,70.71685779502977,20.832173466228657,1.0,0.0,36.0
3662,70.71505407799177,20.823484227955333,1.0,0.0,36.0
3663,70.73782979652687,20.867117047897686,1.0,0.0,36.0
3664,70.74937670626359,20.856321373680057,1.0,0.0,36.0
3665,70.72640602725471,20.833609459688567,1.0,0.0,36.0
3666,70.7313671450164,20.855359512453656,1.0,0.0,36.0
3667,70.74468910150011,20.83819657541916,1.0,0.0,36.0
3668,70.7379569573287,20.84982236363954,1.0,0.0,36.0
3669,70.70131446047145,20.839411839842693,1.0,0.0,36.0
3670,70.74051032273351,20.825639638560915,1.0,0.0,36.0
3671,70.73810263560298,20.85742439609524,1.0,0.0,36.0
3672,70.75024339104702,20.83353018781213,1.0,0.0,36.0
3673,70.71555509444393,20.848814480424963,1.0,0.0,36.0
3674,70.75534037509048,20.82647933302579,1.0,0.0,36.0
3675,70.71770511706778,20.840631209331193,1.0,0.0,36.0
3676,70.73479387206058,20.80651771686779,1.0,0.0,36.0
3677,70.7361561946761,20.880994763472387,1.0,0.0,36.0
3678,70.72239152191123,20.832393171573187,1.0,0.0,36.0
3679,70.72605676613628,20.848786164965304,1.0,0.0,36.0
3680,70.72650769226446,20.843413663758334,1.0,0.0,36.0
3681,70.72033600772156,20.839042258442234,1.0,0.0,36.0
3682,70.73585355998466,20.837344601547105,1.0,0.0,36.0
3683,70.7538334885073,20.846963881491845,1.0,0.0,36.0
3684,70.76391844790447,20.841961877118642,1.0,0.0,36.0
3685,70.74920576799568,20.85580252203708,1.0,0.0,36.0
3686,70.76536186317344,20.869447245139774,1.0,0.0,36.0
3687,70.74183730102877,20.853081041961406,1.0,0.0,36.0
3688,70.74498273957384,20.8576346369918,1.0,0.0,36.0
3689,70.74609613747957,20.863317667509712,1.0,0.0,36.0
3690,70.74658270755866,20.821184567999588,1.0,0.0,36.0
3691,70.74643514279899,20.854106137038944,1.0,0.0,36.0
3692,70.7513006423269,20.849511582115216,1.0,0.0,36.0
3693,70.72545909943979,20.826517895531524,1.0,0.0,36.0
3694,70.74546495949582,20.83566966991853,1.0,0.0,36.0
3695,70.75208415206437,20.845358175977157,1.0,0.0,36.0
3696,70.72879698272558,20.852214358152583,1.0,0.0,36.0
3697,70.74435536642066,20.853958673311144,1.0,0.0,36.0
3698,70.70671130758218,20.867674715805045,1.0,0.0,36.0
3699,70.73590555216028,20.825708113013704,1.0,0.0,36.0
3700,70.72434430708266,20.86391059398966,1.0,0.0,36.0
3701,70.7253073067044,20.861430769386704,1.0,0.0,36.0
3702,70.72236875927102,20.828080141264365,1.0,0.0,36.0
3703,70.72603229082742,20.860079717207935,1.0,0.0,36.0
3704,70.74566667056547,20.83661194155972,1.0,0.0,36.0
3705,70.72291456950254,20.840485170006072,1.0,0.0,36.0
3706,70.74101148570566,20.855119123394392,1.0,0.0,36.0
3707,70.72456715213792,20.856614267789002,1.0,0.0,36.0
3708,70.76949181088149,20.839329176941146,1.0,0.0,36.0
3709,70.72281145367307,20.859923566466623,1.0,0.0,36.0
3710,70.74298693739736,20.86704242749852,1.0,0.0,36.0
3711,70.74092882650062,20.87623962522147,1.0,0.0,36.0
3712,70.71544655016737,20.816794440929506,1.0,0.0,36.0
3713,70.73403537654046,20.864421728551516,1.0,0.0,36.0
3714,70.71467822953029,20.844547012092043,1.0,0.0,36.0
3715,70.74152847502678,20.796413092160247,1.0,0.0,36.0
3716,70.73341975350638,20.846109612051745,1.0,0.0,36.0
3717,70.72005616919203,20.857485536514247,1.0,0.0,36.0
3718,70.72469241927368,20.853647557167402,1.0,0.0,36.0
3719,70.71289070024976,20.834837841611424,1.0,0.0,36.0
3720,70.72823451622362,20.83016868414779,1.0,0.0,36.0
3721,70.7315088889462,20.85842769315842,1.0,0.0,36.0
3722,70.72514394813406,20.85687985983484,1.0,0.0,36.0
3723,70.74169242217359,20.85641749840645,1.0,0.0,36.0
3724,70.74117740314932,20.86459477406777,1.0,0.0,36.0
3725,70.73533801652252,20.848419372906402,1.0,0.0,36.0
3726,70.6932195511983,20.875746793142024,1.0,0.0,36.0
3727,70.75929844335572,20.83744884568422,1.0,0.0,36.0
3728,70.74826449591349,20.836366615352844,1.0,0.0,36.0
3729,70.7588871821173,20.837810520160613,1.0,0.0,36.0
3730,70.75652436964614,20.86821432839374,1.0,0.0,36.0
3731,70.71410131071417,20.868674767266892,1.0,0.0,36.0
3732,70.76276144313768,20.86744539778141,1.0,0.0,36.0
3733,70.73303600999758,20.851381221202367,1.0,0.0,36.0
3734,70.75049352545207,20.83830309549841,1.0,0.0,36.0
3735,70.73214968690223,20.876374425553525,1.0,0.0,36.0
3736,70.74304552466599,20.844337165585056,1.0,0.0,36.0
3737,70.73954336230491,20.841936607052368,1.0,0.0,36.0
3738,70.7444350556911,20.841379550761367,1.0,0.0,36.0
3739,70.71265999125158,20.831967848089867,1.0,0.0,36.0
3740,70.73895926493635,20.80773292564848,1.0,0.0,36.0
3741,70.7426383815632,20.876145725004456,1.0,0.0,36.0
3742,70.74561242539804,20.84170259987168,1.0,0.0,36.0
3743,70.74237141949786,20.841285455778724,1.0,0.0,36.0
3744,70.72087280951939,20.846789879901348,1.0,0.0,36.0
3745,70.7408422288609,20.855676726530692,1.0,0.0,36.0
3746,70.73597834550357,20.8523686250487,1.0,0.0,36.0
3747,70.75068533775759,20.851068841625963,1.0,0.0,36.0
3748,70.71438158827657,20.81740868815953,1.0,0.0,36.0
3749,70.74578098321035,20.831826792871258,1.0,0.0,36.0
3750,70.75269315658664,20.867599531712315,1.0,0.0,36.0
3751,70.73547870493532,20.844411648177083,1.0,0.0,36.0
3752,70.71802582457549,20.854010864607112,1.0,0.0,36.0
3753,70.7510251785923,20.81740555687779,1.0,0.0,36.0
3754,70.73168522342941,20.833656482689758,1.0,0.0,36.0
3755,70.71787902455013,20.84893508717825,1.0,0.0,36.0
3756,70.7380273884016,20.834408561369894,1.0,0.0,36.0
3757,70.72776039852872,20.850353222781433,1.0,0.0,36.0
3758,70.7266422974711,20.814337080115745,1.0,0.0,36.0
3759,70.73828501281997,20.840013227800995,1.0,0.0,36.0
3760,70.75215180151206,20.83708239715517,1.0,0.0,36.0
3761,70.7586127432086,20.84544060387702,1.0,0.0,36.0
3762,70.76278451718754,20.831121312823825,1.0,0.0,36.0
3763,70.74176212630323,20.856259628567418,1.0,0.0,36.0
3764,70.73591684132954,20.844453910234357,1.0,0.0,36.0
3765,70.72810199580508,20.8129260985753,1.0,0.0,36.0
3766,70.72706964875128,20.845127463260265,1.0,0.0,36.0
3767,70.7312907935109,20.827036764509167,1.0,0.0,36.0
3768,70.75910346207161,20.86136887543159,1.0,0.0,36.0
3769,70.73381540036343,20.864533704726774,1.0,0.0,36.0
3770,70.73350151382627,20.8565248440591,1.0,0.0,36.0
3771,70.7168414046611,20.834006026466817,1.0,0.0,36.0
3772,70.71484586611233,20.837325894205872,1.0,0.0,36.0
3773,70.71510680212175,20.84667606274847,1.0,0.0,36.0
3774,70.69801581435922,20.87509323291047,1.0,0.0,36.0
3775,70.7296904774826,20.86503200743241,1.0,0.0,36.0
3776,70.72166546621204,20.854187953990035,1.0,0.0,36.0
3777,70.74896259448454,20.853124282818012,1.0,0.0,36.0
3778,70.7305685993501,20.836656840554287,1.0,0.0,36.0
3779,70.70458637001366,20.85649976548264,1.0,0.0,36.0
3780,70.71229290258445,20.812788434253232,1.0,0.0,36.0
3781,70.74069325082915,20.853033719298196,1.0,0.0,36.0
3782,70.70731429613534,20.823240069480146,1.0,0.0,36.0
3783,70.74560227322476,20.82542875082953,1.0,0.0,36.0
3784,70.73177326611157,20.818942881427194,1.0,0.0,36.0
3785,70.73019875691182,20.838767107369236,1.0,0.0,36.0
3786,70.73355535696444,20.833001426081935,1.0,0.0,36.0
3787,70.72130221244903,20.845605528108216,1.0,0.0,36.0
3788,70.73232181835773,20.82140082742614,1.0,0.0,36.0
3789,70.7315254554149,20.83852014692918,1.0,0.0,36.0
3790,70.76156899874594,20.829527642266257,1.0,0.0,36.0
3791,70.75056225542228,20.801326882084943,1.0,0.0,36.0
3792,70.70670050928082,20.861508540379507,1.0,0.0,36.0
3793,70.74355107810426,20.834647022939578,1.0,0.0,36.0
3794,70.72259890604609,20.863182399751604,1.0,0.0,36.0
3795,70.74038865116547,20.81087354439486,1.0,0.0,36.0
3796,70.72814712647214,20.85903409054968,1.0,0.0,36.0
3797,70.75592167909947,20.847212427204195,1.0,0.0,36.0
3798,70.74481709151225,20.852706810411476,1.0,0.0,36.0
3799,70.75201969992925,20.86917840660074,1.0,0.0,36.0
3800,70.72100600311197,20.8405522068911,1.0,0.0,36.0
3801,70.76005762680794,20.88286544331756,1.0,0.0,36.0
3802,70.75586808399665,20.845833009597282,1.0,0.0,36.0
3803,70.72871619122701,20.851020028255608,1.0,0.0,36.0
3804,70.73695421464893,20.878324495920523,1.0,0.0,36.0
3805,70.72145768251262,20.832719868991134,1.0,0.0,36.0
3806,70.77014456429468,20.848715282472153,1.0,0.0,36.0
3807,70.75344749323308,20.819994132068175,1.0,0.0,36.0
3808,70.71127135528526,20.83339477598146,1.0,0.0,36.0
3809,70.74871507547628,20.88570414377201,1.0,0.0,36.0
3810,70.74339475454379,20.845445581927564,1.0,0.0,36.0
3811,70.74641234297664,20.831058198026724,1.0,0.0,36.0
3812,70.74035944679676,20.858497569644083,1.0,0.0,36.0
3813,70.71379311841353,20.855818000213098,1.0,0.0,36.0
3814,70.71833939025511,20.849910818137378,1.0,0.0,36.0
3815,70.74725458526022,20.882427076471796,1.0,0.0,36.0
3816,70.74122280070289,20.84534263576612,1.0,0.0,36.0
3817,70.73462865105897,20.850972525551022,1.0,0.0,36.0
3818,70.74251703665243,20.841827213466196,1.0,0.0,36.0
3819,70.72794176474825,20.845088745285423,1.0,0.0,36.0
3820,70.75305816648448,20.859368192740156,1.0,0.0,36.0
3821,70.7344008623945,20.855229101716006,1.0,0.0,36.0
3822,70.75159233052752,20.856723763812223,1.0,0.0,36.0
3823,70.71611242821226,20.848352610809986,1.0,0.0,36.0
3824,70.74303827089099,20.836254044393584,1.0,0.0,36.0
3825,70.75577415000762,20.847916370219966,1.0,0.0,36.0
3826,70.7513557524779,20.815205977622814,1.0,0.0,36.0
3827,70.73750177344554,20.857041919516966,1.0,0.0,36.0
3828,70.7163396137567,20.827334920626175,1.0,0.0,36.0
3829,70.73691753626561,20.837633998521067,1.0,0.0,36.0
3830,70.73531241877222,20.834484241657176,1.0,0.0,36.0
3831,70.72511257629507,20.865793132926502,1.0,0.0,36.0
3832,70.75607940956856,20.840366828786415,1.0,0.0,36.0
3833,70.75277273789135,20.8444278457933,1.0,0.0,36.0
3834,70.75624718176876,20.83807245583344,1.0,0.0,36.0
3835,70.7424680872482,20.832472968078807,1.0,0.0,36.0
3836,70.74360079518857,20.878412700033948,1.0,0.0,36.0
3837,70.7266334629384,20.862641264590412,1.0,0.0,36.0
3838,70.73618548987312,20.83776731810364,1.0,0.0,36.0
3839,70.72022133695982,20.86421977109632,1.0,0.0,36.0
3840,70.75946264850941,20.86730243743356,1.0,0.0,36.0
3841,70.73353350334769,20.84911442524887,1.0,0.0,36.0
3842,70.73694351321795,20.849444095368707,1.0,0.0,36.0
3843,70.74758647847463,20.84442045527454,1.0,0.0,36.0
3844,70.7599534879893,20.847683492871095,1.0,0.0,36.0
3845,70.73217529807916,20.852749641301035,1.0,0.0,36.0
3846,70.75448170706917,20.86322889369671,1.0,0.0,36.0
3847,70.70707588706674,20.850993520085314,1.0,0.0,36.0
3848,70.73731576838135,20.84647518619763,1.0,0.0,36.0
3849,70.72785682428629,20.823800098834017,1.0,0.0,36.0
3850,70.74399100283328,20.836507855561855,1.0,0.0,36.0
3851,70.77010414773792,20.871954369372457,1.0,0.0,36.0
3852,70.74047011152584,20.867401202471594,1.0,0.0,36.0
3853,70.7263300552506,20.848610610977836,1.0,0.0,36.0
3854,70.73267771014716,20.845729380950765,1.0,0.0,36.0
3855,70.75197036856639,20.820917952681206,1.0,0.0,36.0
3856,70.72057858715922,20.827235669369546,1.0,0.0,36.0
3857,70.74255948952515,20.876844963700425,1.0,0.0,36.0
3858,70.71842367182268,20.861457814697758,1.0,0.0,36.0
3859,70.76747611371731,20.853102149224714,1.0,0.0,36.0
3860,70.69857025979317,20.823941157828862,1.0,0.0,36.0
3861,70.70798557807757,20.846703805832284,1.0,0.0,36.0
3862,70.73848771708953,20.800043033657342,1.0,0.0,36.0
3863,70.7400738152784,20.830144200482135,1.0,0.0,36.0
3864,70.75546583504322,20.845120809997677,1.0,0.0,36.0
3865,70.72891343616037,20.835266975078802,1.0,0.0,36.0
3866,70.71785921383768,20.836880374446704,1.0,0.0,36.0
3867,70.72522655505665,20.841237747397958,1.0,0.0,36.0
3868,70.75228519581053,20.850035058928984,1.0,0.0,36.0
3869,70.73777756476464,20.837047433785266,1.0,0.0,36.0
3870,70.75531013013742,20.8519176057817,1.0,0.0,36.0
3871,70.74651566564677,20.82439334152608,1.0,0.0,36.0
3872,70.73476888021587,20.823041951369735,1.0,0.0,36.0
3873,70.74372270995634,20.86204416036068,1.0,0.0,36.0
3874,70.76562424301805,20.859601358223188,1.0,0.0,36.0
3875,70.73187576475455,20.83219061748918,1.0,0.0,36.0
3876,70.72814138046255,20.86105307515967,1.0,0.0,36.0
3877,70.7262435711102,20.8391234957105,1.0,0.0,36.0
3878,70.7381150654624,20.83396429265466,1.0,0.0,36.0
3879,70.72432843283799,20.840233004779982,1.0,0.0,36.0
3880,70.71021431831188,20.82611196812627,1.0,0.0,36.0
3881,70.7105703422147,20.864126948454842,1.0,0.0,36.0
3882,70.73016906454758,20.83355961058049,1.0,0.0,36.0
3883,70.72727009783891,20.854199363868126,1.0,0.0,36.0
3884,70.75337026293832,20.838967161637825,1.0,0.0,36.0
3885,70.74055718568593,20.843293493312043,1.0,0.0,36.0
3886,70.74181193187214,20.850805257689622,1.0,0.0,36.0
3887,70.74633985992554,20.80951219328396,1.0,0.0,36.0
3888,70.75775719046489,20.811219389032253,1.0,0.0,36.0
3889,70.72036294026735,20.84633488336606,1.0,0.0,36.0
3890,70.72488543060297,20.849412676414644,1.0,0.0,36.0
3891,70.73069319374974,20.823097049158342,1.0,0.0,36.0
3892,70.74580362660153,20.80724980679223,1.0,0.0,36.0
3893,70.71947387259351,20.843563069517117,1.0,0.0,36.0
3894,70.7495690633341,20.850403174321087,1.0,0.0,36.0
3895,70.75974644764828,20.850686517762128,1.0,0.0,36.0
3896,70.75053465678592,20.832518301477684,1.0,0.0,36.0
3897,70.73389851237938,20.87073964572025,1.0,0.0,36.0
3898,70.73876942653169,20.85618356101052,1.0,0.0,36.0
3899,70.73228213001802,20.84384708577355,1.0,0.0,36.0
3900,70.74516439445898,20.848407415725692,1.0,0.0,36.0
3901,70.75692870180394,20.830212806011556,1.0,0.0,36.0
3902,70.7347276059404,20.88705488200561,1.0,0.0,36.0
3903,70.72673793724428,20.85355938096792,1.0,0.0,36.0
3904,70.7415516153442,20.8617311313312,1.0,0.0,36.0
3905,70.72219891800775,20.87638423284841,1.0,0.0,36.0
3906,70.72422509153282,20.855145496998794,1.0,0.0,36.0
3907,70.7570722754051,20.859495473832382,1.0,0.0,36.0
3908,70.75626605791821,20.834997336075258,1.0,0.0,36.0
3909,70.7305086187045,20.84152972031267,1.0,0.0,36.0
3910,70.7109749009013,20.837067538157374,1.0,0.0,36.0
3911,70.71412564012752,20.863467737143008,1.0,0.0,36.0
3912,70.72778546063385,20.842031401402444,1.0,0.0,36.0
3913,70.72622807063007,20.83558933248818,1.0,0.0,36.0
3914,70.72499604695184,20.878967598967783,1.0,0.0,36.0
3915,70.72665381499583,20.861623153056488,1.0,0.0,36.0
3916,70.73785352244471,20.870998142565764,1.0,0.0,36.0
3917,70.73169107968745,20.847380299684666,1.0,0.0,36.0
3918,70.7371851299549,20.830147104700163,1.0,0.0,36.0
3919,70.7498513939426,20.87378314178928,1.0,0.0,36.0
3920,70.72869730552951,20.86544475276638,1.0,0.0,36.0
3921,70.73839665719895,20.859516760701457,1.0,0.0,36.0
3922,70.74319819948606,20.843925873210562,1.0,0.0,36.0
3923,70.732762437735,20.84078082333164,1.0,0.0,36.0
3924,70.73728039537757,20.856848838231397,1.0,0.0,36.0
3925,70.748722671301,20.834365216445605,1.0,0.0,36.0
3926,70.73814920697063,20.857809885707198,1.0,0.0,36.0
3927,70.71043844131658,20.873719409774665,1.0,0.0,36.0
3928,70.74490271905044,20.841194566332184,1.0,0.0,36.0
3929,70.73154307033292,20.83597459890247,1.0,0.0,36.0
3930,70.73102989074113,20.83743803765595,1.0,0.0,36.0
3931,70.72820304766124,20.83581640535679,1.0,0.0,36.0
3932,70.72693768811448,20.831650272818955,1.0,0.0,36.0
3933,70.72680775630748,20.837692200617077,1.0,0.0,36.0
3934,70.71853401374814,20.83823292718053,1.0,0.0,36.0
3935,70.72828150837286,20.844715313718304,1.0,0.0,36.0
3936,70.72556455791799,20.849682725904653,1.0,0.0,36.0
3937,70.72167138328834,20.850280841856883,1.0,0.0,36.0
3938,70.74439041350074,20.827001418761498,1.0,0.0,36.0
3939,70.76151354544676,20.856208579104152,1.0,0.0,36.0
3940,70.76440309510275,20.829637814271134,1.0,0.0,36.0
3941,70.76049772352594,20.869988783568395,1.0,0.0,36.0
3942,70.74213989408572,20.83845666361954,1.0,0.0,36.0
3943,70.75153943830023,20.88641868857843,1.0,0.0,36.0
3944,70.74443749949565,20.862110389410887,1.0,0.0,36.0
3945,70.7370559176977,20.854441562837202,1.0,0.0,36.0
3946,70.73257843031345,20.832086018718137,1.0,0.0,36.0
3947,70.7260831423279,20.85336551712489,1.0,0.0,36.0
3948,70.75222723743899,20.86442610796331,1.0,0.0,36.0
3949,70.7368596665322,20.862618283576275,1.0,0.0,36.0
3950,70.7250299592223,20.84006504138263,1.0,0.0,36.0
3951,70.72875054892518,20.84543066021346,1.0,0.0,36.0
3952,70.7414532707528,20.878047147210847,1.0,0.0,36.0
3953,70.74524958672589,20.820860496146224,1.0,0.0,36.0
3954,70.74108172713326,20.86341468796843,1.0,0.0,36.0
3955,70.73375968384137,20.84910149584391,1.0,0.0,36.0
3956,70.73579557272421,20.837012971257014,1.0,0.0,36.0
3957,70.71612001571027,20.813783477657918,1.0,0.0,36.0
3958,70.7458915295646,20.834067693516843,1.0,0.0,36.0
3959,70.73134788398913,20.848247338644374,1.0,0.0,36.0
3960,70.74890745148171,20.855062213468468,1.0,0.0,36.0
3961,70.74197151422666,20.84393189764622,1.0,0.0,36.0
3962,70.7477576958645,20.867084607423354,1.0,0.0,36.0
3963,70.72620519696738,20.82284760196695,1.0,0.0,36.0
3964,70.71862569545235,20.85288423827436,1.0,0.0,36.0
3965,70.75083736096978,20.858787080645065,1.0,0.0,36.0
3966,70.74065731180383,20.822947983702093,1.0,0.0,36.0
3967,70.7342267455588,20.87469985746892,1.0,0.0,36.0
3968,70.73841142511662,20.86873609516901,1.0,0.0,36.0
3969,70.72752357031042,20.858019022699942,1.0,0.0,36.0
3970,70.73460540282849,20.829760192892284,1.0,0.0,36.0
3971,70.74047966183143,20.851076434604256,1.0,0.0,36.0
3972,70.7160093662249,20.8635498261577,1.0,0.0,36.0
3973,70.70964599976718,20.827239032972503,1.0,0.0,36.0
3974,70.73734006069586,20.8460569166225,1.0,0.0,36.0
3975,70.73182707916695,20.858331508060008,1.0,0.0,36.0
3976,70.74973059245711,20.85153564612588,1.0,0.0,36.0
3977,70.76663214685988,20.844456746697436,1.0,0.0,36.0
3978,70.73468645704746,20.854672452153952,1.0,0.0,36.0
3979,70.75061698723572,20.840396419234544,1.0,0.0,36.0
3980,70.73271127425686,20.858404389628966,1.0,0.0,36.0
3981,70.73812401478197,20.840546554512652,1.0,0.0,36.0
3982,70.72610994942295,20.85133216309617,1.0,0.0,36.0
3983,70.73562836317302,20.85226735396421,1.0,0.0,36.0
3984,70.7414075008196,20.836153414556513,1.0,0.0,36.0
3985,70.72723674294423,20.858168845164574,1.0,0.0,36.0
3986,70.73153405059469,20.841362025478873,1.0,0.0,36.0
3987,70.74452224829493,20.857660979274893,1.0,0.0,36.0
3988,70.73753530816298,20.860913918468093,1.0,0.0,36.0
3989,70.72500438271305,20.850841884158704,1.0,0.0,36.0
3990,70.7391839705941,20.832613189757296,1.0,0.0,36.0
3991,70.74225706438054,20.86816080938132,1.0,0.0,36.0
3992,70.72400414060921,20.846124250768156,1.0,0.0,36.0
3993,70.73195317660668,20.890048104323217,1.0,0.0,36.0
3994,70.74073348724016,20.860819192101676,1.0,0.0,36.0
3995,70.76982414138203,20.821339042864228,1.0,0.0,36.0
3996,70.70217336981479,20.831278894561457,1.0,0.0,36.0
3997,70.74272985408516,20.82567245238446,1.0,0.0,36.0
3998,70.743825430795,20.85628465070319,1.0,0.0,36.0
3999,70.73356173596312,20.85427174420168,1.0,0.0,36.0
4000,70.7373634553867,20.829051238646258,1.0,0.0,36.0
4001,70.73904325443574,20.83525146351731,1.0,0.0,36.0
4002,70.74170819936602,20.841335995847675,1.0,0.0,36.0
4003,70.72532001216501,20.837379770767257,1.0,0.0,36.0
4004,70.74044454505605,20.84931789558338,1.0,0.0,36.0
4005,70.75104967106813,20.859360837423292,1.0,0.0,36.0
4006,70.74438567017707,20.85590854660172,1.0,0.0,36.0
4007,70.72970732588941,20.841360435952087,1.0,0.0,36.0
4008,70.743903446262,20.82950818762616,1.0,0.0,36.0
4009,70.75072665891656,20.855722221423903,1.0,0.0,36.0
4010,70.7343104412847,20.87838423964503,1.0,0.0,36.0
4011,70.72351290290631,20.811728569767514,1.0,0.0,36.0
4012,70.73211703810168,20.83444385629175,1.0,0.0,36.0
4013,70.73381195216537,20.818424104609804,1.0,0.0,36.0
4014,70.72358749470854,20.837926581086172,1.0,0.0,36.0
4015,70.75646108931615,20.862811937548745,1.0,0.0,36.0
4016,70.7040053012058,20.878606608099766,1.0,0.0,36.0
4017,70.71337661630928,20.854462101600117,1.0,0.0,36.0
4018,70.72059797334325,20.85265491675548,1.0,0.0,36.0
4019,70.73033697279136,20.860378306335264,1.0,0.0,36.0
4020,70.74593552785299,20.893417780684203,1.0,0.0,36.0
4021,70.74002731043561,20.859216192848848,1.0,0.0,36.0
4022,70.72588638510564,20.843767367403878,1.0,0.0,36.0
4023,70.73684435405254,20.870736695162183,1.0,0.0,36.0
4024,70.7721079545068,20.82510982162447,1.0,0.0,36.0
4025,70.72603293706314,20.844910380078318,1.0,0.0,36.0
4026,70.72416471331942,20.861830833143628,1.0,0.0,36.0
4027,70.7235658895379,20.860076107268284,1.0,0.0,36.0
4028,70.70868889956213,20.87304482447959,1.0,0.0,36.0
4029,70.76235600726142,20.845612053900787,1.0,0.0,36.0
4030,70.77320053286225,20.85564680138221,1.0,0.0,36.0
4031,70.74311611900409,20.813540407790896,1.0,0.0,36.0
4032,70.73677507452393,20.874428128019304,1.0,0.0,36.0
4033,70.75159386203677,20.84815532496517,1.0,0.0,36.0
4034,70.73721481224032,20.853564325176894,1.0,0.0,36.0
4035,70.74283553075915,20.853134697720282,1.0,0.0,36.0
4036,70.71737728679642,20.84059091390652,1.0,0.0,36.0
4037,70.75022272127772,20.847790651310603,1.0,0.0,36.0
4038,70.73213594845559,20.856272480422774,1.0,0.0,36.0
4039,70.71594926078542,20.879581692719594,1.0,0.0,36.0
4040,70.73543742210178,20.829936313873755,1.0,0.0,36.0
4041,70.75505809820638,20.84251113861774,1.0,0.0,36.0
4042,70.72706506353829,20.837471986933956,1.0,0.0,36.0
4043,70.7110739473731,20.864610873318934,1.0,0.0,36.0
4044,70.7283602016302,20.8523056108682,1.0,0.0,36.0
4045,70.73536254782306,20.850431880591834,1.0,0.0,36.0
4046,70.72248240376626,20.822831027446668,1.0,0.0,36.0
4047,70.71128597193211,20.857009713227935,1.0,0.0,36.0
4048,70.74844529930071,20.86015496051854,1.0,0.0,36.0
4049,70.73116114227359,20.843963425065724,1.0,0.0,36.0
4050,70.74047928894527,20.850314214360864,1.0,0.0,36.0
4051,70.74819476207357,20.826938562663965,1.0,0.0,36.0
4052,70.74210146776151,20.82382650403068,1.0,0.0,36.0
4053,70.71880546365459,20.829552227031172,1.0,0.0,36.0
4054,70.70865678148799,20.841683363298426,1.0,0.0,36.0
4055,70.74041454414872,20.829549621946175,1.0,0.0,36.0
4056,70.75565022758387,20.84393941786402,1.0,0.0,36.0
4057,70.71994692004724,20.84535323628312,1.0,0.0,36.0
4058,70.75646454917589,20.852189022582746,1.0,0.0,36.0
4059,70.7021330705166,20.863327782883154,1.0,0.0,36.0
4060,70.74626847633024,20.836387049696,1.0,0.0,36.0
4061,70.75578065304327,20.830679470389526,1.0,0.0,36.0
4062,70.72361180376706,20.83233069180328,1.0,0.0,36.0
4063,70.75539395408885,20.821651315552575,1.0,0.0,36.0
4064,70.74665844938372,20.84248864470362,1.0,0.0,36.0
4065,70.73594260148899,20.85485333042703,1.0,0.0,36.0
4066,70.74095987215341,20.86694290609533,1.0,0.0,36.0
4067,70.74374814997255,20.82587578411464,1.0,0.0,36.0
4068,70.73009280074129,20.837094644197098,1.0,0.0,36.0
4069,70.73635345955046,20.84677723650269,1.0,0.0,36.0
4070,70.71702838696035,20.844085740512455,1.0,0.0,36.0
4071,70.75361335120026,20.858733520945176,1.0,0.0,36.0
4072,70.7263066837591,20.865745732607067,1.0,0.0,36.0
4073,70.74109776247222,20.854061485901184,1.0,0.0,36.0
4074,70.71919563430396,20.856377038204467,1.0,0.0,36.0
4075,70.74858411315896,20.82356752949268,1.0,0.0,36.0
4076,70.73344971195816,20.834053398973698,1.0,0.0,36.0
4077,70.71763123533914,20.85485327712387,1.0,0.0,36.0
4078,70.739131525666,20.850063340491868,1.0,0.0,36.0
4079,70.73918077789028,20.856944245494248,1.0,0.0,36.0
4080,70.74050034068739,20.834902471556614,1.0,0.0,36.0
4081,70.74416203311661,20.840168262599875,1.0,0.0,36.0
4082,70.72775676056236,20.842090658314884,1.0,0.0,36.0
4083,70.73906198660895,20.829688055014064,1.0,0.0,36.0
4084,70.74926636628423,20.841707892643928,1.0,0.0,36.0
4085,70.72815129683187,20.821853204109264,1.0,0.0,36.0
4086,70.7700689569662,20.810331757680462,1.0,0.0,36.0
4087,70.72856364869321,20.83664501904737,1.0,0.0,36.0
4088,70.75063576221316,20.85095781454471,1.0,0.0,36.0
4089,70.75846900858353,20.839668926391223,1.0,0.0,36.0
4090,70.72846918257392,20.833819672056197,1.0,0.0,36.0
4091,70.70572325529969,20.86264714157623,1.0,0.0,36.0
4092,70.7521745644721,20.836837229230813,1.0,0.0,36.0
4093,70.74876004331449,20.844912424695476,1.0,0.0,36.0
4094,70.72881812165807,20.854586171636363,1.0,0.0,36.0
4095,70.73017989232349,20.838007281485357,1.0,0.0,36.0
4096,70.7306726217537,20.835569621477745,1.0,0.0,36.0
4097,70.74684074742368,20.822619363304838,1.0,0.0,36.0
4098,70.75020680763683,20.85352925063949,1.0,0.0,36.0
4099,70.73315206736712,20.847593488207046,1.0,0.0,36.0
4100,70.73024109420017,20.83459534638879,1.0,0.0,36.0
4101,70.72951287485782,20.86088630219207,1.0,0.0,36.0
4102,70.7379413827943,20.86068372520041,1.0,0.0,36.0
4103,70.74310063660498,20.83328273037935,1.0,0.0,36.0
4104,70.75051417416827,20.859214083658006,1.0,0.0,36.0
4105,70.73766438255346,20.83693725231646,1.0,0.0,36.0
4106,70.74290605384722,20.860918557741794,1.0,0.0,36.0
4107,70.72554256268587,20.841949750262753,1.0,0.0,36.0
4108,70.73223173680493,20.873909993092358,1.0,0.0,36.0
4109,70.72957581326388,20.82132208332511,1.0,0.0,36.0
4110,70.70966813163285,20.8390332910651,1.0,0.0,36.0
4111,70.72709729080727,20.86872992810025,1.0,0.0,36.0
4112,70.72808097860802,20.833685450427783,1.0,0.0,36.0
4113,70.73427838904813,20.844834511522873,1.0,0.0,36.0
4114,70.74168936331355,20.88181321778685,1.0,0.0,36.0
4115,70.7333908762204,20.872333085750054,1.0,0.0,36.0
4116,70.72954595587557,20.842581000390414,1.0,0.0,36.0
4117,70.7223216085,20.8337425952091,1.0,0.0,36.0
4118,70.73545965599506,20.83206790713071,1.0,0.0,36.0
4119,70.74172809790217,20.857358827021194,1.0,0.0,36.0
4120,70.72466405665287,20.81845655302952,1.0,0.0,36.0
4121,70.77863577039578,20.888059520665603,1.0,0.0,36.0
4122,70.71255982623497,20.85417331934446,1.0,0.0,36.0
4123,70.72147010528973,20.86802374436827,1.0,0.0,36.0
4124,70.75301821319201,20.847162632440334,1.0,0.0,36.0
4125,70.74906030334418,20.86076377853965,1.0,0.0,36.0
4126,70.71462140984157,20.82952754428848,1.0,0.0,36.0
4127,70.76148502670365,20.853826872627664,1.0,0.0,36.0
4128,70.72821225622737,20.840006494225655,1.0,0.0,36.0
4129,70.72877411858244,20.839338564106242,1.0,0.0,36.0
4130,70.74014909059115,20.84407532796883,1.0,0.0,36.0
4131,70.75213404642089,20.845938003178475,1.0,0.0,36.0
4132,70.720080091573,20.839451222387165,1.0,0.0,36.0
4133,70.74679796236967,20.867275772804977,1.0,0.0,36.0
4134,70.7528352910252,20.855161745968676,1.0,0.0,36.0
4135,70.72287459004048,20.853070499185627,1.0,0.0,36.0
4136,70.72704453965993,20.828425754025726,1.0,0.0,36.0
4137,70.71845638194856,20.85954966519929,1.0,0.0,36.0
4138,70.72376173238591,20.872022016367406,1.0,0.0,36.0
4139,70.70576193208136,20.846026899182394,1.0,0.0,36.0
4140,70.71506698679391,20.86515731029849,1.0,0.0,36.0
4141,70.72506472843048,20.841258870501825,1.0,0.0,36.0
4142,70.74043255607954,20.841229865507938,1.0,0.0,36.0
4143,70.73816467794994,20.83259820713836,1.0,0.0,36.0
4144,70.74126149496622,20.833046091879353,1.0,0.0,36.0
4145,70.7386452243086,20.866884272676558,1.0,0.0,36.0
4146,70.74783965861151,20.87991372676085,1.0,0.0,36.0
4147,70.7349406296699,20.8354845294937,1.0,0.0,36.0
4148,70.73456095894838,20.858590641641385,1.0,0.0,36.0
4149,70.74755873671776,20.82745382926613,1.0,0.0,36.0
4150,70.73754225368266,20.83872082122955,1.0,0.0,36.0
4151,70.7349345657092,20.850594388801145,1.0,0.0,36.0
4152,70.70313715842218,20.838979586998466,1.0,0.0,36.0
4153,70.72073645972745,20.82370533007994,1.0,0.0,36.0
4154,70.7200373686372,20.832909869247967,1.0,0.0,36.0
4155,70.7330735038274,20.832371711208147,1.0,0.0,36.0
4156,70.7274409335257,20.869160865598392,1.0,0.0,36.0
4157,70.75882723601745,20.845982960366065,1.0,0.0,36.0
4158,70.74131053373044,20.836719922550138,1.0,0.0,36.0
4159,70.73897541296041,20.85616126622698,1.0,0.0,36.0
4160,70.74890164966281,20.812698511101548,1.0,0.0,36.0
4161,70.72870020784218,20.86899204936761,1.0,0.0,36.0
4162,70.7442811927252,20.801235915152276,1.0,0.0,36.0
4163,70.72462573623686,20.834947205063752,1.0,0.0,36.0
4164,70.73365417011881,20.842180435712127,1.0,0.0,36.0
4165,70.73746316668276,20.8372109330355,1.0,0.0,36.0
4166,70.70947555606561,20.866357984234554,1.0,0.0,36.0
4167,70.73200568487763,20.85345952100621,1.0,0.0,36.0
4168,70.71725911663714,20.864818720744985,1.0,0.0,36.0
4169,70.72885628087431,20.82432020412492,1.0,0.0,36.0
4170,70.71813168918153,20.879075629864058,1.0,0.0,36.0
4171,70.74800488373894,20.857768771007265,1.0,0.0,36.0
4172,70.75851353593146,20.840281989169704,1.0,0.0,36.0
4173,70.75486464921885,20.843671568372084,1.0,0.0,36.0
4174,70.73759464931265,20.843180441109993,1.0,0.0,36.0
4175,70.75651833019657,20.827109014443614,1.0,0.0,36.0
4176,70.75151071333008,20.85701889414944,1.0,0.0,36.0
4177,70.74547237154228,20.834140551324694,1.0,0.0,36.0
4178,70.72941117969263,20.840542613340432,1.0,0.0,36.0
4179,70.7237228505349,20.847424764278706,1.0,0.0,36.0
4180,70.76113087156591,20.843830181725103,1.0,0.0,36.0
4181,70.74410540495128,20.842938233154676,1.0,0.0,36.0
4182,70.73150725289385,20.854899543578412,1.0,0.0,36.0
4183,70.72948730114756,20.874499167128644,1.0,0.0,36.0
4184,70.75417581893738,20.86489351231163,1.0,0.0,36.0
4185,70.73518335955748,20.83949440286097,1.0,0.0,36.0
4186,70.74803968322595,20.84591849542097,1.0,0.0,36.0
4187,70.72205025129679,20.831263311516498,1.0,0.0,36.0
4188,70.72859255440612,20.863371257911783,1.0,0.0,36.0
4189,70.70058627041915,20.85886096941082,1.0,0.0,36.0
4190,70.74398835124327,20.83277789692081,1.0,0.0,36.0
4191,70.74048576194123,20.84895676035739,1.0,0.0,36.0
4192,70.73158452960134,20.831807332085646,1.0,0.0,36.0
4193,70.74676380088376,20.838130799164524,1.0,0.0,36.0
4194,70.7724337964556,20.85344776458507,1.0,0.0,36.0
4195,70.72647455089124,20.84464285213663,1.0,0.0,36.0
4196,70.73351857536737,20.872704729737837,1.0,0.0,36.0
4197,70.7310512966759,20.841717215796177,1.0,0.0,36.0
4198,70.73906060558177,20.836631814527852,1.0,0.0,36.0
4199,70.7157273253787,20.83503383681462,1.0,0.0,36.0
4200,70.74485333550798,20.867332476675156,1.0,0.0,36.0
4201,70.71008774383121,20.86837600766821,1.0,0.0,36.0
4202,70.759855865424,20.90884937333611,1.0,0.0,36.0
4203,70.74504531948853,20.80810069716803,1.0,0.0,36.0
4204,70.72649883636448,20.839780245301853,1.0,0.0,36.0
4205,70.72459935806852,20.83673089816073,1.0,0.0,36.0
4206,70.71974770129124,20.850085943171702,1.0,0.0,36.0
4207,70.72552483645443,20.88292376953655,1.0,0.0,36.0
4208,70.72692442826695,20.854162643054906,1.0,0.0,36.0
4209,70.7365293850888,20.836805957490117,1.0,0.0,36.0
4210,70.74548361766517,20.8497379417066,1.0,0.0,36.0
4211,70.74047749543081,20.840297546890675,1.0,0.0,36.0
4212,70.72259261861687,20.846296242205053,1.0,0.0,36.0
4213,70.72788569891677,20.841092809978505,1.0,0.0,36.0
4214,70.73545636791478,20.832065188843274,1.0,0.0,36.0
4215,70.7330710479238,20.84796960739405,1.0,0.0,36.0
4216,70.74582663197475,20.8682764100306,1.0,0.0,36.0
4217,70.70949588551264,20.83468985103557,1.0,0.0,36.0
4218,70.71817483439374,20.840177313377122,1.0,0.0,36.0
4219,70.73589478014377,20.846814635428586,1.0,0.0,36.0
4220,70.72858671845265,20.841538882219158,1.0,0.0,36.0
4221,70.75307548557794,20.84921106011358,1.0,0.0,36.0
4222,70.73330108922971,20.836009296091174,1.0,0.0,36.0
4223,70.7496963059406,20.814835777184776,1.0,0.0,36.0
4224,70.71561520465382,20.850427251028815,1.0,0.0,36.0
4225,70.7344330343887,20.848971089636017,1.0,0.0,36.0
4226,70.7469822875844,20.835902608485576,1.0,0.0,36.0
4227,70.7182679753219,20.856650157629485,1.0,0.0,36.0
4228,70.74938879221631,20.819193866406323,1.0,0.0,36.0
4229,70.73964189452815,20.84005707767422,1.0,0.0,36.0
4230,70.73650720127267,20.85002353418615,1.0,0.0,36.0
4231,70.74865335332181,20.88265730158536,1.0,0.0,36.0
4232,70.74794189129477,20.865245984429137,1.0,0.0,36.0
4233,70.73919757222771,20.80344443904186,1.0,0.0,36.0
4234,70.73493371538157,20.83018963908851,1.0,0.0,36.0
4235,70.73156145182276,20.83340323229606,1.0,0.0,36.0
4236,70.75390826999204,20.870583384916685,1.0,0.0,36.0
4237,70.73306012391441,20.848835431603224,1.0,0.0,36.0
4238,70.7205964086972,20.840549334457606,1.0,0.0,36.0
4239,70.75164666582654,20.854811846588767,1.0,0.0,36.0
4240,70.73600379417282,20.849554826465244,1.0,0.0,36.0
4241,70.71151066441409,20.815574506565305,1.0,0.0,36.0
4242,70.72428603419887,20.8485772610023,1.0,0.0,36.0
4243,70.7431477788988,20.849819176425516,1.0,0.0,36.0
4244,70.74349687707445,20.833888491815454,1.0,0.0,36.0
4245,70.72670530813508,20.85124647084337,1.0,0.0,36.0
4246,70.73614962891828,20.84598661258018,1.0,0.0,36.0
4247,70.72090940343426,20.854260942303664,1.0,0.0,36.0
4248,70.7316675034565,20.86607661727376,1.0,0.0,36.0
4249,70.73907566762243,20.856680644562488,1.0,0.0,36.0
4250,70.7379084079937,20.822893292412562,1.0,0.0,36.0
4251,70.7309158507769,20.859186948589844,1.0,0.0,36.0
4252,70.74139945226442,20.838072878472847,1.0,0.0,36.0
4253,70.74398971247571,20.847959129594603,1.0,0.0,36.0
4254,70.74247879649872,20.8318371403569,1.0,0.0,36.0
4255,70.75424923536326,20.831687067297356,1.0,0.0,36.0
4256,70.72877268496542,20.848337724101025,1.0,0.0,36.0
4257,70.72946248287461,20.83728452264069,1.0,0.0,36.0
4258,70.74011501202466,20.84912223136083,1.0,0.0,36.0
4259,70.72933076147042,20.87076021837096,1.0,0.0,36.0
4260,70.71071779453524,20.854798848990466,1.0,0.0,36.0
4261,70.74690774332043,20.86919685163526,1.0,0.0,36.0
4262,70.74220238470593,20.851882386439698,1.0,0.0,36.0
4263,70.7540671849674,20.816670603420043,1.0,0.0,36.0
4264,70.74306420382689,20.829984169636592,1.0,0.0,36.0
4265,70.72885911014848,20.852482181151014,1.0,0.0,36.0
4266,70.7398823414196,20.86558505803769,1.0,0.0,36.0
4267,70.72889670110533,20.851938536822217,1.0,0.0,36.0
4268,70.75097867338805,20.83702320378632,1.0,0.0,36.0
4269,70.74436863220079,20.86374742695548,1.0,0.0,36.0
4270,70.7454674208053,20.85891214843085,1.0,0.0,36.0
4271,70.74102515090071,20.851776939531717,1.0,0.0,36.0
4272,70.74104776727857,20.8687267015587,1.0,0.0,36.0
4273,70.74420109409317,20.85185569622109,1.0,0.0,36.0
4274,70.75198714936563,20.848864345173507,1.0,0.0,36.0
4275,70.7392870875129,20.843737291578126,1.0,0.0,36.0
4276,70.70848431732105,20.853252773061634,1.0,0.0,36.0
4277,70.73325186652922,20.83469849074225,1.0,0.0,36.0
4278,70.73727801801184,20.858749961784063,1.0,0.0,36.0
4279,70.7456435386085,20.847031593850964,1.0,0.0,36.0
4280,70.74174157958586,20.84542607813913,1.0,0.0,36.0
4281,70.72500814731984,20.83598981553822,1.0,0.0,36.0
4282,70.72169186017481,20.83125035758846,1.0,0.0,36.0
4283,70.73036595728416,20.851606055265485,1.0,0.0,36.0
4284,70.7303200156727,20.85132429037492,1.0,0.0,36.0
4285,70.72563998236043,20.858448078170206,1.0,0.0,36.0
4286,70.73869685067461,20.82867045102352,1.0,0.0,36.0
4287,70.73539515447673,20.84815137621232,1.0,0.0,36.0
4288,70.71919280541321,20.86158863650445,1.0,0.0,36.0
4289,70.71010851127393,20.863801953457127,1.0,0.0,36.0
4290,70.75594334179999,20.82539765942882,1.0,0.0,36.0
4291,70.73694477765346,20.863054673175352,1.0,0.0,36.0
4292,70.74790564590944,20.846755236931273,1.0,0.0,36.0
4293,70.72386070130645,20.850458129257536,1.0,0.0,36.0
4294,70.69751761399881,20.842683487322827,1.0,0.0,36.0
4295,70.74407602020054,20.81386487308232,1.0,0.0,36.0
4296,70.75310119096982,20.869507266062698,1.0,0.0,36.0
4297,70.76482142606993,20.815503454685512,1.0,0.0,36.0
4298,70.72428279914551,20.85360563336985,1.0,0.0,36.0
4299,70.7031039577436,20.84196329340981,1.0,0.0,36.0
4300,70.74467406084213,20.846478341442374,1.0,0.0,36.0
4301,70.73855436385637,20.832624277749115,1.0,0.0,36.0
4302,70.73302049940239,20.87727147594298,1.0,0.0,36.0
4303,70.73132598025839,20.848382895286925,1.0,0.0,36.0
4304,70.71604803352179,20.826348151953702,1.0,0.0,36.0
4305,70.71660853599546,20.848387982314183,1.0,0.0,36.0
4306,70.72782987453553,20.85607114359074,1.0,0.0,36.0
4307,70.74094540167239,20.86467686472688,1.0,0.0,36.0
4308,70.72052984127491,20.828973758104375,1.0,0.0,36.0
4309,70.73819486254871,20.815330416475888,1.0,0.0,36.0
4310,70.72238666176102,20.84498752889616,1.0,0.0,36.0
4311,70.73285333188257,20.854886342015497,1.0,0.0,36.0
4312,70.73054718902546,20.859790614215854,1.0,0.0,36.0
4313,70.73877989818533,20.81848868860002,1.0,0.0,36.0
4314,70.7404986982469,20.839534236471334,1.0,0.0,36.0
4315,70.70416978766829,20.86791611662623,1.0,0.0,36.0
4316,70.73717553501638,20.837653135699654,1.0,0.0,36.0
4317,70.73345987884318,20.82863693056687,1.0,0.0,36.0
4318,70.71886716344777,20.844132013233057,1.0,0.0,36.0
4319,70.72738465176391,20.8484330169176,1.0,0.0,36.0
4320,70.7330718428445,20.81891066420675,1.0,0.0,36.0
4321,70.74404675958198,20.837847158825134,1.0,0.0,36.0
4322,70.74612686331717,20.828603267910445,1.0,0.0,36.0
4323,70.71966931170988,20.856746499023924,1.0,0.0,36.0
4324,70.72094451773431,20.838447208682208,1.0,0.0,36.0
4325,70.72770487283188,20.875097730234916,1.0,0.0,36.0
4326,70.7611115761835,20.83632942074969,1.0,0.0,36.0
4327,70.7530078429346,20.87932539402785,1.0,0.0,36.0
4328,70.74714011727684,20.818653326555577,1.0,0.0,36.0
4329,70.72658971478153,20.84921881636513,1.0,0.0,36.0
4330,70.71256381262367,20.89062064571722,1.0,0.0,36.0
4331,70.74313099856612,20.8432844516572,1.0,0.0,36.0
4332,70.72273670940086,20.84556026942665,1.0,0.0,36.0
4333,70.74323761314105,20.86183777870543,1.0,0.0,36.0
4334,70.74682144137807,20.833149695825657,1.0,0.0,36.0
4335,70.73963061501132,20.855409953668037,1.0,0.0,36.0
4336,70.75816377649276,20.85675774596492,1.0,0.0,36.0
4337,70.72800947475677,20.85559130427351,1.0,0.0,36.0
4338,70.76466106611275,20.848884092063923,1.0,0.0,36.0
4339,70.7238889739584,20.850161389321144,1.0,0.0,36.0
4340,70.71665965600424,20.853639003558797,1.0,0.0,36.0
4341,70.72913897837564,20.84690831905258,1.0,0.0,36.0
4342,70.74707591119902,20.825533392750494,1.0,0.0,36.0
4343,70.69445659997335,20.84465904609068,1.0,0.0,36.0
4344,70.73970636211115,20.852087050082243,1.0,0.0,36.0
4345,70.7373219179573,20.8595495869654,1.0,0.0,36.0
4346,70.73699034001945,20.843670113613065,1.0,0.0,36.0
4347,70.74088602678172,20.846161746615284,1.0,0.0,36.0
4348,70.72455850858947,20.840197466431945,1.0,0.0,36.0
4349,70.71705390096245,20.85440830397914,1.0,0.0,36.0
4350,70.7499386110867,20.835897605886863,1.0,0.0,36.0
4351,70.74346453762205,20.8123836529084,1.0,0.0,36.0
4352,70.7333317295882,20.84004332163556,1.0,0.0,36.0
4353,70.73120995312809,20.841424643052935,1.0,0.0,36.0
4354,70.7351159307293,20.860651391259225,1.0,0.0,36.0
4355,70.72385262832832,20.84947852102022,1.0,0.0,36.0
4356,70.7453182979714,20.856245353313554,1.0,0.0,36.0
4357,70.7224424832069,20.85870498800112,1.0,0.0,36.0
4358,70.71502181187981,20.816074438009913,1.0,0.0,36.0
4359,70.75398281649547,20.851117521669224,1.0,0.0,36.0
4360,70.75903000253905,20.854178578394265,1.0,0.0,36.0
4361,70.72745121121565,20.816591689537713,1.0,0.0,36.0
4362,70.73902681984154,20.84081402686266,1.0,0.0,36.0
4363,70.69037572970552,20.850567429893545,1.0,0.0,36.0
4364,70.71641379981766,20.848784693310662,1.0,0.0,36.0
4365,70.71329928215319,20.84559097323824,1.0,0.0,36.0
4366,70.72942615215936,20.842950895104973,1.0,0.0,36.0
4367,70.7082660669433,20.85136783808182,1.0,0.0,36.0
4368,70.70127126457719,20.863086780165478,1.0,0.0,36.0
4369,70.76345421497048,20.82965593136741,1.0,0.0,36.0
4370,70.75639927903835,20.85581179577015,1.0,0.0,36.0
4371,70.72161533097795,20.847738244111476,1.0,0.0,36.0
4372,70.74996335743363,20.869970141011542,1.0,0.0,36.0
4373,70.72210366586312,20.850030709570955,1.0,0.0,36.0
4374,70.72705888410165,20.843654632706766,1.0,0.0,36.0
4375,70.74601162572345,20.873182337794002,1.0,0.0,36.0
4376,70.73724159221305,20.830219038365765,1.0,0.0,36.0
4377,70.75840236488321,20.846483191826614,1.0,0.0,36.0
4378,70.76379210287892,20.854872746665958,1.0,0.0,36.0
4379,70.71288909415645,20.869166203150332,1.0,0.0,36.0
4380,70.74313771484111,20.850286678247098,1.0,0.0,36.0
4381,70.73415763378,20.87143713255065,1.0,0.0,36.0
4382,70.73505345992032,20.835876383016718,1.0,0.0,36.0
4383,70.7204284167123,20.84063110711013,1.0,0.0,36.0
4384,70.72347538071791,20.869939776970956,1.0,0.0,36.0
4385,70.74374929006014,20.83941750168561,1.0,0.0,36.0
4386,70.73252116270872,20.853012992136104,1.0,0.0,36.0
4387,70.75542331177766,20.830412818558386,1.0,0.0,36.0
4388,70.7456808571199,20.86015927888908,1.0,0.0,36.0
4389,70.73937759521631,20.857198804260975,1.0,0.0,36.0
4390,70.72220231599393,20.863067986117215,1.0,0.0,36.0
4391,70.7506606897237,20.85989898532903,1.0,0.0,36.0
4392,70.72062644046527,20.86798187131051,1.0,0.0,36.0
4393,70.72885781331523,20.863960394961275,1.0,0.0,36.0
4394,70.73888940713077,20.879278213090096,1.0,0.0,36.0
4395,70.73445109039294,20.84017946951568,1.0,0.0,36.0
4396,70.74822887401305,20.83616209365791,1.0,0.0,36.0
4397,70.72757660580595,20.84937875758541,1.0,0.0,36.0
4398,70.72711893388183,20.844455380540776,1.0,0.0,36.0
4399,70.73219103229415,20.82514161261224,1.0,0.0,36.0
4400,70.73339866595485,20.83495309368559,1.0,0.0,36.0
4401,70.71311974792482,20.831618068491384,1.0,0.0,36.0
4402,70.75206132168529,20.849125121697007,1.0,0.0,36.0
4403,70.74521200675261,20.835628565737228,1.0,0.0,36.0
4404,70.72491428991249,20.853141309371708,1.0,0.0,36.0
4405,70.71644177955889,20.822016262203785,1.0,0.0,36.0
4406,70.72805061366154,20.861292001244674,1.0,0.0,36.0
4407,70.72817274069406,20.83357120395429,1.0,0.0,36.0
4408,70.74781115624964,20.83290468003079,1.0,0.0,36.0
4409,70.73991690249575,20.834573425232705,1.0,0.0,36.0
4410,70.73843210443435,20.858947313573633,1.0,0.0,36.0
4411,70.72461234151218,20.851158742540097,1.0,0.0,36.0
4412,70.75445794342117,20.858718666455392,1.0,0.0,36.0
4413,70.75109789330331,20.853130425218072,1.0,0.0,36.0
4414,70.7300481141802,20.84086166746548,1.0,0.0,36.0
4415,70.74324892451921,20.834296853853445,1.0,0.0,36.0
4416,70.73442432872271,20.840686471392463,1.0,0.0,36.0
4417,70.7298710986156,20.830709262315988,1.0,0.0,36.0
4418,70.74587448116219,20.82315632390866,1.0,0.0,36.0
4419,70.73352412409506,20.82636597170778,1.0,0.0,36.0
4420,70.76978688452506,20.83052427583765,1.0,0.0,36.0
4421,70.7499939134148,20.825820579642677,1.0,0.0,36.0
4422,70.7107854664003,20.853676536227987,1.0,0.0,36.0
4423,70.70945819831742,20.844183460843077,1.0,0.0,36.0
4424,70.72251890219863,20.839249184590248,1.0,0.0,36.0
4425,70.73060958765599,20.856363942815687,1.0,0.0,36.0
4426,70.72447865227107,20.822020250601856,1.0,0.0,36.0
4427,70.73267893995002,20.857508533945325,1.0,0.0,36.0
4428,70.71739804070444,20.85649117012591,1.0,0.0,36.0
4429,70.73022519433091,20.866956874109395,1.0,0.0,36.0
4430,70.75383692545824,20.854937721716095,1.0,0.0,36.0
4431,70.74284049175365,20.85557403272851,1.0,0.0,36.0
4432,70.72701759467537,20.821570882972534,1.0,0.0,36.0
4433,70.73538725241163,20.845448399769776,1.0,0.0,36.0
4434,70.71435791235375,20.813610181152338,1.0,0.0,36.0
4435,70.74124466558396,20.85939995353125,1.0,0.0,36.0
4436,70.72015747702555,20.82263568482274,1.0,0.0,36.0
4437,70.71296242412193,20.861458701707512,1.0,0.0,36.0
4438,70.72305133974093,20.86456858249846,1.0,0.0,36.0
4439,70.76114369143262,20.842107392060825,1.0,0.0,36.0
4440,70.69944176239368,20.83878078940164,1.0,0.0,36.0
4441,70.7349386189473,20.835347613876475,1.0,0.0,36.0
4442,70.7490435425087,20.86496730000855,1.0,0.0,36.0
4443,70.70147661800293,20.86626423200047,1.0,0.0,36.0
4444,70.75351625867283,20.86341819390634,1.0,0.0,36.0
4445,70.74557380371913,20.847675306318685,1.0,0.0,36.0
4446,70.73614140733964,20.863763566271253,1.0,0.0,36.0
4447,70.71885106237616,20.842458083562796,1.0,0.0,36.0
4448,70.73286446521831,20.83398253815159,1.0,0.0,36.0
4449,70.72710179391905,20.84337683446666,1.0,0.0,36.0
4450,70.73207629743827,20.846391568570656,1.0,0.0,36.0
4451,70.72053875086945,20.840447529056256,1.0,0.0,36.0
4452,70.75838232909875,20.851092397929804,1.0,0.0,36.0
4453,70.76466744328789,20.844759698873407,1.0,0.0,36.0
4454,70.77294860949895,20.85083138386907,1.0,0.0,36.0
4455,70.73182218080836,20.799117180002295,1.0,0.0,36.0
4456,70.74386200369119,20.86001559519478,1.0,0.0,36.0
4457,70.70840280393756,20.835197687166794,1.0,0.0,36.0
4458,70.74343046283157,20.829354570456097,1.0,0.0,36.0
4459,70.7444744514543,20.854917994570044,1.0,0.0,36.0
4460,70.74197889106807,20.86957174747737,1.0,0.0,36.0
4461,70.7240739849283,20.84098792609127,1.0,0.0,36.0
4462,70.74540268697062,20.8392158939098,1.0,0.0,36.0
4463,70.75349878546682,20.864385904605893,1.0,0.0,36.0
4464,70.7234582535659,20.842670049865205,1.0,0.0,36.0
4465,70.74878258893284,20.853502900705934,1.0,0.0,36.0
4466,70.74078873911905,20.839430946274685,1.0,0.0,36.0
4467,70.73373890304374,20.854019739080865,1.0,0.0,36.0
4468,70.74028220240456,20.8511557041455,1.0,0.0,36.0
4469,70.72977639484591,20.858079558855188,1.0,0.0,36.0
4470,70.73587652656445,20.847958034415175,1.0,0.0,36.0
4471,70.71623125778356,20.86239321523455,1.0,0.0,36.0
4472,70.75313891875079,20.85453049325628,1.0,0.0,36.0
4473,70.74776413419856,20.835554269420292,1.0,0.0,36.0
4474,70.73884719759904,20.832271956985508,1.0,0.0,36.0
4475,70.70988745409866,20.8568910826398,1.0,0.0,36.0
4476,70.72801769748536,20.83401962931954,1.0,0.0,36.0
4477,70.72733452650525,20.829414977679267,1.0,0.0,36.0
4478,70.7471497067104,20.874919690717466,1.0,0.0,36.0
4479,70.73490249177675,20.846943045659092,1.0,0.0,36.0
4480,70.75431312667939,20.825757637806138,1.0,0.0,36.0
4481,70.72507494039021,20.847099039925848,1.0,0.0,36.0
4482,70.72311621668702,20.847742813654325,1.0,0.0,36.0
4483,70.7333762810574,20.83111775906191,1.0,0.0,36.0
4484,70.76794129878805,20.856708205514522,1.0,0.0,36.0
4485,70.746413086018,20.844884133699477,1.0,0.0,36.0
4486,70.7260845726534,20.847542030926554,1.0,0.0,36.0
4487,70.76481083297796,20.816583481827877,1.0,0.0,36.0
4488,70.73282389128372,20.879293794900818,1.0,0.0,36.0
4489,70.72071414373579,20.82943118073807,1.0,0.0,36.0
4490,70.73776802789462,20.84540829503682,1.0,0.0,36.0
4491,70.74670519375996,20.864189732236863,1.0,0.0,36.0
4492,70.70725123114005,20.866636005146937,1.0,0.0,36.0
4493,70.74360618165132,20.839562216716867,1.0,0.0,36.0
4494,70.74226855700303,20.840327287728908,1.0,0.0,36.0
4495,70.74139076961413,20.852388928958064,1.0,0.0,36.0
4496,70.7427020011682,20.84947569928172,1.0,0.0,36.0
4497,70.71418278223886,20.83115854855471,1.0,0.0,36.0
4498,70.73030774195095,20.834893859324843,1.0,0.0,36.0
4499,70.7571320404899,20.877509668233667,1.0,0.0,36.0
4500,70.71718197722521,20.878736961605448,1.0,0.0,36.0
4501,70.73352376758099,20.86326510062565,1.0,0.0,36.0
4502,70.72544972493661,20.845385609197788,1.0,0.0,36.0
4503,70.72978342670295,20.850062806273716,1.0,0.0,36.0
4504,70.75695317497963,20.84436619517687,1.0,0.0,36.0
4505,70.72506103498297,20.86309190866772,1.0,0.0,36.0
4506,70.73440150206521,20.82129310880484,1.0,0.0,36.0
4507,70.73883153122199,20.85026717207844,1.0,0.0,36.0
4508,70.72990474977782,20.830006408514542,1.0,0.0,36.0
4509,70.71971764451082,20.857555352895957,1.0,0.0,36.0
4510,70.69531920774143,20.84726813841497,1.0,0.0,36.0
4511,70.75587059674794,20.85413417456545,1.0,0.0,36.0
4512,70.73047236768625,20.86584451398906,1.0,0.0,36.0
4513,70.73730699544726,20.83490395390392,1.0,0.0,36.0
4514,70.71670538613685,20.83686875466825,1.0,0.0,36.0
4515,70.73549016998794,20.877625034414873,1.0,0.0,36.0
4516,70.74129868029388,20.84956126776123,1.0,0.0,36.0
4517,70.75314792903659,20.866958706999956,1.0,0.0,36.0
4518,70.74753102084041,20.837712013937665,1.0,0.0,36.0
4519,70.72232370387705,20.824560741516468,1.0,0.0,36.0
4520,70.71506226461852,20.863970495432753,1.0,0.0,36.0
4521,70.7440611192935,20.863790141226062,1.0,0.0,36.0
4522,70.74073311890163,20.85506236341459,1.0,0.0,36.0
4523,70.72975987145949,20.846025751919,1.0,0.0,36.0
4524,70.7361952977191,20.849895658914363,1.0,0.0,36.0
4525,70.71612346414634,20.87136980308386,1.0,0.0,36.0
4526,70.7424927820989,20.89802212317877,1.0,0.0,36.0
4527,70.72362305924113,20.842708215906818,1.0,0.0,36.0
4528,70.73809640203261,20.857838058648586,1.0,0.0,36.0
4529,70.73003268294464,20.834054811908636,1.0,0.0,36.0
4530,70.72029100181845,20.810446158818426,1.0,0.0,36.0
4531,70.70890523113282,20.854570792212872,1.0,0.0,36.0
4532,70.71545060183855,20.86471179008726,1.0,0.0,36.0
4533,70.7264648425617,20.845559751153107,1.0,0.0,36.0
4534,70.71957536147767,20.850907688449606,1.0,0.0,36.0
4535,70.74371433439252,20.845214938088287,1.0,0.0,36.0
4536,70.72334675163957,20.850203783313226,1.0,0.0,36.0
4537,70.72631019365903,20.81480236758069,1.0,0.0,36.0
4538,70.73803432504539,20.841455228765085,1.0,0.0,36.0
4539,70.7715229664963,20.85385418720992,1.0,0.0,36.0
4540,70.7305012933499,20.861187894252872,1.0,0.0,36.0
4541,70.75086128232479,20.84400569993404,1.0,0.0,36.0
4542,70.72159510471732,20.82757429081864,1.0,0.0,36.0
4543,70.72970744630892,20.836657656876934,1.0,0.0,36.0
4544,70.74822886952153,20.84057978665011,1.0,0.0,36.0
4545,70.7155914670647,20.84830098475145,1.0,0.0,36.0
4546,70.759608298356,20.850533587889736,1.0,0.0,36.0
4547,70.71536980497316,20.82606781311251,1.0,0.0,36.0
4548,70.74375891651209,20.863679054660683,1.0,0.0,36.0
4549,70.71462555815263,20.843702536623756,1.0,0.0,36.0
4550,70.72841718964857,20.85976380748262,1.0,0.0,36.0
4551,70.71874773282812,20.82034074717155,1.0,0.0,36.0
4552,70.74874814837843,20.870906132790033,1.0,0.0,36.0
4553,70.73470213279666,20.84646363752688,1.0,0.0,36.0
4554,70.72439727133226,20.85321380434315,1.0,0.0,36.0
4555,70.76259152189945,20.802113092440504,1.0,0.0,36.0
4556,70.74078965271528,20.826620549018116,1.0,0.0,36.0
4557,70.73974607425261,20.867277770463172,1.0,0.0,36.0
4558,70.75302715361164,20.83985885434799,1.0,0.0,36.0
4559,70.76445324336031,20.84070713012866,1.0,0.0,36.0
4560,70.72791780506635,20.82192276936084,1.0,0.0,36.0
4561,70.7282393515496,20.83199331076009,1.0,0.0,36.0
4562,70.7147389626929,20.82731536438522,1.0,0.0,36.0
4563,70.72247355121968,20.84251144400151,1.0,0.0,36.0
4564,70.73706493523585,20.865495602192667,1.0,0.0,36.0
4565,70.72636179657883,20.85753700982712,1.0,0.0,36.0
4566,70.70375462362423,20.86164427072399,1.0,0.0,36.0
4567,70.72436477997104,20.86704103749327,1.0,0.0,36.0
4568,70.73847067962251,20.84977469588501,1.0,0.0,36.0
4569,70.72962247312648,20.84452241260666,1.0,0.0,36.0
4570,70.7143612876922,20.85799843099797,1.0,0.0,36.0
4571,70.7427225565888,20.857233272624413,1.0,0.0,36.0
4572,70.77144965010496,20.83531784786205,1.0,0.0,36.0
4573,70.73142366477992,20.832786364245024,1.0,0.0,36.0
4574,70.73336131164866,20.842835818664323,1.0,0.0,36.0
4575,70.714488399007,20.842790905925145,1.0,0.0,36.0
4576,70.734718983121,20.84988972607904,1.0,0.0,36.0
4577,70.6916514320511,20.834845706394418,1.0,0.0,36.0
4578,70.74818973111046,20.859081698221047,1.0,0.0,36.0
4579,70.72077891868909,20.842552392101226,1.0,0.0,36.0
4580,70.74062715982024,20.865446847680946,1.0,0.0,36.0
4581,70.73949826159783,20.853349713203418,1.0,0.0,36.0
4582,70.73455528126395,20.82516430615661,1.0,0.0,36.0
4583,70.7256037700505,20.833079265692827,1.0,0.0,36.0
4584,70.7579472318133,20.818865696239826,1.0,0.0,36.0
4585,70.76977005149547,20.843885116350645,1.0,0.0,36.0
4586,70.74405852106608,20.833889022017402,1.0,0.0,36.0
4587,70.7425799846301,20.837116787543426,1.0,0.0,36.0
4588,70.74140815968589,20.865017752974147,1.0,0.0,36.0
4589,70.7243478524502,20.85155618792566,1.0,0.0,36.0
4590,70.75565847556219,20.855713986561696,1.0,0.0,36.0
4591,70.73973356044993,20.840024621778813,1.0,0.0,36.0
4592,70.75724707745374,20.839713945653124,1.0,0.0,36.0
4593,70.75984331890197,20.868202525703,1.0,0.0,36.0
4594,70.75459357327931,20.87543193112765,1.0,0.0,36.0
4595,70.75185663642422,20.837990215439532,1.0,0.0,36.0
4596,70.74838132282288,20.87084141591746,1.0,0.0,36.0
4597,70.72129480489723,20.818124530056235,1.0,0.0,36.0
4598,70.72576917363166,20.83704586642905,1.0,0.0,36.0
4599,70.72472111091784,20.866648653395604,1.0,0.0,36.0
4600,70.74417288236089,20.829717870418225,1.0,0.0,36.0
4601,70.75830489574821,20.848504651346197,1.0,0.0,36.0
4602,70.74848376206967,20.81758610476436,1.0,0.0,36.0
4603,70.7392492217262,20.842196855082978,1.0,0.0,36.0
4604,70.7303141875283,20.87173821892441,1.0,0.0,36.0
4605,70.75293957558685,20.836258232765385,1.0,0.0,36.0
4606,70.70642611817009,20.85668821396934,1.0,0.0,36.0
4607,70.72020834021957,20.86159764481083,1.0,0.0,36.0
4608,70.73158034569754,20.82333385465773,1.0,0.0,36.0
4609,70.73872393325186,20.840175272452605,1.0,0.0,36.0
4610,70.74876083454781,20.859432264254945,1.0,0.0,36.0
4611,70.7523731243856,20.8388959206297,1.0,0.0,36.0
4612,70.73178157582367,20.862380792919215,1.0,0.0,36.0
4613,70.73734407046793,20.845220539595765,1.0,0.0,36.0
4614,70.74259484626049,20.840500498731807,1.0,0.0,36.0
4615,70.73685124191083,20.884107498907042,1.0,0.0,36.0
4616,70.72242709865465,20.826854842558287,1.0,0.0,36.0
4617,70.73047344138361,20.84210015428673,1.0,0.0,36.0
4618,70.73699262995424,20.859084899795658,1.0,0.0,36.0
4619,70.71947856836394,20.84412873736467,1.0,0.0,36.0
4620,70.7396423205941,20.83120106110647,1.0,0.0,36.0
4621,70.73361548201953,20.87278115774558,1.0,0.0,36.0
4622,70.75177888000485,20.87293699168721,1.0,0.0,36.0
4623,70.76060809307792,20.856833148868418,1.0,0.0,36.0
4624,70.73345122801302,20.855217545464196,1.0,0.0,36.0
4625,70.74220266447378,20.87354641938905,1.0,0.0,36.0
4626,70.71696385084951,20.830994003031353,1.0,0.0,36.0
4627,70.74577582933625,20.839032220780343,1.0,0.0,36.0
4628,70.74358156360069,20.850756788830463,1.0,0.0,36.0
4629,70.76322242023393,20.85386690184884,1.0,0.0,36.0
4630,70.72302600437733,20.845118133089063,1.0,0.0,36.0
4631,70.71907855733944,20.85856446013431,1.0,0.0,36.0
4632,70.7498269855433,20.83341925469367,1.0,0.0,36.0
4633,70.71991671034124,20.85074504890925,1.0,0.0,36.0
4634,70.72703140026162,20.818731926297644,1.0,0.0,36.0
4635,70.74558192123611,20.847759754998815,1.0,0.0,36.0
4636,70.75710437393676,20.818474538166804,1.0,0.0,36.0
4637,70.7339936339721,20.85990045292849,1.0,0.0,36.0
4638,70.7428698262668,20.844151908635776,1.0,0.0,36.0
4639,70.71193373312384,20.841986211443174,1.0,0.0,36.0
4640,70.73868508526206,20.85789580966381,1.0,0.0,36.0
4641,70.71907843534113,20.80972819411743,1.0,0.0,36.0
4642,70.74114814540114,20.83772333725031,1.0,0.0,36.0
4643,70.74295011512028,20.86728348155272,1.0,0.0,36.0
4644,70.73471806501338,20.831930883707567,1.0,0.0,36.0
4645,70.75463952658926,20.86145116490957,1.0,0.0,36.0
4646,70.76742676547224,20.857014185251256,1.0,0.0,36.0
4647,70.72853686468314,20.849883885781825,1.0,0.0,36.0
4648,70.72972645835256,20.838600765538132,1.0,0.0,36.0
4649,70.75615306524023,20.838254221246235,1.0,0.0,36.0
4650,70.72021532427522,20.8287170601459,1.0,0.0,36.0
4651,70.73728967632755,20.854398662454216,1.0,0.0,36.0
4652,70.72600086590116,20.815012563084867,1.0,0.0,36.0
4653,70.71362040706853,20.838981838146182,1.0,0.0,36.0
4654,70.74627528160615,20.849321516049372,1.0,0.0,36.0
4655,70.73131100201402,20.811085428216018,1.0,0.0,36.0
4656,70.73485476569108,20.830033216974424,1.0,0.0,36.0
4657,70.71381410377042,20.822643721016103,1.0,0.0,36.0
4658,70.73407402739585,20.85552457963059,1.0,0.0,36.0
4659,70.74495115868027,20.827975975690816,1.0,0.0,36.0
4660,70.7411656000495,20.815558623881785,1.0,0.0,36.0
4661,70.74257784186854,20.866436389304646,1.0,0.0,36.0
4662,70.73636493491077,20.834932353925137,1.0,0.0,36.0
4663,70.72450325341514,20.847791354432555,1.0,0.0,36.0
4664,70.75011031074753,20.837638288745357,1.0,0.0,36.0
4665,70.72835964670826,20.85258920983601,1.0,0.0,36.0
4666,70.72980822308395,20.857492243301845,1.0,0.0,36.0
4667,70.73001563258141,20.839296571212405,1.0,0.0,36.0
4668,70.72226065459753,20.839192448141624,1.0,0.0,36.0
4669,70.71754615723424,20.874944819583515,1.0,0.0,36.0
4670,70.76200299667948,20.853572879961416,1.0,0.0,36.0
4671,70.71626933085818,20.87100452246662,1.0,0.0,36.0
4672,70.7207947931973,20.84616252274108,1.0,0.0,36.0
4673,70.73087501068719,20.85404043930553,1.0,0.0,36.0
4674,70.7494795804574,20.86527102515645,1.0,0.0,36.0
4675,70.71588728610052,20.846859074536237,1.0,0.0,36.0
4676,70.74250284271933,20.8578344982779,1.0,0.0,36.0
4677,70.72342282608858,20.873331741653775,1.0,0.0,36.0
4678,70.7302602776326,20.84430018968933,1.0,0.0,36.0
4679,70.73536332673162,20.8801842848797,1.0,0.0,36.0
4680,70.77537422523206,20.843127992051908,1.0,0.0,36.0
4681,70.75491683492214,20.85791367030317,1.0,0.0,36.0
4682,70.71645680810583,20.849499485206454,1.0,0.0,36.0
4683,70.72634408728803,20.85732296408177,1.0,0.0,36.0
4684,70.73615014563703,20.86229666843917,1.0,0.0,36.0
4685,70.73891820520758,20.8434621585248,1.0,0.0,36.0
4686,70.71257943761371,20.83720623731859,1.0,0.0,36.0
4687,70.76591213663515,20.855862646212373,1.0,0.0,36.0
4688,70.74556034152145,20.844068012077265,1.0,0.0,36.0
4689,70.73544771893243,20.801019971844507,1.0,0.0,36.0
4690,70.74563856004775,20.8358394334311,1.0,0.0,36.0
4691,70.72209022025397,20.820239540822072,1.0,0.0,36.0
4692,70.70797942219158,20.84108974899165,1.0,0.0,36.0
4693,70.744537976991,20.844751906955366,1.0,0.0,36.0
4694,70.74583037689895,20.842004090755,1.0,0.0,36.0
4695,70.73811562610643,20.817392398042617,1.0,0.0,36.0
4696,70.73424845437881,20.87106435061937,1.0,0.0,36.0
4697,70.73515705292593,20.828140231196922,1.0,0.0,36.0
4698,70.7620924943295,20.81328626273944,1.0,0.0,36.0
4699,70.72233003664647,20.86509394336388,1.0,0.0,36.0
4700,70.74490281580144,20.834601356992437,1.0,0.0,36.0
4701,70.72872143265867,20.842682035783938,1.0,0.0,36.0
4702,70.73011476139402,20.84055438423569,1.0,0.0,36.0
4703,70.71538234403977,20.848877249997475,1.0,0.0,36.0
4704,70.72617169662537,20.82350996928506,1.0,0.0,36.0
4705,70.71797129567052,20.82114467680282,1.0,0.0,36.0
4706,70.74022815261137,20.840650539711028,1.0,0.0,36.0
4707,70.7309876938061,20.841987964313432,1.0,0.0,36.0
4708,70.76976563602958,20.844605218242922,1.0,0.0,36.0
4709,70.75611042984823,20.818350753443013,1.0,0.0,36.0
4710,70.73856144076589,20.818071255785657,1.0,0.0,36.0
4711,70.74252008952885,20.84795088770814,1.0,0.0,36.0
4712,70.71799190538414,20.857103884651604,1.0,0.0,36.0
4713,70.73892192570476,20.843719155068477,1.0,0.0,36.0
4714,70.72676108965025,20.838963201933286,1.0,0.0,36.0
4715,70.72987864083773,20.85809107831089,1.0,0.0,36.0
4716,70.7113558002718,20.841180494366455,1.0,0.0,36.0
4717,70.73585458562302,20.85046222403683,1.0,0.0,36.0
4718,70.73518262764875,20.839946768972073,1.0,0.0,36.0
4719,70.75424796389055,20.83416753953024,1.0,0.0,36.0
4720,70.73963302773376,20.824355829299108,1.0,0.0,36.0
4721,70.75493418434677,20.85334293570049,1.0,0.0,36.0
4722,70.7449534330104,20.85721094421053,1.0,0.0,36.0
4723,70.74421192291749,20.842177005006207,1.0,0.0,36.0
4724,70.7575925230386,20.840444546373256,1.0,0.0,36.0
4725,70.73639258125866,20.83939090924225,1.0,0.0,36.0
4726,70.7415266349564,20.842053592684476,1.0,0.0,36.0
4727,70.72508808633884,20.853789296482745,1.0,0.0,36.0
4728,70.75618827613843,20.83601968489077,1.0,0.0,36.0
4729,70.72997392671154,20.86463726878808,1.0,0.0,36.0
4730,70.72795362768456,20.85901839388094,1.0,0.0,36.0
4731,70.76065416476595,20.834982036852395,1.0,0.0,36.0
4732,70.73569937958322,20.828030721584092,1.0,0.0,36.0
4733,70.73207183418292,20.861763841747216,1.0,0.0,36.0
4734,70.73667120970863,20.842937781678305,1.0,0.0,36.0
4735,70.76191138246193,20.816875970244194,1.0,0.0,36.0
4736,70.74433653942394,20.869061314108396,1.0,0.0,36.0
4737,70.70175349841627,20.848401452999177,1.0,0.0,36.0
4738,70.74406916497699,20.8645937993744,1.0,0.0,36.0
4739,70.7568668769613,20.844364944770565,1.0,0.0,36.0
4740,70.73943965538287,20.82398241055553,1.0,0.0,36.0
4741,70.74858358903768,20.80711730265597,1.0,0.0,36.0
4742,70.74376084778085,20.87601213227744,1.0,0.0,36.0
4743,70.72965191375202,20.846382820009133,1.0,0.0,36.0
4744,70.76316887456888,20.858771574351625,1.0,0.0,36.0
4745,70.73773063989026,20.864451886606847,1.0,0.0,36.0
4746,70.74833443879308,20.830955627156587,1.0,0.0,36.0
4747,70.74193980745056,20.846504621295523,1.0,0.0,36.0
4748,70.74482804748801,20.833628279872286,1.0,0.0,36.0
4749,70.73404812257893,20.85086290293874,1.0,0.0,36.0
4750,70.71642692570084,20.84375807573821,1.0,0.0,36.0
4751,70.74250724808189,20.829437424360332,1.0,0.0,36.0
4752,70.72539026908652,20.85446783395085,1.0,0.0,36.0
4753,70.71884908856124,20.851043417050864,1.0,0.0,36.0
4754,70.72309506021438,20.83538480562481,1.0,0.0,36.0
4755,70.7236829649116,20.834703181791443,1.0,0.0,36.0
4756,70.72338780273806,20.81224987781855,1.0,0.0,36.0
4757,70.74500981603249,20.870713816822022,1.0,0.0,36.0
4758,70.75351180370298,20.839853655979535,1.0,0.0,36.0
4759,70.75132189971005,20.847724298050817,1.0,0.0,36.0
4760,70.73255165937812,20.8903102317301,1.0,0.0,36.0
4761,70.7382325597514,20.834499061612572,1.0,0.0,36.0
4762,70.72795065356453,20.862533377200513,1.0,0.0,36.0
4763,70.75424671506428,20.8343795933638,1.0,0.0,36.0
4764,70.71838710758551,20.86931731937206,1.0,0.0,36.0
4765,70.7362115288047,20.8634808251487,1.0,0.0,36.0
4766,70.74341331288306,20.830709600073767,1.0,0.0,36.0
4767,70.73584231193819,20.857242668585624,1.0,0.0,36.0
4768,70.75272987534677,20.858703924240828,1.0,0.0,36.0
4769,70.73458983058858,20.818063392636198,1.0,0.0,36.0
4770,70.73600415430033,20.844985903332933,1.0,0.0,36.0
4771,70.7525131680952,20.867995215171504,1.0,0.0,36.0
4772,70.71112857670394,20.787875693727347,1.0,0.0,36.0
4773,70.72927719929666,20.83539988418017,1.0,0.0,36.0
4774,70.70860934935044,20.85548941504831,1.0,0.0,36.0
4775,70.74371963549218,20.85652010880612,1.0,0.0,36.0
4776,70.73482458582757,20.8339583092169,1.0,0.0,36.0
4777,70.73394371089232,20.83150622996049,1.0,0.0,36.0
4778,70.72460354683454,20.842230482498326,1.0,0.0,36.0
4779,70.71113464380055,20.85062877338251,1.0,0.0,36.0
4780,70.72596302796651,20.82713881933143,1.0,0.0,36.0
4781,70.73468601616489,20.841351415186047,1.0,0.0,36.0
4782,70.73728568672959,20.856002960039877,1.0,0.0,36.0
4783,70.74352410308421,20.834354155754607,1.0,0.0,36.0
4784,70.72983662684051,20.83011750000942,1.0,0.0,36.0
4785,70.71356872062636,20.82945315226628,1.0,0.0,36.0
4786,70.75577055176765,20.863804791895607,1.0,0.0,36.0
4787,70.74549983195185,20.842503069544648,1.0,0.0,36.0
4788,70.7426295826478,20.866654020095694,1.0,0.0,36.0
4789,70.75197148426678,20.839984516535953,1.0,0.0,36.0
4790,70.76467761642276,20.845912361462695,1.0,0.0,36.0
4791,70.74973826559759,20.83585239434643,1.0,0.0,36.0
4792,70.74022742528958,20.841630138943863,1.0,0.0,36.0
4793,70.73698819055386,20.847029149813167,1.0,0.0,36.0
4794,70.71437855052675,20.808481318635014,1.0,0.0,36.0
4795,70.728766919706,20.867310842698867,1.0,0.0,36.0
4796,70.73877432791275,20.84717166871704,1.0,0.0,36.0
4797,70.73038426138224,20.828328366086108,1.0,0.0,36.0
4798,70.74557277953815,20.828924771877954,1.0,0.0,36.0
4799,70.72410089101572,20.843894210900995,1.0,0.0,36.0
4800,70.71244959012287,20.849067705618605,1.0,0.0,36.0
4801,70.7187258764734,20.84091267339119,1.0,0.0,36.0
4802,70.76853081703817,20.83067248026473,1.0,0.0,36.0
4803,70.75541867615466,20.82790350413108,1.0,0.0,36.0
4804,70.71236602147644,20.84058620891897,1.0,0.0,36.0
4805,70.74469144399528,20.85095224622657,1.0,0.0,36.0
4806,70.72859464465077,20.851834702377282,1.0,0.0,36.0
4807,70.74608941087416,20.835341624705013,1.0,0.0,36.0
4808,70.74934638629578,20.82659477388467,1.0,0.0,36.0
4809,70.7133789268273,20.843913879812604,1.0,0.0,36.0
4810,70.73734594395252,20.857052041314187,1.0,0.0,36.0
4811,70.73205241058652,20.828974231157222,1.0,0.0,36.0
4812,70.74622411283525,20.87160459549018,1.0,0.0,36.0
4813,70.71265037887837,20.874933182349125,1.0,0.0,36.0
4814,70.73359840580973,20.85987825396117,1.0,0.0,36.0
4815,70.73991176128763,20.850977771009962,1.0,0.0,36.0
4816,70.73733428231053,20.848609186135207,1.0,0.0,36.0
4817,70.72833705307312,20.87667700343449,1.0,0.0,36.0
4818,70.75643079102728,20.816893990245934,1.0,0.0,36.0
4819,70.7113384535635,20.836904874472985,1.0,0.0,36.0
4820,70.73111832946863,20.836267331219133,1.0,0.0,36.0
4821,70.73127901457242,20.827535275777162,1.0,0.0,36.0
4822,70.74003071412318,20.836572990996107,1.0,0.0,36.0
4823,70.73074587398482,20.84485312239699,1.0,0.0,36.0
4824,70.72977920421991,20.863242964821534,1.0,0.0,36.0
4825,70.73493101512594,20.844946244332156,1.0,0.0,36.0
4826,70.73192567729396,20.843219594796498,1.0,0.0,36.0
4827,70.74889278532447,20.8752928998122,1.0,0.0,36.0
4828,70.71900379682103,20.847070469859474,1.0,0.0,36.0
4829,70.7358058255779,20.84209915461111,1.0,0.0,36.0
4830,70.74415208666153,20.829438063351127,1.0,0.0,36.0
4831,70.75813381826768,20.853041382346298,1.0,0.0,36.0
4832,70.73388961078267,20.850743264044194,1.0,0.0,36.0
4833,70.72612757493259,20.817564674734253,1.0,0.0,36.0
4834,70.72009833474546,20.81652106043642,1.0,0.0,36.0
4835,70.7514969252946,20.8588812934545,1.0,0.0,36.0
4836,70.74911682144538,20.862908840095674,1.0,0.0,36.0
4837,70.72152099039572,20.81696847417057,1.0,0.0,36.0
4838,70.75362595507787,20.833857765699598,1.0,0.0,36.0
4839,70.76314889941102,20.859187920709353,1.0,0.0,36.0
4840,70.72335860231436,20.845454474196202,1.0,0.0,36.0
4841,70.72984002984929,20.804141770375626,1.0,0.0,36.0
4842,70.74274903424117,20.866425561365823,1.0,0.0,36.0
4843,70.733557544137,20.851968788950618,1.0,0.0,36.0
4844,70.72266023068326,20.828768393085184,1.0,0.0,36.0
4845,70.72466742311214,20.85197703404324,1.0,0.0,36.0
4846,70.70971595452116,20.837708946966504,1.0,0.0,36.0
4847,70.74489256096928,20.864770710531804,1.0,0.0,36.0
4848,70.73961411133577,20.837985585875522,1.0,0.0,36.0
4849,70.75297693968244,20.8766403348737,1.0,0.0,36.0
4850,70.71818843806162,20.83168356937832,1.0,0.0,36.0
4851,70.73924364061507,20.87033331296076,1.0,0.0,36.0
4852,70.7302640654119,20.840608463011854,1.0,0.0,36.0
4853,70.73072519071813,20.832920063570867,1.0,0.0,36.0
4854,70.74524828562845,20.868714064502154,1.0,0.0,36.0
4855,70.74281566662546,20.84110983638114,1.0,0.0,36.0
4856,70.7267417654039,20.823107111331588,1.0,0.0,36.0
4857,70.74035619598205,20.824330311267236,1.0,0.0,36.0
4858,70.7459599342378,20.882704992711076,1.0,0.0,36.0
4859,70.7251577504256,20.85367334925161,1.0,0.0,36.0
4860,70.76397430837858,20.830705467852404,1.0,0.0,36.0
4861,70.74858983187421,20.856120448215894,1.0,0.0,36.0
4862,70.73577252181089,20.83858539651335,1.0,0.0,36.0
4863,70.7365077002901,20.839183878726622,1.0,0.0,36.0
4864,70.73212060210984,20.864148295658172,1.0,0.0,36.0
4865,70.73767317667135,20.84776592066717,1.0,0.0,36.0
4866,70.73970390706356,20.830144356525725,1.0,0.0,36.0
4867,70.72513350594272,20.85479674930466,1.0,0.0,36.0
4868,70.68892469919469,20.851617955589965,1.0,0.0,36.0
4869,70.75824421243627,20.87607780481847,1.0,0.0,36.0
4870,70.74057784469404,20.840602786897367,1.0,0.0,36.0
4871,70.73294548094853,20.840849948132156,1.0,0.0,36.0
4872,70.71731795281744,20.844145279782875,1.0,0.0,36.0
4873,70.73865292728597,20.820120797189446,1.0,0.0,36.0
4874,70.72424572418072,20.830518039822397,1.0,0.0,36.0
4875,70.74406117773066,20.82646683014209,1.0,0.0,36.0
4876,70.71315172073078,20.82391078454515,1.0,0.0,36.0
4877,70.73237904109712,20.842140724221885,1.0,0.0,36.0
4878,70.74215899716734,20.892702683454146,1.0,0.0,36.0
4879,70.73319024314122,20.842031888570926,1.0,0.0,36.0
4880,70.73781494879717,20.820563923144437,1.0,0.0,36.0
4881,70.77526916016275,20.86527617516231,1.0,0.0,36.0
4882,70.7244954520338,20.846090192549738,1.0,0.0,36.0
4883,70.72088818053645,20.863619265731867,1.0,0.0,36.0
4884,70.74465984415696,20.83513448260725,1.0,0.0,36.0
4885,70.71802434598774,20.861388262492166,1.0,0.0,36.0
4886,70.75092736291043,20.8896572545619,1.0,0.0,36.0
4887,70.7325007551112,20.85770010605716,1.0,0.0,36.0
4888,70.76626066350438,20.80495920582804,1.0,0.0,36.0
4889,70.74237459369344,20.854784983182174,1.0,0.0,36.0
4890,70.771716049145,20.848947186392216,1.0,0.0,36.0
4891,70.74784356294899,20.852578698626832,1.0,0.0,36.0
4892,70.71288884442315,20.84277524997148,1.0,0.0,36.0
4893,70.73150355282455,20.878329576622285,1.0,0.0,36.0
4894,70.75308682482435,20.854666647143812,1.0,0.0,36.0
4895,70.72410572980192,20.882809390512538,1.0,0.0,36.0
4896,70.73737267349554,20.83505793663186,1.0,0.0,36.0
4897,70.72025864631017,20.821227912819303,1.0,0.0,36.0
4898,70.73778639508645,20.847298180828407,1.0,0.0,36.0
4899,70.73687017613577,20.830605619276596,1.0,0.0,36.0
4900,70.72883454555866,20.86352630517515,1.0,0.0,36.0
4901,70.75634446626508,20.831884662047656,1.0,0.0,36.0
4902,70.7444946872792,20.882146574833932,1.0,0.0,36.0
4903,70.7250070729003,20.871750951754873,1.0,0.0,36.0
4904,70.72961767070225,20.806861282762203,1.0,0.0,36.0
4905,70.74034127275654,20.843571234823713,1.0,0.0,36.0
4906,70.74962906242885,20.84074895259221,1.0,0.0,36.0
4907,70.72380072305259,20.82533099245811,1.0,0.0,36.0
4908,70.75209967029521,20.865521974902297,1.0,0.0,36.0
4909,70.76240393280285,20.851422553615787,1.0,0.0,36.0
4910,70.74955210943587,20.859628956346217,1.0,0.0,36.0
4911,70.74854938141581,20.849318798916045,1.0,0.0,36.0
4912,70.72698922191586,20.87234308059336,1.0,0.0,36.0
4913,70.72323955285688,20.83175979732108,1.0,0.0,36.0
4914,70.72335375795873,20.8261798292572,1.0,0.0,36.0
4915,70.75117223608224,20.80686472310718,1.0,0.0,36.0
4916,70.7138008802801,20.84119399238901,1.0,0.0,36.0
4917,70.74535850483345,20.827191843762723,1.0,0.0,36.0
4918,70.75382193811726,20.822481286383272,1.0,0.0,36.0
4919,70.73795260354022,20.860528920182173,1.0,0.0,36.0
4920,70.74115690839088,20.83919395092445,1.0,0.0,36.0
4921,70.72597787609926,20.842343426465114,1.0,0.0,36.0
4922,70.73832851791114,20.86259612248703,1.0,0.0,36.0
4923,70.73845960342263,20.85787341539049,1.0,0.0,36.0
4924,70.73741137388309,20.834562532456328,1.0,0.0,36.0
4925,70.74519874134927,20.82889647312919,1.0,0.0,36.0
4926,70.73456955312717,20.833700757534913,1.0,0.0,36.0
4927,70.74161652886833,20.810351071950834,1.0,0.0,36.0
4928,70.72066850244305,20.866346194716318,1.0,0.0,36.0
4929,70.74766279852575,20.847988133115187,1.0,0.0,36.0
4930,70.72308681759598,20.839301132830872,1.0,0.0,36.0
4931,70.71995543005318,20.871325396074607,1.0,0.0,36.0
4932,70.73856402809216,20.851669780548995,1.0,0.0,36.0
4933,70.72599518982798,20.832941678211604,1.0,0.0,36.0
4934,70.74629621352531,20.860592984032646,1.0,0.0,36.0
4935,70.75230434510532,20.83599729455645,1.0,0.0,36.0
4936,70.7440972743853,20.847592556455908,1.0,0.0,36.0
4937,70.72773607438583,20.827091428217695,1.0,0.0,36.0
4938,70.75788469298391,20.85258651596266,1.0,0.0,36.0
4939,70.72717207989545,20.837516239793185,1.0,0.0,36.0
4940,70.71626848351376,20.842770688181183,1.0,0.0,36.0
4941,70.7326660018629,20.821570574024154,1.0,0.0,36.0
4942,70.74365928301816,20.83836169062945,1.0,0.0,36.0
4943,70.74262269085939,20.843137283001006,1.0,0.0,36.0
4944,70.73173850919628,20.86257444721769,1.0,0.0,36.0
4945,70.73759705813842,20.839798866999445,1.0,0.0,36.0
4946,70.74180307662093,20.83099421239595,1.0,0.0,36.0
4947,70.74644730407634,20.820940250982115,1.0,0.0,36.0
4948,70.74004694077249,20.844405662734815,1.0,0.0,36.0
4949,70.7362348609771,20.852600630527988,1.0,0.0,36.0
4950,70.73626005691061,20.817909001882224,1.0,0.0,36.0
4951,70.69926566360705,20.830262131643213,1.0,0.0,36.0
4952,70.73253306353095,20.858058269233574,1.0,0.0,36.0
4953,70.72581493450097,20.858438865327976,1.0,0.0,36.0
4954,70.75097742118174,20.851097089046842,1.0,0.0,36.0
4955,70.72727702443011,20.840769306052586,1.0,0.0,36.0
4956,70.72380367449455,20.826865242723944,1.0,0.0,36.0
4957,70.74158301268085,20.871280532378975,1.0,0.0,36.0
4958,70.74296077106945,20.878413232470475,1.0,0.0,36.0
4959,70.74367867618244,20.834814317247716,1.0,0.0,36.0
4960,70.71763192514939,20.83959614511286,1.0,0.0,36.0
4961,70.74501683480138,20.79457218203558,1.0,0.0,36.0
4962,70.73525546894508,20.843692729087255,1.0,0.0,36.0
4963,70.72735738209802,20.85813170688852,1.0,0.0,36.0
4964,70.73941904200714,20.86283439875262,1.0,0.0,36.0
4965,70.74749466095575,20.846452176408523,1.0,0.0,36.0
4966,70.71696427793336,20.840321840213385,1.0,0.0,36.0
4967,70.75401837052175,20.791160485097176,1.0,0.0,36.0
4968,70.74270979993183,20.85832367847898,1.0,0.0,36.0
4969,70.72205878250413,20.847215278297664,1.0,0.0,36.0
4970,70.72171475451935,20.83624629419324,1.0,0.0,36.0
4971,70.72701310394534,20.867005289093882,1.0,0.0,36.0
4972,70.74751638735923,20.84434897260151,1.0,0.0,36.0
4973,70.73348660962753,20.890049617013236,1.0,0.0,36.0
4974,70.74720069627284,20.863991384245498,1.0,0.0,36.0
4975,70.7246637773134,20.845256919542344,1.0,0.0,36.0
4976,70.73663950377768,20.843945230874628,1.0,0.0,36.0
4977,70.73569632586184,20.843005719835347,1.0,0.0,36.0
4978,70.72386624735003,20.8299340355804,1.0,0.0,36.0
4979,70.75926279533319,20.82798655885018,1.0,0.0,36.0
4980,70.71344713105584,20.856037822715336,1.0,0.0,36.0
4981,70.7329522410667,20.84465843380271,1.0,0.0,36.0
4982,70.73969985851572,20.8181893617629,1.0,0.0,36.0
4983,70.73219693339753,20.857735024472557,1.0,0.0,36.0
4984,70.71487297267305,20.853271582796143,1.0,0.0,36.0
4985,70.72158510624307,20.834899548896175,1.0,0.0,36.0
4986,70.73007071604586,20.840232512002327,1.0,0.0,36.0
4987,70.75136013483795,20.8483742604994,1.0,0.0,36.0
4988,70.72596039244355,20.852756375121082,1.0,0.0,36.0
4989,70.74102298945897,20.847442756025213,1.0,0.0,36.0
4990,70.70739759947486,20.839731944491923,1.0,0.0,36.0
4991,70.73566251395796,20.83039139481453,1.0,0.0,36.0
4992,70.7355750411245,20.825918728317607,1.0,0.0,36.0
4993,70.72505638051473,20.87763020082024,1.0,0.0,36.0
4994,70.70659481424258,20.865516945958653,1.0,0.0,36.0
4995,70.74352306914791,20.85246985873425,1.0,0.0,36.0
4996,70.71273972521891,20.84031511942857,1.0,0.0,36.0
4997,70.71425199322175,20.860715592347,1.0,0.0,36.0
4998,70.72873631883378,20.839247425604363,1.0,0.0,36.0
4999,70.72766994435268,20.866485579246255,1.0,0.0,36.0
